{
	"credit": "Made with Blockbench",
	"textures": {
		"0": "block/anvil",
		"1": "block/iron_bars",
		"2": "block/gray_concrete",
		"4": "block/white_concrete",
		"6": "block/red_concrete",
		"8": "block/lime_concrete",
		"9": "block/coal_block",
		"10": "block/yellow_concrete",
		"particle": "block/anvil"
	},
	"elements": [
		{
			"from": [0, 0, 0],
			"to": [16, 2.5, 16],
			"faces": {
				"north": {"uv": [0, 0, 16, 2.5], "texture": "#2"},
				"east": {"uv": [0, 0, 16, 2.5], "texture": "#2"},
				"south": {"uv": [0, 0, 16, 2.5], "texture": "#2"},
				"west": {"uv": [0, 0, 16, 2.5], "texture": "#2"},
				"up": {"uv": [0, 0, 16, 16], "texture": "#2"},
				"down": {"uv": [0, 0, 16, 16], "texture": "#2"}
			}
		},
		{
			"from": [1.06568, 2.49243, 1],
			"to": [14.96568, 5.49243, 15],
			"rotation": {"angle": 0, "axis": "y", "origin": [9.06568, 9.99243, 22]},
			"faces": {
				"north": {"uv": [1, 9, 15, 10], "texture": "#4"},
				"east": {"uv": [1, 15, 15, 16], "texture": "#4"},
				"south": {"uv": [1, 9, 15, 10], "texture": "#4"},
				"west": {"uv": [1, 1, 15, 2], "texture": "#4"},
				"up": {"uv": [1, 1, 15, 15], "texture": "#4"},
				"down": {"uv": [0, 0, 14, 14], "texture": "#4"}
			}
		},
		{
			"from": [6.06568, 5.49243, 1],
			"to": [14.56568, 7.49243, 15],
			"rotation": {"angle": 0, "axis": "y", "origin": [9.06568, 12.99243, 22]},
			"faces": {
				"north": {"uv": [1, 9, 15, 10], "texture": "#4"},
				"east": {"uv": [1, 15, 15, 16], "texture": "#4"},
				"south": {"uv": [1, 9, 15, 10], "texture": "#4"},
				"west": {"uv": [1, 1, 15, 2], "texture": "#4"},
				"up": {"uv": [1, 1, 15, 15], "texture": "#4"},
				"down": {"uv": [0, 0, 14, 14], "texture": "#4"}
			}
		},
		{
			"from": [11.06568, 7.49243, 1],
			"to": [14.56568, 9.49243, 15],
			"rotation": {"angle": 0, "axis": "y", "origin": [9.06568, 14.99243, 22]},
			"faces": {
				"north": {"uv": [1, 9, 15, 10], "texture": "#4"},
				"east": {"uv": [1, 15, 15, 16], "texture": "#4"},
				"south": {"uv": [1, 9, 15, 10], "texture": "#4"},
				"west": {"uv": [1, 1, 15, 2], "texture": "#4"},
				"up": {"uv": [1, 1, 15, 15], "texture": "#4"},
				"down": {"uv": [0, 0, 14, 14], "texture": "#4"}
			}
		},
		{
			"from": [3.90087, 7.23898, 1],
			"to": [17.86087, 9.23898, 15],
			"rotation": {"angle": 22.5, "axis": "z", "origin": [11.90087, 0.23898, 8.1]},
			"faces": {
				"north": {"uv": [0, 0, 14, 1], "rotation": 180, "texture": "#4"},
				"east": {"uv": [2, 14, 14, 15], "rotation": 270, "texture": "#4"},
				"south": {"uv": [0, 0, 14, 1], "texture": "#4"},
				"west": {"uv": [0, 1, 1, 15], "rotation": 90, "texture": "#4"},
				"up": {"uv": [2, 2, 14, 14], "rotation": 180, "texture": "#4"},
				"down": {"uv": [0, 0, 14, 14], "texture": "#4"}
			}
		},
		{
			"from": [13.96568, 5.49243, 1],
			"to": [14.96568, 10.84243, 15],
			"rotation": {"angle": 0, "axis": "y", "origin": [21.96568, 12.49243, 22]},
			"faces": {
				"north": {"uv": [0, 8, 1, 13.9], "texture": "#4"},
				"east": {"uv": [1, 3, 15, 8.9], "texture": "#4"},
				"south": {"uv": [0, 0, 1, 5.9], "texture": "#4"},
				"west": {"uv": [0, 0, 14, 5.9], "texture": "#4"},
				"up": {"uv": [1, 0, 15, 1], "rotation": 270, "texture": "#4"},
				"down": {"uv": [0, 0, 14, 1], "rotation": 90, "texture": "#4"}
			}
		},
		{
			"from": [9.62481, 8.94524, 6],
			"to": [14.62481, 9.44524, 14],
			"rotation": {"angle": 22.5, "axis": "z", "origin": [10.02448, 5.8134, 19]},
			"faces": {
				"north": {"uv": [0, 0, 0.5, 5], "rotation": 270, "texture": "#2"},
				"east": {"uv": [0, 0, 8, 0.5], "texture": "#2"},
				"south": {"uv": [0, 0, 0.5, 5], "rotation": 90, "texture": "#2"},
				"west": {"uv": [0, 0, 8, 0.5], "rotation": 180, "texture": "#2"},
				"up": {"uv": [0, 0, 8, 5], "rotation": 90, "texture": "#2"},
				"down": {"uv": [0, 0, 8, 5], "rotation": 90, "texture": "#2"}
			}
		},
		{
			"from": [10.5, 9, 3],
			"to": [11, 11, 4],
			"rotation": {"angle": 0, "axis": "y", "origin": [20, 17, 18]},
			"faces": {
				"north": {"uv": [2, 4, 2.5, 6], "texture": "#1"},
				"east": {"uv": [2, 3, 3, 5], "texture": "#1"},
				"south": {"uv": [2, 4, 2.5, 6], "texture": "#1"},
				"west": {"uv": [2, 3, 3, 5], "texture": "#1"},
				"up": {"uv": [0, 0, 1, 0.5], "rotation": 270, "texture": "#1"},
				"down": {"uv": [0, 0, 1, 0.5], "rotation": 90, "texture": "#1"}
			}
		},
		{
			"from": [10.5, 11, 1.25],
			"to": [11, 14, 5.75],
			"rotation": {"angle": 0, "axis": "y", "origin": [20, 19, 18]},
			"faces": {
				"north": {"uv": [0, 0, 0.5, 3], "texture": "#2"},
				"east": {"uv": [0, 0, 4.5, 3], "texture": "#2"},
				"south": {"uv": [0, 0, 0.5, 3], "texture": "#2"},
				"west": {"uv": [0, 0, 4.5, 3], "texture": "#2"},
				"up": {"uv": [0, 0, 4.5, 0.5], "rotation": 270, "texture": "#2"},
				"down": {"uv": [0, 0, 4.5, 0.5], "rotation": 90, "texture": "#2"}
			}
		},
		{
			"from": [4.17816, 8.3, 12],
			"to": [5.17816, 8.8, 13],
			"rotation": {"angle": 22.5, "axis": "z", "origin": [9.02384, 2.86181, 12]},
			"faces": {
				"north": {"uv": [0, 0, 0.5, 1], "rotation": 270, "texture": "#8"},
				"east": {"uv": [0, 0, 1, 0.5], "texture": "#8"},
				"south": {"uv": [0, 0, 0.5, 1], "rotation": 90, "texture": "#8"},
				"west": {"uv": [0, 0, 1, 0.5], "rotation": 180, "texture": "#8"},
				"up": {"uv": [0, 0, 16, 16], "rotation": 90, "texture": "#8"},
				"down": {"uv": [0, 0, 1, 1], "rotation": 90, "texture": "#8"}
			}
		},
		{
			"from": [5.50229, 8.5, 12],
			"to": [6.50229, 9, 13],
			"rotation": {"angle": 22.5, "axis": "z", "origin": [9.42409, 3.48164, 12]},
			"faces": {
				"north": {"uv": [0, 0, 0.5, 1], "rotation": 270, "texture": "#6"},
				"east": {"uv": [0, 0, 1, 0.5], "texture": "#6"},
				"south": {"uv": [0, 0, 0.5, 1], "rotation": 90, "texture": "#6"},
				"west": {"uv": [0, 0, 1, 0.5], "rotation": 180, "texture": "#6"},
				"up": {"uv": [0, 0, 16, 16], "rotation": 90, "texture": "#6"},
				"down": {"uv": [0, 0, 1, 1], "rotation": 90, "texture": "#6"}
			}
		},
		{
			"from": [5.50229, 8.5, 3],
			"to": [6.50229, 9, 4],
			"rotation": {"angle": 22.5, "axis": "z", "origin": [9.42409, 3.48164, 12]},
			"faces": {
				"north": {"uv": [0, 0, 0.5, 1], "rotation": 270, "texture": "#9"},
				"east": {"uv": [0, 0, 1, 0.5], "texture": "#9"},
				"south": {"uv": [0, 0, 0.5, 1], "rotation": 90, "texture": "#9"},
				"west": {"uv": [0, 0, 1, 0.5], "rotation": 180, "texture": "#9"},
				"up": {"uv": [0, 0, 16, 16], "rotation": 90, "texture": "#9"},
				"down": {"uv": [0, 0, 1, 1], "rotation": 90, "texture": "#9"}
			}
		},
		{
			"from": [7, 8.5, 3],
			"to": [8, 9, 4],
			"rotation": {"angle": 22.5, "axis": "z", "origin": [9.42409, 3.48164, 12]},
			"faces": {
				"north": {"uv": [0, 0, 0.5, 1], "rotation": 270, "texture": "#9"},
				"east": {"uv": [0, 0, 1, 0.5], "texture": "#9"},
				"south": {"uv": [0, 0, 0.5, 1], "rotation": 90, "texture": "#9"},
				"west": {"uv": [0, 0, 1, 0.5], "rotation": 180, "texture": "#9"},
				"up": {"uv": [0, 0, 16, 16], "rotation": 90, "texture": "#9"},
				"down": {"uv": [0, 0, 1, 1], "rotation": 90, "texture": "#9"}
			}
		},
		{
			"from": [7, 8.6, 12],
			"to": [8, 9.1, 13],
			"rotation": {"angle": 22.5, "axis": "z", "origin": [9.42409, 3.48164, 12]},
			"faces": {
				"north": {"uv": [0, 0, 0.5, 1], "rotation": 270, "texture": "#9"},
				"east": {"uv": [0, 0, 1, 0.5], "texture": "#9"},
				"south": {"uv": [0, 0, 0.5, 1], "rotation": 90, "texture": "#9"},
				"west": {"uv": [0, 0, 1, 0.5], "rotation": 180, "texture": "#9"},
				"up": {"uv": [0, 0, 16, 16], "rotation": 90, "texture": "#9"},
				"down": {"uv": [0, 0, 1, 1], "rotation": 90, "texture": "#9"}
			}
		},
		{
			"from": [7, 8.6, 10.5],
			"to": [8, 9.1, 11.5],
			"rotation": {"angle": 22.5, "axis": "z", "origin": [9.42409, 3.48164, 12]},
			"faces": {
				"north": {"uv": [0, 0, 0.5, 1], "rotation": 270, "texture": "#9"},
				"east": {"uv": [0, 0, 1, 0.5], "texture": "#9"},
				"south": {"uv": [0, 0, 0.5, 1], "rotation": 90, "texture": "#9"},
				"west": {"uv": [0, 0, 1, 0.5], "rotation": 180, "texture": "#9"},
				"up": {"uv": [0, 0, 16, 16], "rotation": 90, "texture": "#9"},
				"down": {"uv": [0, 0, 1, 1], "rotation": 90, "texture": "#9"}
			}
		},
		{
			"from": [7, 8.6, 7.5],
			"to": [8, 9.1, 8.5],
			"rotation": {"angle": 22.5, "axis": "z", "origin": [9.42409, 3.48164, 12]},
			"faces": {
				"north": {"uv": [0, 0, 0.5, 1], "rotation": 270, "texture": "#9"},
				"east": {"uv": [0, 0, 1, 0.5], "texture": "#9"},
				"south": {"uv": [0, 0, 0.5, 1], "rotation": 90, "texture": "#9"},
				"west": {"uv": [0, 0, 1, 0.5], "rotation": 180, "texture": "#9"},
				"up": {"uv": [0, 0, 16, 16], "rotation": 90, "texture": "#9"},
				"down": {"uv": [0, 0, 1, 1], "rotation": 90, "texture": "#9"}
			}
		},
		{
			"from": [7, 8.6, 4.5],
			"to": [8, 9.1, 5.5],
			"rotation": {"angle": 22.5, "axis": "z", "origin": [9.42409, 3.48164, 12]},
			"faces": {
				"north": {"uv": [0, 0, 0.5, 1], "rotation": 270, "texture": "#9"},
				"east": {"uv": [0, 0, 1, 0.5], "texture": "#9"},
				"south": {"uv": [0, 0, 0.5, 1], "rotation": 90, "texture": "#9"},
				"west": {"uv": [0, 0, 1, 0.5], "rotation": 180, "texture": "#9"},
				"up": {"uv": [0, 0, 16, 16], "rotation": 90, "texture": "#9"},
				"down": {"uv": [0, 0, 1, 1], "rotation": 90, "texture": "#9"}
			}
		},
		{
			"from": [7, 8.5, 9],
			"to": [8, 9, 10],
			"rotation": {"angle": 22.5, "axis": "z", "origin": [9.42409, 3.48164, 12]},
			"faces": {
				"north": {"uv": [0, 0, 0.5, 1], "rotation": 270, "texture": "#9"},
				"east": {"uv": [0, 0, 1, 0.5], "texture": "#9"},
				"south": {"uv": [0, 0, 0.5, 1], "rotation": 90, "texture": "#9"},
				"west": {"uv": [0, 0, 1, 0.5], "rotation": 180, "texture": "#9"},
				"up": {"uv": [0, 0, 16, 16], "rotation": 90, "texture": "#9"},
				"down": {"uv": [0, 0, 1, 1], "rotation": 90, "texture": "#9"}
			}
		},
		{
			"from": [7, 8.5, 6],
			"to": [8, 9, 7],
			"rotation": {"angle": 22.5, "axis": "z", "origin": [9.42409, 3.48164, 12]},
			"faces": {
				"north": {"uv": [0, 0, 0.5, 1], "rotation": 270, "texture": "#9"},
				"east": {"uv": [0, 0, 1, 0.5], "texture": "#9"},
				"south": {"uv": [0, 0, 0.5, 1], "rotation": 90, "texture": "#9"},
				"west": {"uv": [0, 0, 1, 0.5], "rotation": 180, "texture": "#9"},
				"up": {"uv": [0, 0, 16, 16], "rotation": 90, "texture": "#9"},
				"down": {"uv": [0, 0, 1, 1], "rotation": 90, "texture": "#9"}
			}
		},
		{
			"from": [5.50229, 8.5, 6],
			"to": [6.50229, 9, 7],
			"rotation": {"angle": 22.5, "axis": "z", "origin": [9.42409, 3.48164, 12]},
			"faces": {
				"north": {"uv": [0, 0, 0.5, 1], "rotation": 270, "texture": "#9"},
				"east": {"uv": [0, 0, 1, 0.5], "texture": "#9"},
				"south": {"uv": [0, 0, 0.5, 1], "rotation": 90, "texture": "#9"},
				"west": {"uv": [0, 0, 1, 0.5], "rotation": 180, "texture": "#9"},
				"up": {"uv": [0, 0, 16, 16], "rotation": 90, "texture": "#9"},
				"down": {"uv": [0, 0, 1, 1], "rotation": 90, "texture": "#9"}
			}
		},
		{
			"from": [5.88497, 8.46, 7.5],
			"to": [6.88497, 8.96, 8.5],
			"rotation": {"angle": 22.5, "axis": "z", "origin": [9.42409, 2.48164, 13.5]},
			"faces": {
				"north": {"uv": [0, 0, 0.5, 1], "rotation": 270, "texture": "#9"},
				"east": {"uv": [0, 0, 1, 0.5], "texture": "#9"},
				"south": {"uv": [0, 0, 0.5, 1], "rotation": 90, "texture": "#9"},
				"west": {"uv": [0, 0, 1, 0.5], "rotation": 180, "texture": "#9"},
				"up": {"uv": [0, 0, 16, 16], "rotation": 90, "texture": "#9"},
				"down": {"uv": [0, 0, 1, 1], "rotation": 90, "texture": "#9"}
			}
		},
		{
			"from": [5.50229, 8.5, 9],
			"to": [6.50229, 9, 10],
			"rotation": {"angle": 22.5, "axis": "z", "origin": [9.42409, 3.48164, 12]},
			"faces": {
				"north": {"uv": [0, 0, 0.5, 1], "rotation": 270, "texture": "#9"},
				"east": {"uv": [0, 0, 1, 0.5], "texture": "#9"},
				"south": {"uv": [0, 0, 0.5, 1], "rotation": 90, "texture": "#9"},
				"west": {"uv": [0, 0, 1, 0.5], "rotation": 180, "texture": "#9"},
				"up": {"uv": [0, 0, 16, 16], "rotation": 90, "texture": "#9"},
				"down": {"uv": [0, 0, 1, 1], "rotation": 90, "texture": "#9"}
			}
		},
		{
			"from": [5.50229, 8.5, 4.5],
			"to": [6.50229, 9, 5.5],
			"rotation": {"angle": 22.5, "axis": "z", "origin": [9.42409, 3.48164, 11.5]},
			"faces": {
				"north": {"uv": [0, 0, 0.5, 1], "rotation": 270, "texture": "#9"},
				"east": {"uv": [0, 0, 1, 0.5], "texture": "#9"},
				"south": {"uv": [0, 0, 0.5, 1], "rotation": 90, "texture": "#9"},
				"west": {"uv": [0, 0, 1, 0.5], "rotation": 180, "texture": "#9"},
				"up": {"uv": [0, 0, 16, 16], "rotation": 90, "texture": "#9"},
				"down": {"uv": [0, 0, 1, 1], "rotation": 90, "texture": "#9"}
			}
		},
		{
			"from": [4.17816, 8.3, 6],
			"to": [5.17816, 8.8, 10],
			"rotation": {"angle": 22.5, "axis": "z", "origin": [9.02384, 2.86181, 12]},
			"faces": {
				"north": {"uv": [0, 0, 0.5, 1], "rotation": 270, "texture": "#9"},
				"east": {"uv": [0, 0, 1, 0.5], "texture": "#9"},
				"south": {"uv": [0, 0, 0.5, 1], "rotation": 90, "texture": "#9"},
				"west": {"uv": [0, 0, 1, 0.5], "rotation": 180, "texture": "#9"},
				"up": {"uv": [0, 0, 16, 16], "rotation": 90, "texture": "#9"},
				"down": {"uv": [0, 0, 1, 1], "rotation": 90, "texture": "#9"}
			}
		},
		{
			"from": [4.17816, 8.3, 10.5],
			"to": [5.17816, 8.8, 11.5],
			"rotation": {"angle": 22.5, "axis": "z", "origin": [9.02384, 2.86181, 12]},
			"faces": {
				"north": {"uv": [0, 0, 0.5, 1], "rotation": 270, "texture": "#9"},
				"east": {"uv": [0, 0, 1, 0.5], "texture": "#9"},
				"south": {"uv": [0, 0, 0.5, 1], "rotation": 90, "texture": "#9"},
				"west": {"uv": [0, 0, 1, 0.5], "rotation": 180, "texture": "#9"},
				"up": {"uv": [0, 0, 16, 16], "rotation": 90, "texture": "#9"},
				"down": {"uv": [0, 0, 1, 1], "rotation": 90, "texture": "#9"}
			}
		},
		{
			"from": [6.65034, 8.3, 10.5],
			"to": [7.65034, 8.8, 11.5],
			"rotation": {"angle": 22.5, "axis": "z", "origin": [9.42409, 0.48164, 12]},
			"faces": {
				"north": {"uv": [0, 0, 0.5, 1], "rotation": 270, "texture": "#9"},
				"east": {"uv": [0, 0, 1, 0.5], "texture": "#9"},
				"south": {"uv": [0, 0, 0.5, 1], "rotation": 90, "texture": "#9"},
				"west": {"uv": [0, 0, 1, 0.5], "rotation": 180, "texture": "#9"},
				"up": {"uv": [0, 0, 16, 16], "rotation": 90, "texture": "#9"},
				"down": {"uv": [0, 0, 1, 1], "rotation": 90, "texture": "#9"}
			}
		},
		{
			"from": [4.17816, 8.3, 4.5],
			"to": [5.17816, 8.8, 5.5],
			"rotation": {"angle": 22.5, "axis": "z", "origin": [9.02384, 2.86181, 12]},
			"faces": {
				"north": {"uv": [0, 0, 0.5, 1], "rotation": 270, "texture": "#9"},
				"east": {"uv": [0, 0, 1, 0.5], "texture": "#9"},
				"south": {"uv": [0, 0, 0.5, 1], "rotation": 90, "texture": "#9"},
				"west": {"uv": [0, 0, 1, 0.5], "rotation": 180, "texture": "#9"},
				"up": {"uv": [0, 0, 16, 16], "rotation": 90, "texture": "#9"},
				"down": {"uv": [0, 0, 1, 1], "rotation": 90, "texture": "#9"}
			}
		},
		{
			"from": [4.17816, 8.3, 3],
			"to": [5.17816, 8.8, 4],
			"rotation": {"angle": 22.5, "axis": "z", "origin": [9.02384, 2.86181, 12]},
			"faces": {
				"north": {"uv": [0, 0, 0.5, 1], "rotation": 270, "texture": "#9"},
				"east": {"uv": [0, 0, 1, 0.5], "texture": "#9"},
				"south": {"uv": [0, 0, 0.5, 1], "rotation": 90, "texture": "#9"},
				"west": {"uv": [0, 0, 1, 0.5], "rotation": 180, "texture": "#9"},
				"up": {"uv": [0, 0, 16, 16], "rotation": 90, "texture": "#9"},
				"down": {"uv": [0, 0, 1, 1], "rotation": 90, "texture": "#9"}
			}
		},
		{
			"from": [0.5, 3, 2],
			"to": [1, 5, 14],
			"rotation": {"angle": 0, "axis": "y", "origin": [10, 11, 8]},
			"faces": {
				"north": {"uv": [0, 0, 0.5, 2], "texture": "#0"},
				"east": {"uv": [0, 0, 12, 2], "texture": "#0"},
				"south": {"uv": [0, 0, 0.5, 2], "texture": "#0"},
				"west": {"uv": [1, 0, 15, 2], "texture": "#0"},
				"up": {"uv": [0, 0, 12, 0.5], "rotation": 270, "texture": "#0"},
				"down": {"uv": [0, 0, 12, 0.5], "rotation": 90, "texture": "#0"}
			}
		},
		{
			"from": [0, 3.75, 7],
			"to": [0.5, 4.25, 9],
			"rotation": {"angle": 0, "axis": "y", "origin": [15, 12, 8]},
			"faces": {
				"north": {"uv": [2, 1, 2.5, 1.5], "texture": "#1"},
				"east": {"uv": [0, 0, 2, 0.5], "texture": "#1"},
				"south": {"uv": [2, 2, 2.5, 2.5], "texture": "#1"},
				"west": {"uv": [3, 2, 5, 2.5], "texture": "#1"},
				"up": {"uv": [3, 3, 5, 3.5], "rotation": 270, "texture": "#1"},
				"down": {"uv": [3, 2, 5, 2.5], "rotation": 90, "texture": "#1"}
			}
		},
		{
			"from": [15, 6.75, 5],
			"to": [15.5, 7.25, 11],
			"rotation": {"angle": 0, "axis": "y", "origin": [13, 15, 23]},
			"faces": {
				"north": {"uv": [0, 0, 0.5, 0.5], "texture": "#10"},
				"east": {"uv": [0, 0, 6, 0.5], "texture": "#10"},
				"south": {"uv": [0, 0, 0.5, 0.5], "texture": "#10"},
				"west": {"uv": [0, 0, 6, 0.5], "texture": "#10"},
				"up": {"uv": [0, 0, 6, 0.5], "rotation": 270, "texture": "#10"},
				"down": {"uv": [0, 0, 6, 0.5], "rotation": 90, "texture": "#10"}
			}
		},
		{
			"from": [15, 7.5, 5],
			"to": [15.5, 8, 11],
			"rotation": {"angle": 0, "axis": "y", "origin": [13, 16, 23]},
			"faces": {
				"north": {"uv": [0, 0, 0.5, 0.5], "texture": "#10"},
				"east": {"uv": [0, 0, 6, 0.5], "texture": "#10"},
				"south": {"uv": [0, 0, 0.5, 0.5], "texture": "#10"},
				"west": {"uv": [0, 0, 6, 0.5], "texture": "#10"},
				"up": {"uv": [0, 0, 6, 0.5], "rotation": 270, "texture": "#10"},
				"down": {"uv": [0, 0, 6, 0.5], "rotation": 90, "texture": "#10"}
			}
		}
	],
	"display": {
		"thirdperson_righthand": {
			"rotation": [10, 0, 0],
			"translation": [0.25, -0.5, -1.75],
			"scale": [0.4, 0.4, 0.4]
		},
		"thirdperson_lefthand": {
			"rotation": [10, 0, 0],
			"translation": [0.25, -0.5, -1.75],
			"scale": [0.4, 0.4, 0.4]
		},
		"firstperson_righthand": {
			"translation": [0.75, 1.25, 0],
			"scale": [0.5, 0.5, 0.5]
		},
		"firstperson_lefthand": {
			"translation": [0.75, 1.25, 0],
			"scale": [0.5, 0.5, 0.5]
		},
		"ground": {
			"scale": [0.4, 0.4, 0.4]
		},
		"gui": {
			"rotation": [45, 135, 0],
			"translation": [0, 1.25, 0],
			"scale": [0.6, 0.6, 0.6]
		},
		"fixed": {
			"rotation": [-90, 0, 0],
			"translation": [0, -0.25, -4],
			"scale": [0.6, 0.6, 0.6]
		}
	},
	"groups": [
		{
			"name": "base",
			"origin": [8, 8, 8],
			"children": [0]
		},
		{
			"name": "base ferrosa",
			"origin": [8, 8, 8],
			"children": [1, 2, 3, 4, 5]
		},
		{
			"name": "schermo",
			"origin": [8, 8, 8],
			"children": [6]
		},
		{
			"name": "conto",
			"origin": [8, 8, 8],
			"children": [7, 8]
		},
		{
			"name": "tasti",
			"origin": [8, 8, 8],
			"children": [9, 10, 11, 12, 13, 14, 15, 16, 17, 18, 19, 20, 21, 22, 23, 24, 25, 26, 27]
		},
		{
			"name": "uscita soldi",
			"origin": [8, 8, 8],
			"children": [28, 29]
		},
		{
			"name": "credit",
			"origin": [8, 8, 8],
			"children": [30, 31]
		}
	]
}