{
	"credit": "Made with Blockbench",
	"textures": {
		"0": "block/stripped_oak_log",
		"1": "block/oak_planks",
		"2": "block/anvil",
		"3": "block/black_concrete",
		"4": "item/book",
		"particle": "block/stripped_oak_log"
	},
	"elements": [
		{
			"from": [14.98633, 10.98633, 2],
			"to": [15.98633, 11.98633, 14],
			"rotation": {"angle": 0, "axis": "y", "origin": [7.98633, 8.98633, 8]},
			"faces": {
				"north": {"uv": [0, 0, 1, 1], "texture": "#2"},
				"east": {"uv": [0, 0, 12, 1], "texture": "#2"},
				"south": {"uv": [0, 0, 1, 1], "texture": "#2"},
				"west": {"uv": [0, 0, 12, 1], "texture": "#2"},
				"up": {"uv": [0, 0, 1, 12], "texture": "#2"},
				"down": {"uv": [0, 0, 1, 12], "texture": "#2"}
			}
		},
		{
			"from": [2, 14, 1],
			"to": [14, 15, 2],
			"faces": {
				"north": {"uv": [0, 0, 16, 1], "texture": "#2"},
				"east": {"uv": [0, 0, 1, 1], "texture": "#2"},
				"south": {"uv": [0, 0, 16, 1], "texture": "#2"},
				"west": {"uv": [0, 0, 1, 1], "texture": "#2"},
				"up": {"uv": [0, 0, 12, 1], "texture": "#2"},
				"down": {"uv": [0, 0, 16, 1], "texture": "#2"}
			}
		},
		{
			"from": [2, 14, 14],
			"to": [14, 15, 15],
			"faces": {
				"north": {"uv": [0, 0, 16, 1], "texture": "#2"},
				"east": {"uv": [0, 0, 1, 1], "texture": "#2"},
				"south": {"uv": [0, 0, 16, 1], "texture": "#2"},
				"west": {"uv": [0, 0, 1, 1], "texture": "#2"},
				"up": {"uv": [0, 0, 12, 1], "texture": "#2"},
				"down": {"uv": [0, 0, 16, 1], "texture": "#2"}
			}
		},
		{
			"from": [-2.21163, 16.14594, 1],
			"to": [-1.21163, 17.14594, 2],
			"rotation": {"angle": 22.5, "axis": "z", "origin": [5.78837, 24.14594, 9]},
			"faces": {
				"north": {"uv": [0, 0, 1, 1], "texture": "#2"},
				"east": {"uv": [0, 0, 1, 1], "texture": "#2"},
				"south": {"uv": [0, 0, 1, 1], "texture": "#2"},
				"west": {"uv": [0, 0, 1, 1], "texture": "#2"},
				"up": {"uv": [0, 0, 1, 1], "texture": "#2"},
				"down": {"uv": [0, 0, 1, 1], "texture": "#2"}
			}
		},
		{
			"from": [-2.21163, 16.14594, 14],
			"to": [-1.21163, 17.14594, 15],
			"rotation": {"angle": 22.5, "axis": "z", "origin": [5.78837, 24.14594, 9]},
			"faces": {
				"north": {"uv": [0, 0, 1, 1], "texture": "#2"},
				"east": {"uv": [0, 0, 1, 1], "texture": "#2"},
				"south": {"uv": [0, 0, 1, 1], "texture": "#2"},
				"west": {"uv": [0, 0, 1, 1], "texture": "#2"},
				"up": {"uv": [0, 0, 1, 1], "texture": "#2"},
				"down": {"uv": [0, 0, 1, 1], "texture": "#2"}
			}
		},
		{
			"from": [-6.92388, 16.51681, 1],
			"to": [-5.92388, 17.51681, 2],
			"rotation": {"angle": 45, "axis": "z", "origin": [1.07612, 24.51681, 9]},
			"faces": {
				"north": {"uv": [0, 0, 1, 1], "texture": "#2"},
				"east": {"uv": [0, 0, 1, 1], "texture": "#2"},
				"south": {"uv": [0, 0, 1, 1], "texture": "#2"},
				"west": {"uv": [0, 0, 1, 1], "texture": "#2"},
				"up": {"uv": [0, 0, 1, 1], "texture": "#2"},
				"down": {"uv": [0, 0, 1, 1], "texture": "#2"}
			}
		},
		{
			"from": [-6.92388, 16.51681, 14],
			"to": [-5.92388, 17.51681, 15],
			"rotation": {"angle": 45, "axis": "z", "origin": [1.07612, 24.51681, 9]},
			"faces": {
				"north": {"uv": [0, 0, 1, 1], "texture": "#2"},
				"east": {"uv": [0, 0, 1, 1], "texture": "#2"},
				"south": {"uv": [0, 0, 1, 1], "texture": "#2"},
				"west": {"uv": [0, 0, 1, 1], "texture": "#2"},
				"up": {"uv": [0, 0, 1, 1], "texture": "#2"},
				"down": {"uv": [0, 0, 1, 1], "texture": "#2"}
			}
		},
		{
			"from": [4.34601, 15.20839, 1],
			"to": [5.34601, 16.20839, 2],
			"rotation": {"angle": -22.5, "axis": "z", "origin": [-3.41936, 25.05615, 9]},
			"faces": {
				"north": {"uv": [0, 0, 1, 1], "rotation": 90, "texture": "#2"},
				"east": {"uv": [0, 0, 1, 1], "rotation": 270, "texture": "#2"},
				"south": {"uv": [0, 0, 1, 1], "rotation": 270, "texture": "#2"},
				"west": {"uv": [0, 0, 1, 1], "rotation": 270, "texture": "#2"},
				"up": {"uv": [0, 0, 1, 1], "rotation": 270, "texture": "#2"},
				"down": {"uv": [0, 0, 1, 1], "rotation": 270, "texture": "#2"}
			}
		},
		{
			"from": [4.34601, 15.20839, 14],
			"to": [5.34601, 16.20839, 15],
			"rotation": {"angle": -22.5, "axis": "z", "origin": [-3.41936, 25.05615, 9]},
			"faces": {
				"north": {"uv": [0, 0, 1, 1], "rotation": 90, "texture": "#2"},
				"east": {"uv": [0, 0, 1, 1], "rotation": 270, "texture": "#2"},
				"south": {"uv": [0, 0, 1, 1], "rotation": 270, "texture": "#2"},
				"west": {"uv": [0, 0, 1, 1], "rotation": 270, "texture": "#2"},
				"up": {"uv": [0, 0, 1, 1], "rotation": 270, "texture": "#2"},
				"down": {"uv": [0, 0, 1, 1], "rotation": 270, "texture": "#2"}
			}
		},
		{
			"from": [-0.01367, -0.01367, 1],
			"to": [0.98633, 12.98633, 2],
			"rotation": {"angle": 0, "axis": "z", "origin": [-7.77904, 21.83409, 9]},
			"faces": {
				"north": {"uv": [0, 0, 13, 1], "rotation": 90, "texture": "#2"},
				"east": {"uv": [0, 0, 13, 1], "rotation": 270, "texture": "#2"},
				"south": {"uv": [0, 0, 13, 1], "rotation": 270, "texture": "#2"},
				"west": {"uv": [0, 0, 13, 1], "rotation": 270, "texture": "#2"},
				"up": {"uv": [0, 0, 1, 1], "rotation": 270, "texture": "#2"},
				"down": {"uv": [0, 0, 1, 1], "rotation": 270, "texture": "#2"}
			}
		},
		{
			"from": [-0.01367, -0.01367, 14],
			"to": [0.98633, 12.98633, 15],
			"rotation": {"angle": 0, "axis": "z", "origin": [-7.77904, 21.83409, 9]},
			"faces": {
				"north": {"uv": [0, 0, 13, 1], "rotation": 90, "texture": "#2"},
				"east": {"uv": [0, 0, 13, 1], "rotation": 270, "texture": "#2"},
				"south": {"uv": [0, 0, 13, 1], "rotation": 270, "texture": "#2"},
				"west": {"uv": [0, 0, 13, 1], "rotation": 270, "texture": "#2"},
				"up": {"uv": [0, 0, 1, 1], "rotation": 270, "texture": "#2"},
				"down": {"uv": [0, 0, 1, 1], "rotation": 270, "texture": "#2"}
			}
		},
		{
			"from": [17.21163, 16.14594, 1],
			"to": [18.21163, 17.14594, 2],
			"rotation": {"angle": -22.5, "axis": "z", "origin": [10.21163, 24.14594, 8]},
			"faces": {
				"north": {"uv": [0, 0, 1, 1], "texture": "#2"},
				"east": {"uv": [0, 0, 1, 1], "texture": "#2"},
				"south": {"uv": [0, 0, 1, 1], "texture": "#2"},
				"west": {"uv": [0, 0, 1, 1], "texture": "#2"},
				"up": {"uv": [0, 0, 1, 1], "texture": "#2"},
				"down": {"uv": [0, 0, 1, 1], "texture": "#2"}
			}
		},
		{
			"from": [17.21163, 16.14594, 14],
			"to": [18.21163, 17.14594, 15],
			"rotation": {"angle": -22.5, "axis": "z", "origin": [10.21163, 24.14594, 8]},
			"faces": {
				"north": {"uv": [0, 0, 1, 1], "texture": "#2"},
				"east": {"uv": [0, 0, 1, 1], "texture": "#2"},
				"south": {"uv": [0, 0, 1, 1], "texture": "#2"},
				"west": {"uv": [0, 0, 1, 1], "texture": "#2"},
				"up": {"uv": [0, 0, 1, 1], "texture": "#2"},
				"down": {"uv": [0, 0, 1, 1], "texture": "#2"}
			}
		},
		{
			"from": [21.92388, 16.51681, 1],
			"to": [22.92388, 17.51681, 2],
			"rotation": {"angle": -45, "axis": "z", "origin": [14.92388, 24.51681, 8]},
			"faces": {
				"north": {"uv": [0, 0, 1, 1], "texture": "#2"},
				"east": {"uv": [0, 0, 1, 1], "texture": "#2"},
				"south": {"uv": [0, 0, 1, 1], "texture": "#2"},
				"west": {"uv": [0, 0, 1, 1], "texture": "#2"},
				"up": {"uv": [0, 0, 1, 1], "texture": "#2"},
				"down": {"uv": [0, 0, 1, 1], "texture": "#2"}
			}
		},
		{
			"from": [21.92388, 16.51681, 14],
			"to": [22.92388, 17.51681, 15],
			"rotation": {"angle": -45, "axis": "z", "origin": [14.92388, 24.51681, 8]},
			"faces": {
				"north": {"uv": [0, 0, 1, 1], "texture": "#2"},
				"east": {"uv": [0, 0, 1, 1], "texture": "#2"},
				"south": {"uv": [0, 0, 1, 1], "texture": "#2"},
				"west": {"uv": [0, 0, 1, 1], "texture": "#2"},
				"up": {"uv": [0, 0, 1, 1], "texture": "#2"},
				"down": {"uv": [0, 0, 1, 1], "texture": "#2"}
			}
		},
		{
			"from": [9.88863, 15.36063, 1],
			"to": [10.88863, 16.36063, 2],
			"rotation": {"angle": 22.5, "axis": "z", "origin": [19.41936, 27.05615, 8]},
			"faces": {
				"north": {"uv": [0, 0, 1, 1], "rotation": 270, "texture": "#2"},
				"east": {"uv": [0, 0, 1, 1], "rotation": 90, "texture": "#2"},
				"south": {"uv": [0, 0, 1, 1], "rotation": 90, "texture": "#2"},
				"west": {"uv": [0, 0, 1, 1], "rotation": 90, "texture": "#2"},
				"up": {"uv": [0, 0, 1, 1], "rotation": 90, "texture": "#2"},
				"down": {"uv": [0, 0, 1, 1], "rotation": 90, "texture": "#2"}
			}
		},
		{
			"from": [9.88863, 15.36063, 14],
			"to": [10.88863, 16.36063, 15],
			"rotation": {"angle": 22.5, "axis": "z", "origin": [19.41936, 27.05615, 8]},
			"faces": {
				"north": {"uv": [0, 0, 1, 1], "rotation": 270, "texture": "#2"},
				"east": {"uv": [0, 0, 1, 1], "rotation": 90, "texture": "#2"},
				"south": {"uv": [0, 0, 1, 1], "rotation": 90, "texture": "#2"},
				"west": {"uv": [0, 0, 1, 1], "rotation": 90, "texture": "#2"},
				"up": {"uv": [0, 0, 1, 1], "rotation": 90, "texture": "#2"},
				"down": {"uv": [0, 0, 1, 1], "rotation": 90, "texture": "#2"}
			}
		},
		{
			"from": [15.01367, -0.01367, 1],
			"to": [16.01367, 12.98633, 2],
			"rotation": {"angle": 0, "axis": "z", "origin": [24.5444, 23.68185, 8]},
			"faces": {
				"north": {"uv": [0, 0, 13, 1], "rotation": 270, "texture": "#2"},
				"east": {"uv": [0, 0, 13, 1], "rotation": 90, "texture": "#2"},
				"south": {"uv": [0, 0, 13, 1], "rotation": 90, "texture": "#2"},
				"west": {"uv": [0, 0, 13, 1], "rotation": 90, "texture": "#2"},
				"up": {"uv": [0, 0, 1, 1], "rotation": 90, "texture": "#2"},
				"down": {"uv": [0, 0, 1, 1], "rotation": 90, "texture": "#2"}
			}
		},
		{
			"from": [15.01367, -0.01367, 14],
			"to": [16.01367, 12.98633, 15],
			"rotation": {"angle": 0, "axis": "z", "origin": [24.5444, 23.68185, 8]},
			"faces": {
				"north": {"uv": [0, 0, 13, 1], "rotation": 270, "texture": "#2"},
				"east": {"uv": [0, 0, 13, 1], "rotation": 90, "texture": "#2"},
				"south": {"uv": [0, 0, 13, 1], "rotation": 90, "texture": "#2"},
				"west": {"uv": [0, 0, 13, 1], "rotation": 90, "texture": "#2"},
				"up": {"uv": [0, 0, 1, 1], "rotation": 90, "texture": "#2"},
				"down": {"uv": [0, 0, 1, 1], "rotation": 90, "texture": "#2"}
			}
		},
		{
			"from": [-0.01367, 10.98633, 2],
			"to": [0.98633, 11.98633, 14],
			"rotation": {"angle": 0, "axis": "y", "origin": [7.98633, 8.98633, 8]},
			"faces": {
				"north": {"uv": [0, 0, 1, 1], "texture": "#2"},
				"east": {"uv": [0, 0, 12, 1], "texture": "#2"},
				"south": {"uv": [0, 0, 1, 1], "texture": "#2"},
				"west": {"uv": [0, 0, 12, 1], "texture": "#2"},
				"up": {"uv": [0, 0, 1, 12], "texture": "#2"},
				"down": {"uv": [0, 0, 1, 12], "texture": "#2"}
			}
		},
		{
			"from": [0, 15, 0],
			"to": [16, 16, 16],
			"faces": {
				"north": {"uv": [0, 0, 16, 1], "texture": "#0"},
				"east": {"uv": [0, 0, 16, 1], "texture": "#0"},
				"south": {"uv": [0, 0, 16, 1], "texture": "#0"},
				"west": {"uv": [0, 0, 16, 1], "texture": "#0"},
				"up": {"uv": [0, 0, 16, 16], "texture": "#1"},
				"down": {"uv": [0, 0, 16, 16], "texture": "#1"}
			}
		},
		{
			"from": [5, 11.75, 4],
			"to": [11, 12.15, 12],
			"faces": {
				"north": {"uv": [6, 5, 7, 6.4], "texture": "#4"},
				"east": {"uv": [7, 5, 8, 6.4], "texture": "#4"},
				"south": {"uv": [7, 5, 8, 6.4], "texture": "#4"},
				"west": {"uv": [9, 10, 10, 11], "texture": "#4"},
				"up": {"uv": [7, 6, 9, 8], "texture": "#4"},
				"down": {"uv": [8, 5, 9, 7], "texture": "#4"}
			}
		},
		{
			"from": [6, 12.25, 8],
			"to": [10, 12.25, 11],
			"faces": {
				"north": {"uv": [6, 5, 7, 6.4], "texture": "#4"},
				"east": {"uv": [7, 5, 8, 6.4], "texture": "#4"},
				"south": {"uv": [7, 5, 8, 6.4], "texture": "#4"},
				"west": {"uv": [9, 10, 10, 11], "texture": "#4"},
				"up": {"uv": [6, 11, 7, 12], "texture": "#4"},
				"down": {"uv": [6, 11, 7, 12], "texture": "#4"}
			}
		},
		{
			"from": [0.98633, 11.24, 6],
			"to": [14.98633, 11.74, 6.5],
			"rotation": {"angle": 0, "axis": "y", "origin": [8.98633, 7.98633, 10]},
			"faces": {
				"north": {"uv": [0, 0, 14, 0.5], "texture": "#3"},
				"east": {"uv": [0, 0, 0.5, 0.5], "texture": "#3"},
				"south": {"uv": [0, 0, 14, 0.5], "texture": "#3"},
				"west": {"uv": [0, 0, 0.5, 0.5], "texture": "#3"},
				"up": {"uv": [0, 0, 14, 0.5], "texture": "#3"},
				"down": {"uv": [0, 0, 14, 0.5], "texture": "#3"}
			}
		},
		{
			"from": [0.98633, 11.24, 2],
			"to": [14.98633, 11.74, 2.5],
			"rotation": {"angle": 0, "axis": "y", "origin": [8.98633, 7.98633, 10]},
			"faces": {
				"north": {"uv": [0, 0, 14, 0.5], "texture": "#3"},
				"east": {"uv": [0, 0, 0.5, 0.5], "texture": "#3"},
				"south": {"uv": [0, 0, 14, 0.5], "texture": "#3"},
				"west": {"uv": [0, 0, 0.5, 0.5], "texture": "#3"},
				"up": {"uv": [0, 0, 14, 0.5], "texture": "#3"},
				"down": {"uv": [0, 0, 14, 0.5], "texture": "#3"}
			}
		},
		{
			"from": [0.98633, 11.24, 9.5],
			"to": [14.98633, 11.74, 10],
			"rotation": {"angle": 0, "axis": "y", "origin": [8.98633, 7.98633, 10]},
			"faces": {
				"north": {"uv": [0, 0, 14, 0.5], "texture": "#3"},
				"east": {"uv": [0, 0, 0.5, 0.5], "texture": "#3"},
				"south": {"uv": [0, 0, 14, 0.5], "texture": "#3"},
				"west": {"uv": [0, 0, 0.5, 0.5], "texture": "#3"},
				"up": {"uv": [0, 0, 14, 0.5], "texture": "#3"},
				"down": {"uv": [0, 0, 14, 0.5], "texture": "#3"}
			}
		},
		{
			"from": [0.98633, 11.24, 13.5],
			"to": [14.98633, 11.74, 14],
			"rotation": {"angle": 0, "axis": "y", "origin": [8.98633, 7.98633, 10]},
			"faces": {
				"north": {"uv": [0, 0, 14, 0.5], "texture": "#3"},
				"east": {"uv": [0, 0, 0.5, 0.5], "texture": "#3"},
				"south": {"uv": [0, 0, 14, 0.5], "texture": "#3"},
				"west": {"uv": [0, 0, 0.5, 0.5], "texture": "#3"},
				"up": {"uv": [0, 0, 14, 0.5], "texture": "#3"},
				"down": {"uv": [0, 0, 14, 0.5], "texture": "#3"}
			}
		},
		{
			"from": [13.5, 11.24, 2],
			"to": [14, 11.74, 14],
			"rotation": {"angle": 0, "axis": "y", "origin": [8.98633, 7.98633, 10]},
			"faces": {
				"north": {"uv": [0, 0, 0.5, 0.5], "texture": "#3"},
				"east": {"uv": [0, 0, 12, 0.5], "texture": "#3"},
				"south": {"uv": [0, 0, 0.5, 0.5], "texture": "#3"},
				"west": {"uv": [0, 0, 12, 0.5], "texture": "#3"},
				"up": {"uv": [0, 0, 12, 0.5], "rotation": 90, "texture": "#3"},
				"down": {"uv": [0, 0, 12, 0.5], "rotation": 270, "texture": "#3"}
			}
		},
		{
			"from": [11.75, 11.24, 2],
			"to": [12.25, 11.74, 14],
			"rotation": {"angle": 0, "axis": "y", "origin": [8.98633, 7.98633, 10]},
			"faces": {
				"north": {"uv": [0, 0, 0.5, 0.5], "texture": "#3"},
				"east": {"uv": [0, 0, 12, 0.5], "texture": "#3"},
				"south": {"uv": [0, 0, 0.5, 0.5], "texture": "#3"},
				"west": {"uv": [0, 0, 12, 0.5], "texture": "#3"},
				"up": {"uv": [0, 0, 12, 0.5], "rotation": 90, "texture": "#3"},
				"down": {"uv": [0, 0, 12, 0.5], "rotation": 270, "texture": "#3"}
			}
		},
		{
			"from": [9.75, 11.24, 2],
			"to": [10.25, 11.74, 14],
			"rotation": {"angle": 0, "axis": "y", "origin": [8.98633, 7.98633, 10]},
			"faces": {
				"north": {"uv": [0, 0, 0.5, 0.5], "texture": "#3"},
				"east": {"uv": [0, 0, 12, 0.5], "texture": "#3"},
				"south": {"uv": [0, 0, 0.5, 0.5], "texture": "#3"},
				"west": {"uv": [0, 0, 12, 0.5], "texture": "#3"},
				"up": {"uv": [0, 0, 12, 0.5], "rotation": 90, "texture": "#3"},
				"down": {"uv": [0, 0, 12, 0.5], "rotation": 270, "texture": "#3"}
			}
		},
		{
			"from": [2.25, 11.24, 2],
			"to": [2.75, 11.74, 14],
			"rotation": {"angle": 0, "axis": "y", "origin": [8.98633, 7.98633, 10]},
			"faces": {
				"north": {"uv": [0, 0, 0.5, 0.5], "texture": "#3"},
				"east": {"uv": [0, 0, 12, 0.5], "texture": "#3"},
				"south": {"uv": [0, 0, 0.5, 0.5], "texture": "#3"},
				"west": {"uv": [0, 0, 12, 0.5], "texture": "#3"},
				"up": {"uv": [0, 0, 12, 0.5], "rotation": 90, "texture": "#3"},
				"down": {"uv": [0, 0, 12, 0.5], "rotation": 270, "texture": "#3"}
			}
		},
		{
			"from": [4, 11.24, 2],
			"to": [4.5, 11.74, 14],
			"rotation": {"angle": 0, "axis": "y", "origin": [8.98633, 7.98633, 10]},
			"faces": {
				"north": {"uv": [0, 0, 0.5, 0.5], "texture": "#3"},
				"east": {"uv": [0, 0, 12, 0.5], "texture": "#3"},
				"south": {"uv": [0, 0, 0.5, 0.5], "texture": "#3"},
				"west": {"uv": [0, 0, 12, 0.5], "texture": "#3"},
				"up": {"uv": [0, 0, 12, 0.5], "rotation": 90, "texture": "#3"},
				"down": {"uv": [0, 0, 12, 0.5], "rotation": 270, "texture": "#3"}
			}
		},
		{
			"from": [5.75, 11.24, 2],
			"to": [6.25, 11.74, 14],
			"rotation": {"angle": 0, "axis": "y", "origin": [8.98633, 7.98633, 10]},
			"faces": {
				"north": {"uv": [0, 0, 0.5, 0.5], "texture": "#3"},
				"east": {"uv": [0, 0, 12, 0.5], "texture": "#3"},
				"south": {"uv": [0, 0, 0.5, 0.5], "texture": "#3"},
				"west": {"uv": [0, 0, 12, 0.5], "texture": "#3"},
				"up": {"uv": [0, 0, 12, 0.5], "rotation": 90, "texture": "#3"},
				"down": {"uv": [0, 0, 12, 0.5], "rotation": 270, "texture": "#3"}
			}
		},
		{
			"from": [7.75, 11.24, 2],
			"to": [8.25, 11.74, 14],
			"rotation": {"angle": 0, "axis": "y", "origin": [8.98633, 7.98633, 10]},
			"faces": {
				"north": {"uv": [0, 0, 0.5, 0.5], "texture": "#3"},
				"east": {"uv": [0, 0, 12, 0.5], "texture": "#3"},
				"south": {"uv": [0, 0, 0.5, 0.5], "texture": "#3"},
				"west": {"uv": [0, 0, 12, 0.5], "texture": "#3"},
				"up": {"uv": [0, 0, 12, 0.5], "rotation": 90, "texture": "#3"},
				"down": {"uv": [0, 0, 12, 0.5], "rotation": 270, "texture": "#3"}
			}
		}
	],
	"groups": [
		{
			"name": "gambe",
			"origin": [8, 8, 8],
			"children": [0, 1, 2, 3, 4, 5, 6, 7, 8, 9, 10, 11, 12, 13, 14, 15, 16, 17, 18, 19]
		},
		{
			"name": "tavolo",
			"origin": [8, 8, 8],
			"children": [20, 21, 22]
		},
		{
			"name": "griglia",
			"origin": [8, 8, 8],
			"children": [23, 24, 25, 26, 27, 28, 29, 30, 31, 32, 33]
		}
	]
}