{
	"credit": "Made with Blockbench",
	"textures": {
		"0": "block/stripped_oak_log",
		"1": "block/oak_planks",
		"2": "block/anvil",
		"3": "block/black_concrete",
		"4": "item/book",
		"particle": "block/stripped_oak_log"
	},
	"elements": [
		{
			"from": [1.98633, 10.98633, 0],
			"to": [13.98633, 11.98633, 1],
			"rotation": {"angle": 0, "axis": "y", "origin": [7.98633, 8.98633, 8]},
			"faces": {
				"north": {"uv": [0, 0, 12, 1], "texture": "#2"},
				"east": {"uv": [0, 0, 1, 1], "texture": "#2"},
				"south": {"uv": [0, 0, 12, 1], "texture": "#2"},
				"west": {"uv": [0, 0, 1, 1], "texture": "#2"},
				"up": {"uv": [0, 0, 1, 12], "rotation": 270, "texture": "#2"},
				"down": {"uv": [0, 0, 1, 12], "rotation": 90, "texture": "#2"}
			}
		},
		{
			"from": [14, 14, 2],
			"to": [15, 15, 14],
			"faces": {
				"north": {"uv": [0, 0, 1, 1], "texture": "#2"},
				"east": {"uv": [0, 0, 16, 1], "texture": "#2"},
				"south": {"uv": [0, 0, 1, 1], "texture": "#2"},
				"west": {"uv": [0, 0, 16, 1], "texture": "#2"},
				"up": {"uv": [0, 0, 12, 1], "rotation": 90, "texture": "#2"},
				"down": {"uv": [0, 0, 16, 1], "rotation": 270, "texture": "#2"}
			}
		},
		{
			"from": [1, 14, 2],
			"to": [2, 15, 14],
			"faces": {
				"north": {"uv": [0, 0, 1, 1], "texture": "#2"},
				"east": {"uv": [0, 0, 16, 1], "texture": "#2"},
				"south": {"uv": [0, 0, 1, 1], "texture": "#2"},
				"west": {"uv": [0, 0, 16, 1], "texture": "#2"},
				"up": {"uv": [0, 0, 12, 1], "rotation": 90, "texture": "#2"},
				"down": {"uv": [0, 0, 16, 1], "rotation": 270, "texture": "#2"}
			}
		},
		{
			"from": [0.98633, -0.01367, 0],
			"to": [1.98633, 12.98633, 1],
			"rotation": {"angle": 0, "axis": "z", "origin": [-7.77904, 21.83409, 9]},
			"faces": {
				"north": {"uv": [0, 0, 13, 1], "rotation": 90, "texture": "#2"},
				"east": {"uv": [0, 0, 13, 1], "rotation": 270, "texture": "#2"},
				"south": {"uv": [0, 0, 13, 1], "rotation": 270, "texture": "#2"},
				"west": {"uv": [0, 0, 13, 1], "rotation": 270, "texture": "#2"},
				"up": {"uv": [0, 0, 1, 1], "rotation": 270, "texture": "#2"},
				"down": {"uv": [0, 0, 1, 1], "rotation": 270, "texture": "#2"}
			}
		},
		{
			"from": [0.98633, -0.01367, 15],
			"to": [1.98633, 12.98633, 16],
			"rotation": {"angle": 0, "axis": "z", "origin": [-7.77904, 21.83409, 9]},
			"faces": {
				"north": {"uv": [0, 0, 13, 1], "rotation": 90, "texture": "#2"},
				"east": {"uv": [0, 0, 13, 1], "rotation": 270, "texture": "#2"},
				"south": {"uv": [0, 0, 13, 1], "rotation": 270, "texture": "#2"},
				"west": {"uv": [0, 0, 13, 1], "rotation": 270, "texture": "#2"},
				"up": {"uv": [0, 0, 1, 1], "rotation": 270, "texture": "#2"},
				"down": {"uv": [0, 0, 1, 1], "rotation": 270, "texture": "#2"}
			}
		},
		{
			"from": [14.01367, -0.01367, 0],
			"to": [15.01367, 12.98633, 1],
			"rotation": {"angle": 0, "axis": "z", "origin": [24.5444, 23.68185, 8]},
			"faces": {
				"north": {"uv": [0, 0, 13, 1], "rotation": 270, "texture": "#2"},
				"east": {"uv": [0, 0, 13, 1], "rotation": 90, "texture": "#2"},
				"south": {"uv": [0, 0, 13, 1], "rotation": 90, "texture": "#2"},
				"west": {"uv": [0, 0, 13, 1], "rotation": 90, "texture": "#2"},
				"up": {"uv": [0, 0, 1, 1], "rotation": 90, "texture": "#2"},
				"down": {"uv": [0, 0, 1, 1], "rotation": 90, "texture": "#2"}
			}
		},
		{
			"from": [14.01367, -0.01367, 15],
			"to": [15.01367, 12.98633, 16],
			"rotation": {"angle": 0, "axis": "z", "origin": [24.5444, 23.68185, 8]},
			"faces": {
				"north": {"uv": [0, 0, 13, 1], "rotation": 270, "texture": "#2"},
				"east": {"uv": [0, 0, 13, 1], "rotation": 90, "texture": "#2"},
				"south": {"uv": [0, 0, 13, 1], "rotation": 90, "texture": "#2"},
				"west": {"uv": [0, 0, 13, 1], "rotation": 90, "texture": "#2"},
				"up": {"uv": [0, 0, 1, 1], "rotation": 90, "texture": "#2"},
				"down": {"uv": [0, 0, 1, 1], "rotation": 90, "texture": "#2"}
			}
		},
		{
			"from": [1.98633, 10.98633, 15],
			"to": [13.98633, 11.98633, 16],
			"rotation": {"angle": 0, "axis": "y", "origin": [7.98633, 8.98633, 8]},
			"faces": {
				"north": {"uv": [0, 0, 12, 1], "texture": "#2"},
				"east": {"uv": [0, 0, 1, 1], "texture": "#2"},
				"south": {"uv": [0, 0, 12, 1], "texture": "#2"},
				"west": {"uv": [0, 0, 1, 1], "texture": "#2"},
				"up": {"uv": [0, 0, 1, 12], "rotation": 270, "texture": "#2"},
				"down": {"uv": [0, 0, 1, 12], "rotation": 90, "texture": "#2"}
			}
		},
		{
			"from": [1, 10.40569, 16.06982],
			"to": [2, 11.40569, 17.06982],
			"rotation": {"angle": 22.5, "axis": "x", "origin": [9, 18.40569, 24.06982]},
			"faces": {
				"north": {"uv": [0, 0, 1, 1], "texture": "#2"},
				"east": {"uv": [0, 0, 1, 1], "texture": "#2"},
				"south": {"uv": [0, 0, 1, 1], "texture": "#2"},
				"west": {"uv": [0, 0, 1, 1], "texture": "#2"},
				"up": {"uv": [0, 0, 1, 1], "texture": "#2"},
				"down": {"uv": [0, 0, 1, 1], "texture": "#2"}
			}
		},
		{
			"from": [14, 10.40569, 16.06982],
			"to": [15, 11.40569, 17.06982],
			"rotation": {"angle": 22.5, "axis": "x", "origin": [9, 18.40569, 24.06982]},
			"faces": {
				"north": {"uv": [0, 0, 1, 1], "texture": "#2"},
				"east": {"uv": [0, 0, 1, 1], "texture": "#2"},
				"south": {"uv": [0, 0, 1, 1], "texture": "#2"},
				"west": {"uv": [0, 0, 1, 1], "texture": "#2"},
				"up": {"uv": [0, 0, 1, 1], "texture": "#2"},
				"down": {"uv": [0, 0, 1, 1], "texture": "#2"}
			}
		},
		{
			"from": [1, 5.91021, 17.53048],
			"to": [2, 6.91021, 18.53048],
			"rotation": {"angle": 45, "axis": "x", "origin": [9, 13.91021, 25.53048]},
			"faces": {
				"north": {"uv": [0, 0, 1, 1], "texture": "#2"},
				"east": {"uv": [0, 0, 1, 1], "texture": "#2"},
				"south": {"uv": [0, 0, 1, 1], "texture": "#2"},
				"west": {"uv": [0, 0, 1, 1], "texture": "#2"},
				"up": {"uv": [0, 0, 1, 1], "texture": "#2"},
				"down": {"uv": [0, 0, 1, 1], "texture": "#2"}
			}
		},
		{
			"from": [14, 5.91021, 17.53048],
			"to": [15, 6.91021, 18.53048],
			"rotation": {"angle": 45, "axis": "x", "origin": [9, 13.91021, 25.53048]},
			"faces": {
				"north": {"uv": [0, 0, 1, 1], "texture": "#2"},
				"east": {"uv": [0, 0, 1, 1], "texture": "#2"},
				"south": {"uv": [0, 0, 1, 1], "texture": "#2"},
				"west": {"uv": [0, 0, 1, 1], "texture": "#2"},
				"up": {"uv": [0, 0, 1, 1], "texture": "#2"},
				"down": {"uv": [0, 0, 1, 1], "texture": "#2"}
			}
		},
		{
			"from": [1, 16.19796, 17.15961],
			"to": [2, 17.19796, 18.15961],
			"rotation": {"angle": -22.5, "axis": "x", "origin": [9, 9.19796, 25.15961]},
			"faces": {
				"north": {"uv": [0, 0, 1, 1], "rotation": 180, "texture": "#2"},
				"east": {"uv": [0, 0, 1, 1], "rotation": 270, "texture": "#2"},
				"south": {"uv": [0, 0, 1, 1], "texture": "#2"},
				"west": {"uv": [0, 0, 1, 1], "rotation": 90, "texture": "#2"},
				"up": {"uv": [0, 0, 1, 1], "rotation": 180, "texture": "#2"},
				"down": {"uv": [0, 0, 1, 1], "texture": "#2"}
			}
		},
		{
			"from": [14, 16.19796, 17.15961],
			"to": [15, 17.19796, 18.15961],
			"rotation": {"angle": -22.5, "axis": "x", "origin": [9, 9.19796, 25.15961]},
			"faces": {
				"north": {"uv": [0, 0, 1, 1], "rotation": 180, "texture": "#2"},
				"east": {"uv": [0, 0, 1, 1], "rotation": 270, "texture": "#2"},
				"south": {"uv": [0, 0, 1, 1], "texture": "#2"},
				"west": {"uv": [0, 0, 1, 1], "rotation": 90, "texture": "#2"},
				"up": {"uv": [0, 0, 1, 1], "rotation": 180, "texture": "#2"},
				"down": {"uv": [0, 0, 1, 1], "texture": "#2"}
			}
		},
		{
			"from": [1, 16.14594, -2.21163],
			"to": [2, 17.14594, -1.21163],
			"rotation": {"angle": -22.5, "axis": "x", "origin": [9, 24.14594, 5.78837]},
			"faces": {
				"north": {"uv": [0, 0, 1, 1], "texture": "#2"},
				"east": {"uv": [0, 0, 1, 1], "texture": "#2"},
				"south": {"uv": [0, 0, 1, 1], "texture": "#2"},
				"west": {"uv": [0, 0, 1, 1], "texture": "#2"},
				"up": {"uv": [0, 0, 1, 1], "texture": "#2"},
				"down": {"uv": [0, 0, 1, 1], "texture": "#2"}
			}
		},
		{
			"from": [14, 16.14594, -2.21163],
			"to": [15, 17.14594, -1.21163],
			"rotation": {"angle": -22.5, "axis": "x", "origin": [9, 24.14594, 5.78837]},
			"faces": {
				"north": {"uv": [0, 0, 1, 1], "texture": "#2"},
				"east": {"uv": [0, 0, 1, 1], "texture": "#2"},
				"south": {"uv": [0, 0, 1, 1], "texture": "#2"},
				"west": {"uv": [0, 0, 1, 1], "texture": "#2"},
				"up": {"uv": [0, 0, 1, 1], "texture": "#2"},
				"down": {"uv": [0, 0, 1, 1], "texture": "#2"}
			}
		},
		{
			"from": [1, 16.51681, -6.92388],
			"to": [2, 17.51681, -5.92388],
			"rotation": {"angle": -45, "axis": "x", "origin": [9, 24.51681, 1.07612]},
			"faces": {
				"north": {"uv": [0, 0, 1, 1], "texture": "#2"},
				"east": {"uv": [0, 0, 1, 1], "texture": "#2"},
				"south": {"uv": [0, 0, 1, 1], "texture": "#2"},
				"west": {"uv": [0, 0, 1, 1], "texture": "#2"},
				"up": {"uv": [0, 0, 1, 1], "texture": "#2"},
				"down": {"uv": [0, 0, 1, 1], "texture": "#2"}
			}
		},
		{
			"from": [14, 16.51681, -6.92388],
			"to": [15, 17.51681, -5.92388],
			"rotation": {"angle": -45, "axis": "x", "origin": [9, 24.51681, 1.07612]},
			"faces": {
				"north": {"uv": [0, 0, 1, 1], "texture": "#2"},
				"east": {"uv": [0, 0, 1, 1], "texture": "#2"},
				"south": {"uv": [0, 0, 1, 1], "texture": "#2"},
				"west": {"uv": [0, 0, 1, 1], "texture": "#2"},
				"up": {"uv": [0, 0, 1, 1], "texture": "#2"},
				"down": {"uv": [0, 0, 1, 1], "texture": "#2"}
			}
		},
		{
			"from": [1, 15.20839, 4.34601],
			"to": [2, 16.20839, 5.34601],
			"rotation": {"angle": 22.5, "axis": "x", "origin": [9, 25.05615, -3.41936]},
			"faces": {
				"north": {"uv": [0, 0, 1, 1], "rotation": 180, "texture": "#2"},
				"east": {"uv": [0, 0, 1, 1], "rotation": 90, "texture": "#2"},
				"south": {"uv": [0, 0, 1, 1], "texture": "#2"},
				"west": {"uv": [0, 0, 1, 1], "rotation": 270, "texture": "#2"},
				"up": {"uv": [0, 0, 1, 1], "texture": "#2"},
				"down": {"uv": [0, 0, 1, 1], "rotation": 180, "texture": "#2"}
			}
		},
		{
			"from": [14, 15.20839, 4.34601],
			"to": [15, 16.20839, 5.34601],
			"rotation": {"angle": 22.5, "axis": "x", "origin": [9, 25.05615, -3.41936]},
			"faces": {
				"north": {"uv": [0, 0, 1, 1], "rotation": 180, "texture": "#2"},
				"east": {"uv": [0, 0, 1, 1], "rotation": 90, "texture": "#2"},
				"south": {"uv": [0, 0, 1, 1], "texture": "#2"},
				"west": {"uv": [0, 0, 1, 1], "rotation": 270, "texture": "#2"},
				"up": {"uv": [0, 0, 1, 1], "texture": "#2"},
				"down": {"uv": [0, 0, 1, 1], "rotation": 180, "texture": "#2"}
			}
		},
		{
			"from": [0, 15, 0],
			"to": [16, 16, 16],
			"faces": {
				"north": {"uv": [0, 0, 16, 1], "texture": "#0"},
				"east": {"uv": [0, 0, 16, 1], "texture": "#0"},
				"south": {"uv": [0, 0, 16, 1], "texture": "#0"},
				"west": {"uv": [0, 0, 16, 1], "texture": "#0"},
				"up": {"uv": [0, 0, 16, 16], "rotation": 90, "texture": "#1"},
				"down": {"uv": [0, 0, 16, 16], "rotation": 270, "texture": "#1"}
			}
		},
		{
			"from": [13.48633, 11.24, 1],
			"to": [13.98633, 11.74, 15],
			"rotation": {"angle": 0, "axis": "y", "origin": [8.98633, 7.98633, 10]},
			"faces": {
				"north": {"uv": [0, 0, 0.5, 0.5], "texture": "#3"},
				"east": {"uv": [0, 0, 14, 0.5], "texture": "#3"},
				"south": {"uv": [0, 0, 0.5, 0.5], "texture": "#3"},
				"west": {"uv": [0, 0, 14, 0.5], "texture": "#3"},
				"up": {"uv": [0, 0, 14, 0.5], "rotation": 90, "texture": "#3"},
				"down": {"uv": [0, 0, 14, 0.5], "rotation": 270, "texture": "#3"}
			}
		},
		{
			"from": [9.5, 11.24, 1],
			"to": [10, 11.74, 15],
			"rotation": {"angle": 0, "axis": "y", "origin": [8.98633, 7.98633, 10]},
			"faces": {
				"north": {"uv": [0, 0, 0.5, 0.5], "texture": "#3"},
				"east": {"uv": [0, 0, 14, 0.5], "texture": "#3"},
				"south": {"uv": [0, 0, 0.5, 0.5], "texture": "#3"},
				"west": {"uv": [0, 0, 14, 0.5], "texture": "#3"},
				"up": {"uv": [0, 0, 14, 0.5], "rotation": 90, "texture": "#3"},
				"down": {"uv": [0, 0, 14, 0.5], "rotation": 270, "texture": "#3"}
			}
		},
		{
			"from": [1.98633, 11.24, 1],
			"to": [2.48633, 11.74, 15],
			"rotation": {"angle": 0, "axis": "y", "origin": [8.98633, 7.98633, 10]},
			"faces": {
				"north": {"uv": [0, 0, 0.5, 0.5], "texture": "#3"},
				"east": {"uv": [0, 0, 14, 0.5], "texture": "#3"},
				"south": {"uv": [0, 0, 0.5, 0.5], "texture": "#3"},
				"west": {"uv": [0, 0, 14, 0.5], "texture": "#3"},
				"up": {"uv": [0, 0, 14, 0.5], "rotation": 270, "texture": "#3"},
				"down": {"uv": [0, 0, 14, 0.5], "rotation": 90, "texture": "#3"}
			}
		},
		{
			"from": [5.5, 11.24, 1],
			"to": [6, 11.74, 15],
			"rotation": {"angle": 0, "axis": "y", "origin": [8.98633, 7.98633, 10]},
			"faces": {
				"north": {"uv": [0, 0, 0.5, 0.5], "texture": "#3"},
				"east": {"uv": [0, 0, 14, 0.5], "texture": "#3"},
				"south": {"uv": [0, 0, 0.5, 0.5], "texture": "#3"},
				"west": {"uv": [0, 0, 14, 0.5], "texture": "#3"},
				"up": {"uv": [0, 0, 14, 0.5], "rotation": 90, "texture": "#3"},
				"down": {"uv": [0, 0, 14, 0.5], "rotation": 270, "texture": "#3"}
			}
		},
		{
			"from": [2, 11.24, 13.25],
			"to": [14, 11.74, 13.75],
			"rotation": {"angle": 0, "axis": "y", "origin": [8.98633, 7.98633, 10]},
			"faces": {
				"north": {"uv": [0, 0, 12, 0.5], "texture": "#3"},
				"east": {"uv": [0, 0, 0.5, 0.5], "texture": "#3"},
				"south": {"uv": [0, 0, 12, 0.5], "texture": "#3"},
				"west": {"uv": [0, 0, 0.5, 0.5], "texture": "#3"},
				"up": {"uv": [0, 0, 12, 0.5], "rotation": 180, "texture": "#3"},
				"down": {"uv": [0, 0, 12, 0.5], "rotation": 180, "texture": "#3"}
			}
		},
		{
			"from": [2, 11.24, 11.5],
			"to": [14, 11.74, 12],
			"rotation": {"angle": 0, "axis": "y", "origin": [8.98633, 7.98633, 10]},
			"faces": {
				"north": {"uv": [0, 0, 12, 0.5], "texture": "#3"},
				"east": {"uv": [0, 0, 0.5, 0.5], "texture": "#3"},
				"south": {"uv": [0, 0, 12, 0.5], "texture": "#3"},
				"west": {"uv": [0, 0, 0.5, 0.5], "texture": "#3"},
				"up": {"uv": [0, 0, 12, 0.5], "texture": "#3"},
				"down": {"uv": [0, 0, 12, 0.5], "texture": "#3"}
			}
		},
		{
			"from": [1.98633, 11.24, 9.5],
			"to": [13.98633, 11.74, 10],
			"rotation": {"angle": 0, "axis": "y", "origin": [8.98633, 7.98633, 10]},
			"faces": {
				"north": {"uv": [0, 0, 12, 0.5], "texture": "#3"},
				"east": {"uv": [0, 0, 0.5, 0.5], "texture": "#3"},
				"south": {"uv": [0, 0, 12, 0.5], "texture": "#3"},
				"west": {"uv": [0, 0, 0.5, 0.5], "texture": "#3"},
				"up": {"uv": [0, 0, 12, 0.5], "texture": "#3"},
				"down": {"uv": [0, 0, 12, 0.5], "texture": "#3"}
			}
		},
		{
			"from": [1.98633, 11.24, 7.5],
			"to": [13.98633, 11.74, 8],
			"rotation": {"angle": 0, "axis": "y", "origin": [8.98633, 7.98633, 10]},
			"faces": {
				"north": {"uv": [0, 0, 12, 0.5], "texture": "#3"},
				"east": {"uv": [0, 0, 0.5, 0.5], "texture": "#3"},
				"south": {"uv": [0, 0, 12, 0.5], "texture": "#3"},
				"west": {"uv": [0, 0, 0.5, 0.5], "texture": "#3"},
				"up": {"uv": [0, 0, 12, 0.5], "texture": "#3"},
				"down": {"uv": [0, 0, 12, 0.5], "texture": "#3"}
			}
		},
		{
			"from": [1.98633, 11.24, 5.5],
			"to": [13.98633, 11.74, 6],
			"rotation": {"angle": 0, "axis": "y", "origin": [8.98633, 7.98633, 10]},
			"faces": {
				"north": {"uv": [0, 0, 12, 0.5], "texture": "#3"},
				"east": {"uv": [0, 0, 0.5, 0.5], "texture": "#3"},
				"south": {"uv": [0, 0, 12, 0.5], "texture": "#3"},
				"west": {"uv": [0, 0, 0.5, 0.5], "texture": "#3"},
				"up": {"uv": [0, 0, 12, 0.5], "texture": "#3"},
				"down": {"uv": [0, 0, 12, 0.5], "texture": "#3"}
			}
		},
		{
			"from": [1.98633, 11.24, 3.75],
			"to": [13.98633, 11.74, 4.25],
			"rotation": {"angle": 0, "axis": "y", "origin": [8.98633, 7.98633, 10]},
			"faces": {
				"north": {"uv": [0, 0, 12, 0.5], "texture": "#3"},
				"east": {"uv": [0, 0, 0.5, 0.5], "texture": "#3"},
				"south": {"uv": [0, 0, 12, 0.5], "texture": "#3"},
				"west": {"uv": [0, 0, 0.5, 0.5], "texture": "#3"},
				"up": {"uv": [0, 0, 12, 0.5], "texture": "#3"},
				"down": {"uv": [0, 0, 12, 0.5], "texture": "#3"}
			}
		},
		{
			"from": [1.98633, 11.24, 2.25],
			"to": [13.98633, 11.74, 2.75],
			"rotation": {"angle": 0, "axis": "y", "origin": [8.98633, 7.98633, 10]},
			"faces": {
				"north": {"uv": [0, 0, 12, 0.5], "texture": "#3"},
				"east": {"uv": [0, 0, 0.5, 0.5], "texture": "#3"},
				"south": {"uv": [0, 0, 12, 0.5], "texture": "#3"},
				"west": {"uv": [0, 0, 0.5, 0.5], "texture": "#3"},
				"up": {"uv": [0, 0, 12, 0.5], "texture": "#3"},
				"down": {"uv": [0, 0, 12, 0.5], "texture": "#3"}
			}
		},
		{
			"from": [4, 11.75, 5],
			"to": [12, 12.15, 11],
			"faces": {
				"north": {"uv": [7, 5, 8, 6.4], "texture": "#4"},
				"east": {"uv": [7, 5, 8, 6.4], "texture": "#4"},
				"south": {"uv": [9, 10, 10, 11], "texture": "#4"},
				"west": {"uv": [6, 5, 7, 6.4], "texture": "#4"},
				"up": {"uv": [7, 6, 9, 8], "rotation": 270, "texture": "#4"},
				"down": {"uv": [8, 5, 9, 7], "rotation": 90, "texture": "#4"}
			}
		},
		{
			"from": [8, 12.25, 6],
			"to": [11, 12.25, 10],
			"faces": {
				"north": {"uv": [7, 5, 8, 6.4], "texture": "#4"},
				"east": {"uv": [7, 5, 8, 6.4], "texture": "#4"},
				"south": {"uv": [9, 10, 10, 11], "texture": "#4"},
				"west": {"uv": [6, 5, 7, 6.4], "texture": "#4"},
				"up": {"uv": [6, 11, 7, 12], "rotation": 270, "texture": "#4"},
				"down": {"uv": [6, 11, 7, 12], "rotation": 90, "texture": "#4"}
			}
		}
	],
	"groups": [
		{
			"name": "gambe",
			"origin": [8, 8, 8],
			"children": [0, 1, 2, 3, 4, 5, 6, 7, 8, 9, 10, 11, 12, 13, 14, 15, 16, 17, 18, 19]
		},
		{
			"name": "tavolo",
			"origin": [8, 8, 8],
			"children": [20]
		},
		{
			"name": "griglia",
			"origin": [8, 8, 8],
			"children": [21, 22, 23, 24, 25, 26, 27, 28, 29, 30, 31]
		},
		{
			"name": "libro",
			"origin": [9, 25.05615, -3.41936],
			"children": [32, 33]
		}
	]
}