{
	"credit": "Stolen From Vaipah",
	"textures": {
		"2": "block/cauldron_inner",
		"3": "block/brown_wool",
		"4": "block/white_concrete",
		"5": "new_furniture/63/black_concrete",
		"6": "block/quartz_block_side",
		"particle": "block/white_concrete"
	},
	"elements": [
		{
			"from": [8, 4.06494, 6.50962],
			"to": [8.2, 6.06494, 6.70962],
			"rotation": {"angle": -22.5, "axis": "x", "origin": [7.97924, -1, 16.03827]},
			"faces": {
				"north": {"uv": [10, 14, 11, 15], "texture": "#4"},
				"east": {"uv": [5, 6, 14, 10], "texture": "#4"},
				"south": {"uv": [1, 4, 15, 8], "texture": "#4"},
				"west": {"uv": [4, 6, 13, 10], "texture": "#4"},
				"up": {"uv": [3, 7, 14, 11], "texture": "#4"},
				"down": {"uv": [10, 14, 11, 15], "texture": "#4"}
			}
		},
		{
			"from": [7.85, 5.9127, 6.3539],
			"to": [8.35, 6.4127, 6.8539],
			"rotation": {"angle": -22.5, "axis": "x", "origin": [7.97924, -1, 16.03827]},
			"faces": {
				"north": {"uv": [10, 14, 11, 15], "texture": "#2"},
				"east": {"uv": [5, 6, 14, 10], "texture": "#2"},
				"south": {"uv": [1, 4, 15, 8], "texture": "#2"},
				"west": {"uv": [4, 6, 13, 10], "texture": "#2"},
				"up": {"uv": [3, 7, 14, 11], "texture": "#2"},
				"down": {"uv": [10, 14, 11, 15], "texture": "#2"}
			}
		},
		{
			"from": [2, 0, 13.03827],
			"to": [7, 1, 19.03827],
			"rotation": {"angle": 0, "axis": "y", "origin": [7.97924, -1, 16.03827]},
			"faces": {
				"north": {"uv": [10, 14, 11, 15], "texture": "#3"},
				"east": {"uv": [10, 14, 11, 15], "texture": "#3"},
				"south": {"uv": [10, 14, 11, 15], "texture": "#3"},
				"west": {"uv": [10, 14, 11, 15], "texture": "#3"},
				"up": {"uv": [10, 14, 11, 15], "texture": "#3"},
				"down": {"uv": [10, 14, 11, 15], "texture": "#3"}
			}
		},
		{
			"from": [9, -1.53698, 6.35737],
			"to": [14, 5.46302, 7.35737],
			"rotation": {"angle": 22.5, "axis": "x", "origin": [7.97924, -4.9937, 12.06127]},
			"faces": {
				"north": {"uv": [10, 14, 11, 15], "texture": "#3"},
				"east": {"uv": [10, 14, 11, 15], "texture": "#3"},
				"south": {"uv": [10, 14, 11, 15], "texture": "#3"},
				"west": {"uv": [10, 14, 11, 15], "texture": "#3"},
				"up": {"uv": [10, 14, 11, 15], "texture": "#3"},
				"down": {"uv": [10, 14, 11, 15], "texture": "#3"}
			}
		},
		{
			"from": [9, 2.28985, 15.59617],
			"to": [14, 9.28985, 16.59617],
			"rotation": {"angle": 22.5, "axis": "x", "origin": [7.97924, -4.9937, 12.06127]},
			"faces": {
				"north": {"uv": [10, 14, 11, 15], "texture": "#3"},
				"east": {"uv": [10, 14, 11, 15], "texture": "#3"},
				"south": {"uv": [10, 14, 11, 15], "texture": "#3"},
				"west": {"uv": [10, 14, 11, 15], "texture": "#3"},
				"up": {"uv": [10, 14, 11, 15], "texture": "#3"},
				"down": {"uv": [10, 14, 11, 15], "texture": "#3"}
			}
		},
		{
			"from": [2, -1.53698, 6.35737],
			"to": [7, 5.46302, 7.35737],
			"rotation": {"angle": 22.5, "axis": "x", "origin": [7.97924, -4.9937, 12.06127]},
			"faces": {
				"north": {"uv": [10, 14, 11, 15], "texture": "#3"},
				"east": {"uv": [10, 14, 11, 15], "texture": "#3"},
				"south": {"uv": [10, 14, 11, 15], "texture": "#3"},
				"west": {"uv": [10, 14, 11, 15], "texture": "#3"},
				"up": {"uv": [10, 14, 11, 15], "texture": "#3"},
				"down": {"uv": [10, 14, 11, 15], "texture": "#3"}
			}
		},
		{
			"from": [2, 2.28985, 15.59617],
			"to": [7, 9.28985, 16.59617],
			"rotation": {"angle": 22.5, "axis": "x", "origin": [7.97924, -4.9937, 12.06127]},
			"faces": {
				"north": {"uv": [10, 14, 11, 15], "texture": "#3"},
				"east": {"uv": [10, 14, 11, 15], "texture": "#3"},
				"south": {"uv": [10, 14, 11, 15], "texture": "#3"},
				"west": {"uv": [10, 14, 11, 15], "texture": "#3"},
				"up": {"uv": [10, 14, 11, 15], "texture": "#3"},
				"down": {"uv": [10, 14, 11, 15], "texture": "#3"}
			}
		},
		{
			"from": [9, 0, 3.03827],
			"to": [14, 1, 9.03827],
			"rotation": {"angle": 0, "axis": "y", "origin": [7.97924, -1, 16.03827]},
			"faces": {
				"north": {"uv": [10, 14, 11, 15], "texture": "#3"},
				"east": {"uv": [10, 14, 11, 15], "texture": "#3"},
				"south": {"uv": [10, 14, 11, 15], "texture": "#3"},
				"west": {"uv": [10, 14, 11, 15], "texture": "#3"},
				"up": {"uv": [10, 14, 11, 15], "texture": "#3"},
				"down": {"uv": [10, 14, 11, 15], "texture": "#3"}
			}
		},
		{
			"from": [9, 0, 13.03827],
			"to": [14, 1, 19.03827],
			"rotation": {"angle": 0, "axis": "y", "origin": [7.97924, -1, 16.03827]},
			"faces": {
				"north": {"uv": [10, 14, 11, 15], "texture": "#3"},
				"east": {"uv": [10, 14, 11, 15], "texture": "#3"},
				"south": {"uv": [10, 14, 11, 15], "texture": "#3"},
				"west": {"uv": [10, 14, 11, 15], "texture": "#3"},
				"up": {"uv": [10, 14, 11, 15], "texture": "#3"},
				"down": {"uv": [10, 14, 11, 15], "texture": "#3"}
			}
		},
		{
			"from": [6, 0, 24.03827],
			"to": [11, 5, 29.03827],
			"rotation": {"angle": 0, "axis": "y", "origin": [7.97924, -1, 16.03827]},
			"faces": {
				"north": {"uv": [10, 14, 11, 15], "texture": "#2"},
				"east": {"uv": [3, 4, 8, 9], "texture": "#2"},
				"south": {"uv": [2, 3, 7, 8], "texture": "#2"},
				"west": {"uv": [1, 2, 6, 7], "texture": "#2"},
				"up": {"uv": [0, 2, 5, 7], "texture": "#2"},
				"down": {"uv": [3, 4, 8, 9], "texture": "#2"}
			}
		},
		{
			"from": [8, -4, 27.5],
			"to": [9, 1, 28.5],
			"rotation": {"angle": 0, "axis": "y", "origin": [7.97924, -1, 16.03827]},
			"faces": {
				"north": {"uv": [10, 14, 11, 15], "texture": "#2"},
				"east": {"uv": [3, 4, 4, 9], "texture": "#2"},
				"south": {"uv": [2, 3, 3, 8], "texture": "#2"},
				"west": {"uv": [1, 2, 2, 7], "texture": "#2"},
				"up": {"uv": [0, 2, 5, 7], "texture": "#2"},
				"down": {"uv": [3, 4, 8, 9], "texture": "#2"}
			}
		},
		{
			"from": [8, -4, 28.5],
			"to": [9, -3, 30.5],
			"rotation": {"angle": 0, "axis": "y", "origin": [7.97924, -1, 16.03827]},
			"faces": {
				"north": {"uv": [10, 14, 11, 15], "texture": "#2"},
				"east": {"uv": [3, 4, 4, 9], "texture": "#2"},
				"south": {"uv": [2, 3, 3, 4], "texture": "#2"},
				"west": {"uv": [1, 2, 2, 7], "texture": "#2"},
				"up": {"uv": [0, 2, 5, 7], "texture": "#2"},
				"down": {"uv": [3, 4, 8, 9], "texture": "#2"}
			}
		},
		{
			"from": [1, 0, 26.03827],
			"to": [15, 2, 27.03827],
			"rotation": {"angle": 0, "axis": "y", "origin": [7.97924, -1, 16.03827]},
			"faces": {
				"north": {"uv": [10, 14, 11, 15], "texture": "#6"},
				"east": {"uv": [10, 14, 11, 15], "texture": "#6"},
				"south": {"uv": [10, 14, 11, 15], "texture": "#5"},
				"west": {"uv": [10, 14, 11, 15], "texture": "#6"},
				"up": {"uv": [10, 14, 11, 15], "texture": "#6"},
				"down": {"uv": [10, 14, 11, 15], "texture": "#6"}
			}
		},
		{
			"from": [1, 2, 26.03827],
			"to": [15, 4, 27.03827],
			"rotation": {"angle": 0, "axis": "y", "origin": [7.97924, -1, 16.03827]},
			"faces": {
				"north": {"uv": [10, 14, 11, 15], "texture": "#6"},
				"east": {"uv": [10, 14, 11, 15], "texture": "#6"},
				"south": {"uv": [10, 14, 11, 15], "texture": "#6"},
				"west": {"uv": [10, 14, 11, 15], "texture": "#6"},
				"up": {"uv": [10, 14, 11, 15], "texture": "#6"},
				"down": {"uv": [10, 14, 11, 15], "texture": "#6"}
			}
		},
		{
			"from": [14.1544, 0, -12.95291],
			"to": [26.1544, 2, -8.20291],
			"rotation": {"angle": 22.5, "axis": "y", "origin": [18.91977, -1, 18.19933]},
			"faces": {
				"north": {"uv": [10, 14, 11, 15], "texture": "#6"},
				"east": {"uv": [10, 14, 11, 15], "texture": "#5"},
				"south": {"uv": [10, 14, 11, 15], "texture": "#6"},
				"west": {"uv": [10, 14, 11, 15], "texture": "#6"},
				"up": {"uv": [10, 14, 11, 15], "texture": "#6"},
				"down": {"uv": [10, 14, 11, 15], "texture": "#5"}
			}
		},
		{
			"from": [13.75007, -2, -12.72194],
			"to": [25.75007, 0, -8.22194],
			"rotation": {"angle": 22.5, "axis": "y", "origin": [18.51544, -1, 18.4303]},
			"faces": {
				"north": {"uv": [10, 14, 11, 15], "texture": "#6"},
				"east": {"uv": [10, 14, 11, 15], "texture": "#6"},
				"south": {"uv": [10, 14, 11, 15], "texture": "#6"},
				"west": {"uv": [10, 14, 11, 15], "texture": "#6"},
				"up": {"uv": [10, 14, 11, 15], "texture": "#6"},
				"down": {"uv": [10, 14, 11, 15], "texture": "#6"}
			}
		},
		{
			"from": [13.94142, -4, -12.26],
			"to": [24.94142, -2, -8.26],
			"rotation": {"angle": 22.5, "axis": "y", "origin": [17.70678, -1, 18.89224]},
			"faces": {
				"north": {"uv": [10, 14, 11, 15], "texture": "#5"},
				"east": {"uv": [10, 14, 11, 15], "texture": "#5"},
				"south": {"uv": [10, 14, 11, 15], "texture": "#5"},
				"west": {"uv": [10, 14, 11, 15], "texture": "#5"},
				"up": {"uv": [10, 14, 11, 15], "texture": "#5"},
				"down": {"uv": [10, 14, 11, 15], "texture": "#5"}
			}
		},
		{
			"from": [17.3241, -6, -11.33612],
			"to": [23.3241, -3, -8.33612],
			"rotation": {"angle": 22.5, "axis": "y", "origin": [16.08947, 0, 19.81612]},
			"faces": {
				"north": {"uv": [10, 14, 11, 15], "texture": "#5"},
				"east": {"uv": [10, 14, 11, 15], "texture": "#5"},
				"south": {"uv": [10, 14, 11, 15], "texture": "#5"},
				"west": {"uv": [10, 14, 11, 15], "texture": "#5"},
				"up": {"uv": [10, 14, 11, 15], "texture": "#5"},
				"down": {"uv": [10, 14, 11, 15], "texture": "#5"}
			}
		},
		{
			"from": [24.59557, 0, 0.64642],
			"to": [29.59557, 2, 5.39642],
			"rotation": {"angle": 45, "axis": "y", "origin": [-0.99021, -1, 15.23221]},
			"faces": {
				"north": {"uv": [10, 14, 11, 15], "texture": "#6"},
				"east": {"uv": [10, 14, 11, 15], "texture": "#5"},
				"south": {"uv": [10, 14, 11, 15], "texture": "#6"},
				"west": {"uv": [10, 14, 11, 15], "texture": "#6"},
				"up": {"uv": [10, 14, 11, 15], "texture": "#6"},
				"down": {"uv": [10, 14, 11, 15], "texture": "#5"}
			}
		},
		{
			"from": [24.36802, -2, 1.05417],
			"to": [29.36802, 0, 5.55417],
			"rotation": {"angle": 45, "axis": "y", "origin": [-1.21776, -1, 15.63996]},
			"faces": {
				"north": {"uv": [10, 14, 11, 15], "texture": "#6"},
				"east": {"uv": [10, 14, 11, 15], "texture": "#6"},
				"south": {"uv": [10, 14, 11, 15], "texture": "#6"},
				"west": {"uv": [10, 14, 11, 15], "texture": "#6"},
				"up": {"uv": [10, 14, 11, 15], "texture": "#6"},
				"down": {"uv": [10, 14, 11, 15], "texture": "#6"}
			}
		},
		{
			"from": [23.91292, -4, 1.86966],
			"to": [28.91292, -2, 5.86966],
			"rotation": {"angle": 45, "axis": "y", "origin": [-1.67287, -1, 16.45545]},
			"faces": {
				"north": {"uv": [10, 14, 11, 15], "texture": "#5"},
				"east": {"uv": [10, 14, 11, 15], "texture": "#5"},
				"south": {"uv": [10, 14, 11, 15], "texture": "#5"},
				"west": {"uv": [10, 14, 11, 15], "texture": "#5"},
				"up": {"uv": [10, 14, 11, 15], "texture": "#5"},
				"down": {"uv": [10, 14, 11, 15], "texture": "#5"}
			}
		},
		{
			"from": [24.00271, -6, 3.50065],
			"to": [28.00271, -3, 6.50065],
			"rotation": {"angle": 45, "axis": "y", "origin": [-2.58308, 0, 18.08643]},
			"faces": {
				"north": {"uv": [10, 14, 11, 15], "texture": "#5"},
				"east": {"uv": [10, 14, 11, 15], "texture": "#5"},
				"south": {"uv": [10, 14, 11, 15], "texture": "#5"},
				"west": {"uv": [10, 14, 11, 15], "texture": "#5"},
				"up": {"uv": [10, 14, 11, 15], "texture": "#5"},
				"down": {"uv": [10, 14, 11, 15], "texture": "#5"}
			}
		},
		{
			"from": [1.15258, 0, -11.47646],
			"to": [3.65258, 2, -4.47646],
			"rotation": {"angle": -22.5, "axis": "y", "origin": [20.14071, -1, 2.67578]},
			"faces": {
				"north": {"uv": [10, 14, 11, 15], "texture": "#5"},
				"east": {"uv": [10, 14, 11, 15], "texture": "#5"},
				"south": {"uv": [10, 14, 11, 15], "texture": "#5"},
				"west": {"uv": [10, 14, 11, 15], "texture": "#5"},
				"up": {"uv": [10, 14, 11, 15], "rotation": 270, "texture": "#5"},
				"down": {"uv": [10, 14, 11, 15], "rotation": 90, "texture": "#5"}
			}
		},
		{
			"from": [1.156, -2, -10.97304],
			"to": [3.406, 0, -3.97304],
			"rotation": {"angle": -22.5, "axis": "y", "origin": [20.14412, -1, 3.1792]},
			"faces": {
				"north": {"uv": [10, 14, 11, 15], "texture": "#6"},
				"east": {"uv": [10, 14, 11, 15], "texture": "#6"},
				"south": {"uv": [10, 14, 11, 15], "texture": "#6"},
				"west": {"uv": [10, 14, 11, 15], "texture": "#6"},
				"up": {"uv": [10, 14, 11, 15], "rotation": 270, "texture": "#6"},
				"down": {"uv": [10, 14, 11, 15], "rotation": 90, "texture": "#6"}
			}
		},
		{
			"from": [1.16284, -4, -9.96621],
			"to": [2.91284, -2, -2.96621],
			"rotation": {"angle": -22.5, "axis": "y", "origin": [20.15096, -1, 4.18603]},
			"faces": {
				"north": {"uv": [10, 14, 11, 15], "texture": "#5"},
				"east": {"uv": [10, 14, 11, 15], "texture": "#5"},
				"south": {"uv": [10, 14, 11, 15], "texture": "#5"},
				"west": {"uv": [10, 14, 11, 15], "texture": "#5"},
				"up": {"uv": [10, 14, 11, 15], "rotation": 270, "texture": "#5"},
				"down": {"uv": [10, 14, 11, 15], "rotation": 90, "texture": "#5"}
			}
		},
		{
			"from": [1.17651, -6, -7.95254],
			"to": [1.92651, -4, -0.95254],
			"rotation": {"angle": -22.5, "axis": "y", "origin": [20.16463, -1, 6.1997]},
			"faces": {
				"north": {"uv": [10, 14, 11, 15], "texture": "#5"},
				"east": {"uv": [10, 14, 11, 15], "texture": "#5"},
				"south": {"uv": [10, 14, 11, 15], "texture": "#5"},
				"west": {"uv": [10, 14, 11, 15], "texture": "#5"},
				"up": {"uv": [10, 14, 11, 15], "rotation": 270, "texture": "#5"},
				"down": {"uv": [10, 14, 11, 15], "rotation": 90, "texture": "#5"}
			}
		},
		{
			"from": [4, -6, -3],
			"to": [12, -5, 27],
			"faces": {
				"north": {"uv": [10, 14, 11, 15], "texture": "#5"},
				"east": {"uv": [10, 14, 11, 15], "texture": "#5"},
				"south": {"uv": [10, 14, 11, 15], "texture": "#5"},
				"west": {"uv": [10, 14, 11, 15], "texture": "#5"},
				"up": {"uv": [10, 14, 11, 15], "texture": "#5"},
				"down": {"uv": [10, 14, 11, 15], "texture": "#5"}
			}
		},
		{
			"from": [4, -5, -3],
			"to": [12, -4, 27],
			"faces": {
				"north": {"uv": [10, 14, 11, 15], "texture": "#5"},
				"east": {"uv": [10, 14, 11, 15], "texture": "#5"},
				"south": {"uv": [10, 14, 11, 15], "texture": "#5"},
				"west": {"uv": [10, 14, 11, 15], "texture": "#5"},
				"up": {"uv": [10, 14, 11, 15], "texture": "#5"},
				"down": {"uv": [10, 14, 11, 15], "texture": "#5"}
			}
		},
		{
			"from": [-0.02076, 3, -8.96173],
			"to": [0.97924, 4, -1.96173],
			"rotation": {"angle": 0, "axis": "y", "origin": [7.97924, -1, 16.03827]},
			"faces": {
				"north": {"uv": [10, 14, 11, 15], "texture": "#6"},
				"east": {"uv": [10, 14, 11, 15], "texture": "#6"},
				"south": {"uv": [10, 14, 11, 15], "texture": "#6"},
				"west": {"uv": [10, 14, 11, 15], "texture": "#6"},
				"up": {"uv": [10, 14, 11, 15], "texture": "#6"},
				"down": {"uv": [10, 14, 11, 15], "texture": "#6"}
			}
		},
		{
			"from": [-10.55873, 2, -13.22215],
			"to": [-0.55873, 4, -8.22215],
			"rotation": {"angle": -22.5, "axis": "y", "origin": [-3.3241, -1, 17.93009]},
			"faces": {
				"north": {"uv": [10, 14, 11, 15], "texture": "#6"},
				"east": {"uv": [10, 14, 11, 15], "texture": "#6"},
				"south": {"uv": [10, 14, 11, 15], "texture": "#6"},
				"west": {"uv": [10, 14, 11, 15], "texture": "#6"},
				"up": {"uv": [10, 14, 11, 15], "texture": "#6"},
				"down": {"uv": [10, 14, 11, 15], "texture": "#6"}
			}
		},
		{
			"from": [11.83668, 2, -13.61421],
			"to": [14.53668, 4, -5.61421],
			"rotation": {"angle": 22.5, "axis": "y", "origin": [-0.25739, -1, 0.67206]},
			"faces": {
				"north": {"uv": [10, 14, 11, 15], "texture": "#6"},
				"east": {"uv": [10, 14, 11, 15], "texture": "#6"},
				"south": {"uv": [10, 14, 11, 15], "texture": "#6"},
				"west": {"uv": [10, 14, 11, 15], "texture": "#6"},
				"up": {"uv": [10, 14, 11, 15], "rotation": 90, "texture": "#6"},
				"down": {"uv": [10, 14, 11, 15], "rotation": 270, "texture": "#6"}
			}
		},
		{
			"from": [0, 2, -9],
			"to": [16, 4, -1],
			"rotation": {"angle": 0, "axis": "y", "origin": [8, -1, 16]},
			"faces": {
				"north": {"uv": [10, 14, 11, 15], "texture": "#6"},
				"east": {"uv": [10, 14, 11, 15], "texture": "#6"},
				"south": {"uv": [10, 14, 11, 15], "texture": "#6"},
				"west": {"uv": [10, 14, 11, 15], "texture": "#6"},
				"up": {"uv": [10, 14, 11, 15], "texture": "#6"},
				"down": {"uv": [10, 14, 11, 15], "texture": "#6"}
			}
		},
		{
			"from": [15, 2, -2.96173],
			"to": [16, 4, 27.03827],
			"rotation": {"angle": 0, "axis": "y", "origin": [8, -1, 16.03827]},
			"faces": {
				"north": {"uv": [10, 14, 11, 15], "texture": "#6"},
				"east": {"uv": [10, 14, 11, 15], "texture": "#6"},
				"south": {"uv": [10, 14, 11, 15], "texture": "#6"},
				"west": {"uv": [10, 14, 11, 15], "texture": "#6"},
				"up": {"uv": [10, 14, 11, 15], "texture": "#6"},
				"down": {"uv": [10, 14, 11, 15], "texture": "#6"}
			}
		},
		{
			"from": [0, 2, -2.96173],
			"to": [1, 4, 27.03827],
			"rotation": {"angle": 0, "axis": "y", "origin": [8, -1, 16.03827]},
			"faces": {
				"north": {"uv": [10, 14, 11, 15], "texture": "#6"},
				"east": {"uv": [10, 14, 11, 15], "texture": "#6"},
				"south": {"uv": [10, 14, 11, 15], "texture": "#6"},
				"west": {"uv": [10, 14, 11, 15], "texture": "#6"},
				"up": {"uv": [10, 14, 11, 15], "texture": "#6"},
				"down": {"uv": [10, 14, 11, 15], "texture": "#6"}
			}
		},
		{
			"from": [-7.10962, 2, -11.85114],
			"to": [0.89038, 4, -6.85114],
			"rotation": {"angle": -45, "axis": "y", "origin": [5.5719, -1, 0.6565]},
			"faces": {
				"north": {"uv": [10, 14, 11, 15], "texture": "#6"},
				"east": {"uv": [10, 14, 11, 15], "texture": "#6"},
				"south": {"uv": [10, 14, 11, 15], "texture": "#6"},
				"west": {"uv": [10, 14, 11, 15], "texture": "#6"},
				"up": {"uv": [10, 14, 11, 15], "texture": "#6"},
				"down": {"uv": [10, 14, 11, 15], "texture": "#6"}
			}
		},
		{
			"from": [24.80237, 2, 0.23868],
			"to": [29.80237, 4, 5.23868],
			"rotation": {"angle": 45, "axis": "y", "origin": [-0.78342, -1, 14.82446]},
			"faces": {
				"north": {"uv": [10, 14, 11, 15], "texture": "#6"},
				"east": {"uv": [10, 14, 11, 15], "texture": "#6"},
				"south": {"uv": [10, 14, 11, 15], "texture": "#6"},
				"west": {"uv": [10, 14, 11, 15], "texture": "#6"},
				"up": {"uv": [10, 14, 11, 15], "texture": "#6"},
				"down": {"uv": [10, 14, 11, 15], "texture": "#6"}
			}
		},
		{
			"from": [1.08221, 2, -11.99901],
			"to": [3.88221, 4, -4.99901],
			"rotation": {"angle": -22.5, "axis": "y", "origin": [20.07033, -1, 2.15323]},
			"faces": {
				"north": {"uv": [10, 14, 11, 15], "texture": "#6"},
				"east": {"uv": [10, 14, 11, 15], "texture": "#6"},
				"south": {"uv": [10, 14, 11, 15], "texture": "#6"},
				"west": {"uv": [10, 14, 11, 15], "texture": "#6"},
				"up": {"uv": [10, 14, 11, 15], "rotation": 270, "texture": "#6"},
				"down": {"uv": [10, 14, 11, 15], "rotation": 90, "texture": "#6"}
			}
		},
		{
			"from": [14.53797, 2, -13.18388],
			"to": [26.53797, 4, -8.18388],
			"rotation": {"angle": 22.5, "axis": "y", "origin": [19.30334, -1, 17.96836]},
			"faces": {
				"north": {"uv": [10, 14, 11, 15], "texture": "#6"},
				"east": {"uv": [10, 14, 11, 15], "texture": "#6"},
				"south": {"uv": [10, 14, 11, 15], "texture": "#6"},
				"west": {"uv": [10, 14, 11, 15], "texture": "#6"},
				"up": {"uv": [10, 14, 11, 15], "texture": "#6"},
				"down": {"uv": [10, 14, 11, 15], "texture": "#6"}
			}
		},
		{
			"from": [-6.88207, 0, -11.40513],
			"to": [1.11793, 2, -6.65513],
			"rotation": {"angle": -45, "axis": "y", "origin": [5.79946, -1, 1.10251]},
			"faces": {
				"north": {"uv": [10, 14, 11, 15], "texture": "#6"},
				"east": {"uv": [10, 14, 11, 15], "texture": "#6"},
				"south": {"uv": [10, 14, 11, 15], "texture": "#6"},
				"west": {"uv": [10, 14, 11, 15], "texture": "#5"},
				"up": {"uv": [10, 14, 11, 15], "texture": "#6"},
				"down": {"uv": [10, 14, 11, 15], "texture": "#5"}
			}
		},
		{
			"from": [-6.65451, -2, -10.99738],
			"to": [1.34549, 0, -6.49738],
			"rotation": {"angle": -45, "axis": "y", "origin": [6.02701, -1, 1.51026]},
			"faces": {
				"north": {"uv": [10, 14, 11, 15], "texture": "#6"},
				"east": {"uv": [10, 14, 11, 15], "texture": "#6"},
				"south": {"uv": [10, 14, 11, 15], "texture": "#6"},
				"west": {"uv": [10, 14, 11, 15], "texture": "#6"},
				"up": {"uv": [10, 14, 11, 15], "texture": "#6"},
				"down": {"uv": [10, 14, 11, 15], "texture": "#6"}
			}
		},
		{
			"from": [-6.19941, -4, -10.18189],
			"to": [1.80059, -2, -6.18189],
			"rotation": {"angle": -45, "axis": "y", "origin": [6.48211, -1, 2.32575]},
			"faces": {
				"north": {"uv": [10, 14, 11, 15], "texture": "#5"},
				"east": {"uv": [10, 14, 11, 15], "texture": "#5"},
				"south": {"uv": [10, 14, 11, 15], "texture": "#5"},
				"west": {"uv": [10, 14, 11, 15], "texture": "#5"},
				"up": {"uv": [10, 14, 11, 15], "texture": "#5"},
				"down": {"uv": [10, 14, 11, 15], "texture": "#5"}
			}
		},
		{
			"from": [-5.58209, -6, -9.25801],
			"to": [-1.58209, -3, -6.25801],
			"rotation": {"angle": -45, "axis": "y", "origin": [6.39232, 0, 3.95674]},
			"faces": {
				"north": {"uv": [10, 14, 11, 15], "texture": "#5"},
				"east": {"uv": [10, 14, 11, 15], "texture": "#5"},
				"south": {"uv": [10, 14, 11, 15], "texture": "#5"},
				"west": {"uv": [10, 14, 11, 15], "texture": "#5"},
				"up": {"uv": [10, 14, 11, 15], "texture": "#5"},
				"down": {"uv": [10, 14, 11, 15], "texture": "#5"}
			}
		},
		{
			"from": [12.06423, 0, -13.1682],
			"to": [14.56423, 2, -5.1682],
			"rotation": {"angle": 22.5, "axis": "y", "origin": [-0.02984, -1, 1.11807]},
			"faces": {
				"north": {"uv": [10, 14, 11, 15], "texture": "#5"},
				"east": {"uv": [10, 14, 11, 15], "texture": "#5"},
				"south": {"uv": [10, 14, 11, 15], "texture": "#5"},
				"west": {"uv": [10, 14, 11, 15], "texture": "#5"},
				"up": {"uv": [10, 14, 11, 15], "rotation": 90, "texture": "#5"},
				"down": {"uv": [10, 14, 11, 15], "rotation": 270, "texture": "#5"}
			}
		},
		{
			"from": [12.29178, -2, -12.76045],
			"to": [14.54178, 0, -4.76045],
			"rotation": {"angle": 22.5, "axis": "y", "origin": [0.19772, -1, 1.52582]},
			"faces": {
				"north": {"uv": [10, 14, 11, 15], "texture": "#6"},
				"east": {"uv": [10, 14, 11, 15], "texture": "#6"},
				"south": {"uv": [10, 14, 11, 15], "texture": "#6"},
				"west": {"uv": [10, 14, 11, 15], "texture": "#6"},
				"up": {"uv": [10, 14, 11, 15], "rotation": 90, "texture": "#6"},
				"down": {"uv": [10, 14, 11, 15], "rotation": 270, "texture": "#6"}
			}
		},
		{
			"from": [12.74689, -4, -11.94496],
			"to": [14.49689, -2, -3.94496],
			"rotation": {"angle": 22.5, "axis": "y", "origin": [0.65282, -1, 2.34131]},
			"faces": {
				"north": {"uv": [10, 14, 11, 15], "texture": "#5"},
				"east": {"uv": [10, 14, 11, 15], "texture": "#5"},
				"south": {"uv": [10, 14, 11, 15], "texture": "#5"},
				"west": {"uv": [10, 14, 11, 15], "texture": "#5"},
				"up": {"uv": [10, 14, 11, 15], "rotation": 90, "texture": "#5"},
				"down": {"uv": [10, 14, 11, 15], "rotation": 270, "texture": "#5"}
			}
		},
		{
			"from": [13.58097, -6, -9.93129],
			"to": [14.33097, -4, -1.93129],
			"rotation": {"angle": 22.5, "axis": "y", "origin": [0.56303, 0, 3.9723]},
			"faces": {
				"north": {"uv": [10, 14, 11, 15], "texture": "#5"},
				"east": {"uv": [10, 14, 11, 15], "texture": "#5"},
				"south": {"uv": [10, 14, 11, 15], "texture": "#5"},
				"west": {"uv": [10, 14, 11, 15], "texture": "#5"},
				"up": {"uv": [10, 14, 11, 15], "rotation": 90, "texture": "#5"},
				"down": {"uv": [10, 14, 11, 15], "rotation": 270, "texture": "#5"}
			}
		},
		{
			"from": [-10.1544, 0, -12.95291],
			"to": [-0.1544, 2, -8.20291],
			"rotation": {"angle": -22.5, "axis": "y", "origin": [-2.91977, -1, 18.19933]},
			"faces": {
				"north": {"uv": [10, 14, 11, 15], "texture": "#6"},
				"east": {"uv": [10, 14, 11, 15], "texture": "#6"},
				"south": {"uv": [10, 14, 11, 15], "texture": "#6"},
				"west": {"uv": [10, 14, 11, 15], "texture": "#5"},
				"up": {"uv": [10, 14, 11, 15], "texture": "#6"},
				"down": {"uv": [10, 14, 11, 15], "texture": "#5"}
			}
		},
		{
			"from": [-9.75007, -2, -12.72194],
			"to": [0.24993, 0, -8.22194],
			"rotation": {"angle": -22.5, "axis": "y", "origin": [-2.51544, -1, 18.4303]},
			"faces": {
				"north": {"uv": [10, 14, 11, 15], "texture": "#6"},
				"east": {"uv": [10, 14, 11, 15], "texture": "#6"},
				"south": {"uv": [10, 14, 11, 15], "texture": "#6"},
				"west": {"uv": [10, 14, 11, 15], "texture": "#6"},
				"up": {"uv": [10, 14, 11, 15], "texture": "#6"},
				"down": {"uv": [10, 14, 11, 15], "texture": "#6"}
			}
		},
		{
			"from": [-8.94142, -4, -12.26],
			"to": [1.05858, -2, -8.26],
			"rotation": {"angle": -22.5, "axis": "y", "origin": [-1.70678, -1, 18.89224]},
			"faces": {
				"north": {"uv": [10, 14, 11, 15], "texture": "#5"},
				"east": {"uv": [10, 14, 11, 15], "texture": "#5"},
				"south": {"uv": [10, 14, 11, 15], "texture": "#5"},
				"west": {"uv": [10, 14, 11, 15], "texture": "#5"},
				"up": {"uv": [10, 14, 11, 15], "texture": "#5"},
				"down": {"uv": [10, 14, 11, 15], "texture": "#5"}
			}
		},
		{
			"from": [-7.62858, -6, -12.86685],
			"to": [-2.62858, -3, -9.86685],
			"rotation": {"angle": -22.5, "axis": "y", "origin": [-4.08947, 0, 19.81612]},
			"faces": {
				"north": {"uv": [10, 14, 11, 15], "texture": "#5"},
				"east": {"uv": [10, 14, 11, 15], "texture": "#5"},
				"south": {"uv": [10, 14, 11, 15], "texture": "#5"},
				"west": {"uv": [10, 14, 11, 15], "texture": "#5"},
				"up": {"uv": [10, 14, 11, 15], "texture": "#5"},
				"down": {"uv": [10, 14, 11, 15], "texture": "#5"}
			}
		},
		{
			"from": [0.5, 0, -8.96173],
			"to": [15.5, 3, -1.96173],
			"rotation": {"angle": 0, "axis": "y", "origin": [7.97924, -1, 16.03827]},
			"faces": {
				"north": {"uv": [10, 14, 11, 15], "texture": "#6"},
				"east": {"uv": [10, 14, 11, 15], "texture": "#5"},
				"south": {"uv": [10, 14, 11, 15], "texture": "#6"},
				"west": {"uv": [10, 14, 11, 15], "texture": "#5"},
				"up": {"uv": [10, 14, 11, 15], "texture": "#6"},
				"down": {"uv": [10, 14, 11, 15], "texture": "#5"}
			}
		},
		{
			"from": [0.5, 0, -1.96173],
			"to": [1.5, 2, 27.03827],
			"rotation": {"angle": 0, "axis": "y", "origin": [7.97924, -1, 16.03827]},
			"faces": {
				"north": {"uv": [10, 14, 11, 15], "texture": "#5"},
				"east": {"uv": [10, 14, 11, 15], "texture": "#6"},
				"south": {"uv": [10, 14, 11, 15], "texture": "#5"},
				"west": {"uv": [10, 14, 11, 15], "texture": "#5"},
				"up": {"uv": [10, 14, 11, 15], "texture": "#6"},
				"down": {"uv": [10, 14, 11, 15], "texture": "#5"}
			}
		},
		{
			"from": [14.5, 0, -1.96173],
			"to": [15.5, 2, 27.03827],
			"rotation": {"angle": 0, "axis": "y", "origin": [7.97924, -1, 16.03827]},
			"faces": {
				"north": {"uv": [10, 14, 11, 15], "texture": "#6"},
				"east": {"uv": [10, 14, 11, 15], "texture": "#5"},
				"south": {"uv": [10, 14, 11, 15], "texture": "#5"},
				"west": {"uv": [10, 14, 11, 15], "texture": "#6"},
				"up": {"uv": [10, 14, 11, 15], "texture": "#6"},
				"down": {"uv": [10, 14, 11, 15], "texture": "#5"}
			}
		},
		{
			"from": [14, -2, -8.96173],
			"to": [15, 0, 27.03827],
			"rotation": {"angle": 0, "axis": "y", "origin": [7.97924, -1, 16.03827]},
			"faces": {
				"north": {"uv": [10, 14, 11, 15], "texture": "#6"},
				"east": {"uv": [10, 14, 11, 15], "texture": "#6"},
				"south": {"uv": [10, 14, 11, 15], "texture": "#6"},
				"west": {"uv": [10, 14, 11, 15], "texture": "#6"},
				"up": {"uv": [10, 14, 11, 15], "texture": "#6"},
				"down": {"uv": [10, 14, 11, 15], "texture": "#6"}
			}
		},
		{
			"from": [3, -4, -8.96173],
			"to": [14, -2, -2.96173],
			"rotation": {"angle": 0, "axis": "y", "origin": [7.97924, -1, 16.03827]},
			"faces": {
				"north": {"uv": [10, 14, 11, 15], "texture": "#5"},
				"east": {"uv": [10, 14, 11, 15], "texture": "#5"},
				"south": {"uv": [10, 14, 11, 15], "texture": "#5"},
				"west": {"uv": [10, 14, 11, 15], "texture": "#5"},
				"up": {"uv": [10, 14, 11, 15], "texture": "#5"},
				"down": {"uv": [10, 14, 11, 15], "texture": "#5"}
			}
		},
		{
			"from": [2, -4, -7.96173],
			"to": [14, -2, 27.03827],
			"rotation": {"angle": 0, "axis": "y", "origin": [7.97924, -1, 16.03827]},
			"faces": {
				"north": {"uv": [10, 14, 11, 15], "texture": "#5"},
				"east": {"uv": [10, 14, 11, 15], "texture": "#5"},
				"south": {"uv": [10, 14, 11, 15], "texture": "#5"},
				"west": {"uv": [10, 14, 11, 15], "texture": "#5"},
				"up": {"uv": [10, 14, 11, 15], "texture": "#5"},
				"down": {"uv": [10, 14, 11, 15], "texture": "#5"}
			}
		},
		{
			"from": [4, -6, -8.96173],
			"to": [12, -3, -2.96173],
			"rotation": {"angle": 0, "axis": "y", "origin": [7.97924, -1, 16.03827]},
			"faces": {
				"north": {"uv": [10, 14, 11, 15], "texture": "#5"},
				"east": {"uv": [10, 14, 11, 15], "texture": "#5"},
				"south": {"uv": [10, 14, 11, 15], "texture": "#5"},
				"west": {"uv": [10, 14, 11, 15], "texture": "#5"},
				"up": {"uv": [10, 14, 11, 15], "texture": "#5"},
				"down": {"uv": [10, 14, 11, 15], "texture": "#5"}
			}
		},
		{
			"from": [2, -4, -8.96173],
			"to": [3, -2, -2.96173],
			"rotation": {"angle": 0, "axis": "y", "origin": [7.97924, -1, 16.03827]},
			"faces": {
				"north": {"uv": [10, 14, 11, 15], "texture": "#5"},
				"east": {"uv": [10, 14, 11, 15], "texture": "#5"},
				"south": {"uv": [10, 14, 11, 15], "texture": "#5"},
				"west": {"uv": [10, 14, 11, 15], "texture": "#5"},
				"up": {"uv": [10, 14, 11, 15], "texture": "#5"},
				"down": {"uv": [10, 14, 11, 15], "texture": "#5"}
			}
		},
		{
			"from": [1, -2, -8.96173],
			"to": [14, 0, 27.03827],
			"rotation": {"angle": 0, "axis": "y", "origin": [7.97924, -1, 16.03827]},
			"faces": {
				"north": {"uv": [10, 14, 11, 15], "texture": "#6"},
				"east": {"uv": [10, 14, 11, 15], "texture": "#6"},
				"south": {"uv": [10, 14, 11, 15], "texture": "#6"},
				"west": {"uv": [10, 14, 11, 15], "texture": "#6"},
				"up": {"uv": [10, 14, 11, 15], "texture": "#6"},
				"down": {"uv": [10, 14, 11, 15], "texture": "#6"}
			}
		},
		{
			"from": [2, 0, 3.03827],
			"to": [7, 1, 9.03827],
			"rotation": {"angle": 0, "axis": "y", "origin": [7.97924, -1, 16.03827]},
			"faces": {
				"north": {"uv": [10, 14, 11, 15], "texture": "#3"},
				"east": {"uv": [10, 14, 11, 15], "texture": "#3"},
				"south": {"uv": [10, 14, 11, 15], "texture": "#3"},
				"west": {"uv": [10, 14, 11, 15], "texture": "#3"},
				"up": {"uv": [10, 14, 11, 15], "texture": "#3"},
				"down": {"uv": [10, 14, 11, 15], "texture": "#3"}
			}
		},
		{
			"from": [-6.88207, 4, -11.40513],
			"to": [1.11793, 5, -6.65513],
			"rotation": {"angle": -45, "axis": "y", "origin": [5.79946, -1, 1.10251]},
			"faces": {
				"north": {"uv": [10, 14, 11, 15], "texture": "#6"},
				"east": {"uv": [10, 14, 11, 15], "texture": "#6"},
				"south": {"uv": [10, 14, 11, 15], "texture": "#6"},
				"west": {"uv": [10, 14, 11, 15], "texture": "#6"},
				"up": {"uv": [10, 14, 11, 15], "texture": "#6"},
				"down": {"uv": [10, 14, 11, 15], "texture": "#6"}
			}
		},
		{
			"from": [12.06423, 4, -13.1682],
			"to": [14.56423, 5, -5.1682],
			"rotation": {"angle": 22.5, "axis": "y", "origin": [-0.02984, -1, 1.11807]},
			"faces": {
				"north": {"uv": [10, 14, 11, 15], "texture": "#6"},
				"east": {"uv": [10, 14, 11, 15], "texture": "#6"},
				"south": {"uv": [10, 14, 11, 15], "texture": "#6"},
				"west": {"uv": [10, 14, 11, 15], "texture": "#6"},
				"up": {"uv": [10, 14, 11, 15], "rotation": 90, "texture": "#6"},
				"down": {"uv": [10, 14, 11, 15], "rotation": 270, "texture": "#6"}
			}
		},
		{
			"from": [-10.1544, 4, -12.95291],
			"to": [-0.1544, 5, -8.20291],
			"rotation": {"angle": -22.5, "axis": "y", "origin": [-2.91977, -1, 18.19933]},
			"faces": {
				"north": {"uv": [10, 14, 11, 15], "texture": "#6"},
				"east": {"uv": [10, 14, 11, 15], "texture": "#6"},
				"south": {"uv": [10, 14, 11, 15], "texture": "#6"},
				"west": {"uv": [10, 14, 11, 15], "texture": "#6"},
				"up": {"uv": [10, 14, 11, 15], "texture": "#6"},
				"down": {"uv": [10, 14, 11, 15], "texture": "#6"}
			}
		},
		{
			"from": [0.5, 4, -8.96173],
			"to": [15.5, 5, -2.96173],
			"rotation": {"angle": 0, "axis": "y", "origin": [7.97924, -1, 16.03827]},
			"faces": {
				"north": {"uv": [10, 14, 11, 15], "texture": "#6"},
				"east": {"uv": [10, 14, 11, 15], "texture": "#6"},
				"south": {"uv": [10, 14, 11, 15], "texture": "#6"},
				"west": {"uv": [10, 14, 11, 15], "texture": "#6"},
				"up": {"uv": [10, 14, 11, 15], "texture": "#6"},
				"down": {"uv": [10, 14, 11, 15], "texture": "#6"}
			}
		},
		{
			"from": [6.05361, 4, -7.04184],
			"to": [7.05361, 5, -6.04184],
			"rotation": {"angle": 22.5, "axis": "y", "origin": [13.53285, -1, 8.95816]},
			"faces": {
				"north": {"uv": [10, 14, 11, 15], "texture": "#6"},
				"east": {"uv": [10, 14, 11, 15], "texture": "#6"},
				"south": {"uv": [10, 14, 11, 15], "texture": "#6"},
				"west": {"uv": [10, 14, 11, 15], "texture": "#6"},
				"up": {"uv": [10, 14, 11, 15], "texture": "#6"},
				"down": {"uv": [10, 14, 11, 15], "texture": "#6"}
			}
		},
		{
			"from": [13.08641, 4, -9.48632],
			"to": [14.08641, 5, -8.48632],
			"rotation": {"angle": -22.5, "axis": "y", "origin": [-1.60746, -1, -2.67072]},
			"faces": {
				"north": {"uv": [10, 14, 11, 15], "texture": "#6"},
				"east": {"uv": [10, 14, 11, 15], "texture": "#6"},
				"south": {"uv": [10, 14, 11, 15], "texture": "#6"},
				"west": {"uv": [10, 14, 11, 15], "texture": "#6"},
				"up": {"uv": [10, 14, 11, 15], "texture": "#6"},
				"down": {"uv": [10, 14, 11, 15], "texture": "#6"}
			}
		},
		{
			"from": [1.5, 9.54328, -3.25783],
			"to": [14.5, 10.64328, -2.25783],
			"rotation": {"angle": 0, "axis": "y", "origin": [7.97924, -0.45672, 15.74217]},
			"faces": {
				"north": {"uv": [10, 14, 11, 15], "texture": "#2"},
				"east": {"uv": [10, 14, 11, 15], "texture": "#2"},
				"south": {"uv": [10, 14, 11, 15], "texture": "#2"},
				"west": {"uv": [10, 14, 11, 15], "texture": "#2"},
				"up": {"uv": [10, 14, 11, 15], "texture": "#2"},
				"down": {"uv": [10, 14, 11, 15], "texture": "#2"}
			}
		},
		{
			"from": [1.5, 4, -2.96173],
			"to": [14.5, 5.1, -1.96173],
			"rotation": {"angle": 0, "axis": "y", "origin": [7.97924, -1, 16.03827]},
			"faces": {
				"north": {"uv": [10, 14, 11, 15], "texture": "#2"},
				"east": {"uv": [10, 14, 11, 15], "texture": "#2"},
				"south": {"uv": [10, 14, 11, 15], "texture": "#2"},
				"west": {"uv": [10, 14, 11, 15], "texture": "#2"},
				"up": {"uv": [10, 14, 11, 15], "texture": "#2"},
				"down": {"uv": [10, 14, 11, 15], "texture": "#2"}
			}
		},
		{
			"from": [7.72538, 9.54328, -7.19951],
			"to": [8.72538, 10.64328, -6.19951],
			"rotation": {"angle": -22.5, "axis": "y", "origin": [1.20462, 3.54328, 11.80049]},
			"faces": {
				"north": {"uv": [10, 14, 11, 15], "texture": "#2"},
				"east": {"uv": [10, 14, 11, 15], "texture": "#2"},
				"south": {"uv": [10, 14, 11, 15], "texture": "#2"},
				"west": {"uv": [10, 14, 11, 15], "texture": "#2"},
				"up": {"uv": [10, 14, 11, 15], "texture": "#2"},
				"down": {"uv": [10, 14, 11, 15], "texture": "#2"}
			}
		},
		{
			"from": [7.72538, 4, -6.90341],
			"to": [8.72538, 5.1, -5.90341],
			"rotation": {"angle": -22.5, "axis": "y", "origin": [1.20462, -1, 12.09659]},
			"faces": {
				"north": {"uv": [10, 14, 11, 15], "texture": "#2"},
				"east": {"uv": [10, 14, 11, 15], "texture": "#2"},
				"south": {"uv": [10, 14, 11, 15], "texture": "#2"},
				"west": {"uv": [10, 14, 11, 15], "texture": "#2"},
				"up": {"uv": [10, 14, 11, 15], "texture": "#2"},
				"down": {"uv": [10, 14, 11, 15], "texture": "#2"}
			}
		},
		{
			"from": [5.09188, 4, -6.3963],
			"to": [6.09188, 5.1, -5.3963],
			"rotation": {"angle": 22.5, "axis": "y", "origin": [12.42931, -1, 6.86345]},
			"faces": {
				"north": {"uv": [10, 14, 11, 15], "texture": "#2"},
				"east": {"uv": [10, 14, 11, 15], "texture": "#2"},
				"south": {"uv": [10, 14, 11, 15], "texture": "#2"},
				"west": {"uv": [10, 14, 11, 15], "texture": "#2"},
				"up": {"uv": [10, 14, 11, 15], "texture": "#2"},
				"down": {"uv": [10, 14, 11, 15], "texture": "#2"}
			}
		},
		{
			"from": [5.09188, 9.54328, -6.6924],
			"to": [6.09188, 10.64328, -5.6924],
			"rotation": {"angle": 22.5, "axis": "y", "origin": [12.42931, 3.54328, 6.56735]},
			"faces": {
				"north": {"uv": [10, 14, 11, 15], "texture": "#2"},
				"east": {"uv": [10, 14, 11, 15], "texture": "#2"},
				"south": {"uv": [10, 14, 11, 15], "texture": "#2"},
				"west": {"uv": [10, 14, 11, 15], "texture": "#2"},
				"up": {"uv": [10, 14, 11, 15], "texture": "#2"},
				"down": {"uv": [10, 14, 11, 15], "texture": "#2"}
			}
		},
		{
			"from": [7.09599, 4, -10.94398],
			"to": [8.09599, 5.1, -9.94398],
			"rotation": {"angle": 45, "axis": "y", "origin": [14.43342, -1, 2.31577]},
			"faces": {
				"north": {"uv": [10, 14, 11, 15], "texture": "#2"},
				"east": {"uv": [10, 14, 11, 15], "texture": "#2"},
				"south": {"uv": [10, 14, 11, 15], "texture": "#2"},
				"west": {"uv": [10, 14, 11, 15], "texture": "#2"},
				"up": {"uv": [10, 14, 11, 15], "texture": "#2"},
				"down": {"uv": [10, 14, 11, 15], "texture": "#2"}
			}
		},
		{
			"from": [7.09599, 9.54328, -11.24008],
			"to": [8.09599, 10.64328, -10.24008],
			"rotation": {"angle": 45, "axis": "y", "origin": [14.43342, 2.54328, 2.01967]},
			"faces": {
				"north": {"uv": [10, 14, 11, 15], "texture": "#2"},
				"east": {"uv": [10, 14, 11, 15], "texture": "#2"},
				"south": {"uv": [10, 14, 11, 15], "texture": "#2"},
				"west": {"uv": [10, 14, 11, 15], "texture": "#2"},
				"up": {"uv": [10, 14, 11, 15], "texture": "#2"},
				"down": {"uv": [10, 14, 11, 15], "texture": "#2"}
			}
		},
		{
			"from": [-0.13099, 4, -1.87194],
			"to": [0.86901, 5.1, 3.12806],
			"rotation": {"angle": 0, "axis": "y", "origin": [8.62066, -1, -2.02641]},
			"faces": {
				"north": {"uv": [10, 14, 11, 15], "texture": "#2"},
				"east": {"uv": [10, 14, 11, 15], "texture": "#2"},
				"south": {"uv": [10, 14, 11, 15], "texture": "#2"},
				"west": {"uv": [10, 14, 11, 15], "texture": "#2"},
				"up": {"uv": [10, 14, 11, 15], "texture": "#2"},
				"down": {"uv": [10, 14, 11, 15], "texture": "#2"}
			}
		},
		{
			"from": [-0.13099, 1.53386, 3.65329],
			"to": [0.86901, 7.53386, 4.75329],
			"rotation": {"angle": -22.5, "axis": "x", "origin": [8.62066, -0.76836, -5.02341]},
			"faces": {
				"north": {"uv": [10, 14, 11, 15], "rotation": 180, "texture": "#2"},
				"east": {"uv": [10, 14, 11, 15], "rotation": 270, "texture": "#2"},
				"south": {"uv": [10, 14, 11, 15], "texture": "#2"},
				"west": {"uv": [10, 14, 11, 15], "rotation": 90, "texture": "#2"},
				"up": {"uv": [10, 14, 11, 15], "rotation": 180, "texture": "#2"},
				"down": {"uv": [10, 14, 11, 15], "texture": "#2"}
			}
		},
		{
			"from": [15.13099, 1.53386, 3.65329],
			"to": [16.13099, 7.53386, 4.75329],
			"rotation": {"angle": -22.5, "axis": "x", "origin": [11.88263, -0.76836, -5.02341]},
			"faces": {
				"north": {"uv": [10, 14, 11, 15], "rotation": 180, "texture": "#2"},
				"east": {"uv": [10, 14, 11, 15], "rotation": 270, "texture": "#2"},
				"south": {"uv": [10, 14, 11, 15], "texture": "#2"},
				"west": {"uv": [10, 14, 11, 15], "rotation": 90, "texture": "#2"},
				"up": {"uv": [10, 14, 11, 15], "rotation": 180, "texture": "#2"},
				"down": {"uv": [10, 14, 11, 15], "texture": "#2"}
			}
		},
		{
			"from": [15.13099, 4, -1.87194],
			"to": [16.13099, 5.1, 3.12806],
			"rotation": {"angle": 0, "axis": "y", "origin": [7.88263, -1, -2.02641]},
			"faces": {
				"north": {"uv": [10, 14, 11, 15], "texture": "#2"},
				"east": {"uv": [10, 14, 11, 15], "texture": "#2"},
				"south": {"uv": [10, 14, 11, 15], "texture": "#2"},
				"west": {"uv": [10, 14, 11, 15], "texture": "#2"},
				"up": {"uv": [10, 14, 11, 15], "texture": "#2"},
				"down": {"uv": [10, 14, 11, 15], "texture": "#2"}
			}
		},
		{
			"from": [15.13099, 9.54328, -2.16804],
			"to": [16.13099, 10.64328, 0.83196],
			"rotation": {"angle": 0, "axis": "y", "origin": [7.88263, -0.45672, -2.32251]},
			"faces": {
				"north": {"uv": [10, 14, 11, 15], "texture": "#2"},
				"east": {"uv": [10, 14, 11, 15], "texture": "#2"},
				"south": {"uv": [10, 14, 11, 15], "texture": "#2"},
				"west": {"uv": [10, 14, 11, 15], "texture": "#2"},
				"up": {"uv": [10, 14, 11, 15], "texture": "#2"},
				"down": {"uv": [10, 14, 11, 15], "texture": "#2"}
			}
		},
		{
			"from": [-0.13099, 9.54328, -2.16804],
			"to": [0.86901, 10.64328, 0.83196],
			"rotation": {"angle": 0, "axis": "y", "origin": [3.62066, -1.45672, -2.32251]},
			"faces": {
				"north": {"uv": [10, 14, 11, 15], "texture": "#2"},
				"east": {"uv": [10, 14, 11, 15], "texture": "#2"},
				"south": {"uv": [10, 14, 11, 15], "texture": "#2"},
				"west": {"uv": [10, 14, 11, 15], "texture": "#2"},
				"up": {"uv": [10, 14, 11, 15], "texture": "#2"},
				"down": {"uv": [10, 14, 11, 15], "texture": "#2"}
			}
		},
		{
			"from": [3.89874, 9.54328, -13.05099],
			"to": [4.89874, 10.64328, -12.05099],
			"rotation": {"angle": -45, "axis": "y", "origin": [-2.62202, 3.54328, 5.94901]},
			"faces": {
				"north": {"uv": [10, 14, 11, 15], "texture": "#2"},
				"east": {"uv": [10, 14, 11, 15], "texture": "#2"},
				"south": {"uv": [10, 14, 11, 15], "texture": "#2"},
				"west": {"uv": [10, 14, 11, 15], "texture": "#2"},
				"up": {"uv": [10, 14, 11, 15], "texture": "#2"},
				"down": {"uv": [10, 14, 11, 15], "texture": "#2"}
			}
		},
		{
			"from": [3.89874, 4, -12.75489],
			"to": [4.89874, 5.1, -11.75489],
			"rotation": {"angle": -45, "axis": "y", "origin": [-2.62202, -1, 6.24511]},
			"faces": {
				"north": {"uv": [10, 14, 11, 15], "texture": "#2"},
				"east": {"uv": [10, 14, 11, 15], "texture": "#2"},
				"south": {"uv": [10, 14, 11, 15], "texture": "#2"},
				"west": {"uv": [10, 14, 11, 15], "texture": "#2"},
				"up": {"uv": [10, 14, 11, 15], "texture": "#2"},
				"down": {"uv": [10, 14, 11, 15], "texture": "#2"}
			}
		},
		{
			"from": [14.1544, 4, -12.95291],
			"to": [26.1544, 5, -8.20291],
			"rotation": {"angle": 22.5, "axis": "y", "origin": [18.91977, -1, 18.19933]},
			"faces": {
				"north": {"uv": [10, 14, 11, 15], "texture": "#6"},
				"east": {"uv": [10, 14, 11, 15], "texture": "#6"},
				"south": {"uv": [10, 14, 11, 15], "texture": "#6"},
				"west": {"uv": [10, 14, 11, 15], "texture": "#6"},
				"up": {"uv": [10, 14, 11, 15], "texture": "#6"},
				"down": {"uv": [10, 14, 11, 15], "texture": "#6"}
			}
		},
		{
			"from": [24.59557, 4, 0.64642],
			"to": [29.59557, 5, 5.39642],
			"rotation": {"angle": 45, "axis": "y", "origin": [-0.99021, -1, 15.23221]},
			"faces": {
				"north": {"uv": [10, 14, 11, 15], "texture": "#6"},
				"east": {"uv": [10, 14, 11, 15], "texture": "#6"},
				"south": {"uv": [10, 14, 11, 15], "texture": "#6"},
				"west": {"uv": [10, 14, 11, 15], "texture": "#6"},
				"up": {"uv": [10, 14, 11, 15], "texture": "#6"},
				"down": {"uv": [10, 14, 11, 15], "texture": "#6"}
			}
		},
		{
			"from": [1.15258, 4, -11.47646],
			"to": [3.65258, 5, -4.47646],
			"rotation": {"angle": -22.5, "axis": "y", "origin": [20.14071, -1, 2.67578]},
			"faces": {
				"north": {"uv": [10, 14, 11, 15], "texture": "#6"},
				"east": {"uv": [10, 14, 11, 15], "texture": "#6"},
				"south": {"uv": [10, 14, 11, 15], "texture": "#6"},
				"west": {"uv": [10, 14, 11, 15], "texture": "#6"},
				"up": {"uv": [10, 14, 11, 15], "rotation": 270, "texture": "#6"},
				"down": {"uv": [10, 14, 11, 15], "rotation": 90, "texture": "#6"}
			}
		},
		{
			"from": [4, 2.5, -1.25],
			"to": [5, 3.25, 0.75],
			"faces": {
				"north": {"uv": [8, 14, 9, 15], "texture": "#2"},
				"east": {"uv": [8, 14, 9, 15], "texture": "#2"},
				"south": {"uv": [8, 14, 9, 15], "texture": "#2"},
				"west": {"uv": [8, 14, 9, 15], "texture": "#2"},
				"up": {"uv": [8, 14, 9, 15], "texture": "#2"},
				"down": {"uv": [8, 14, 9, 15], "texture": "#2"}
			}
		},
		{
			"from": [3.25, 4.25, 0.75],
			"to": [3.5, 4.5, 1.25],
			"faces": {
				"north": {"uv": [8, 14, 9, 15], "texture": "#2"},
				"east": {"uv": [8, 14, 9, 15], "texture": "#2"},
				"south": {"uv": [8, 14, 9, 15], "texture": "#2"},
				"west": {"uv": [8, 14, 9, 15], "texture": "#2"},
				"up": {"uv": [8, 14, 9, 15], "texture": "#2"},
				"down": {"uv": [8, 14, 9, 15], "texture": "#2"}
			}
		},
		{
			"from": [3, 2.25, 0.75],
			"to": [3.25, 4.25, 1.25],
			"faces": {
				"north": {"uv": [8, 14, 9, 15], "texture": "#2"},
				"east": {"uv": [8, 14, 9, 15], "texture": "#2"},
				"south": {"uv": [8, 14, 9, 15], "texture": "#2"},
				"west": {"uv": [8, 14, 9, 15], "texture": "#2"},
				"up": {"uv": [8, 14, 9, 15], "texture": "#2"},
				"down": {"uv": [8, 14, 9, 15], "texture": "#2"}
			}
		},
		{
			"from": [3.5, 2.5, 0.75],
			"to": [5.5, 4, 1.25],
			"faces": {
				"north": {"uv": [8, 14, 9, 15], "texture": "#2"},
				"east": {"uv": [8, 14, 9, 15], "texture": "#2"},
				"south": {"uv": [8, 14, 9, 15], "texture": "#2"},
				"west": {"uv": [8, 14, 9, 15], "texture": "#2"},
				"up": {"uv": [8, 14, 9, 15], "texture": "#2"},
				"down": {"uv": [8, 14, 9, 15], "texture": "#2"}
			}
		},
		{
			"from": [7, 2.5, -1.25],
			"to": [9, 3.5, -0.75],
			"faces": {
				"north": {"uv": [8, 14, 9, 15], "texture": "#4"},
				"east": {"uv": [8, 14, 9, 15], "texture": "#4"},
				"south": {"uv": [8, 14, 9, 15], "texture": "#4"},
				"west": {"uv": [8, 14, 9, 15], "texture": "#4"},
				"up": {"uv": [8, 14, 9, 15], "texture": "#4"},
				"down": {"uv": [8, 14, 9, 15], "texture": "#4"}
			}
		},
		{
			"from": [3.5, 1.75, 0.75],
			"to": [5.5, 2, 1.25],
			"faces": {
				"north": {"uv": [8, 14, 9, 15], "texture": "#2"},
				"east": {"uv": [8, 14, 9, 15], "texture": "#2"},
				"south": {"uv": [8, 14, 9, 15], "texture": "#2"},
				"west": {"uv": [8, 14, 9, 15], "texture": "#2"},
				"up": {"uv": [8, 14, 9, 15], "texture": "#2"},
				"down": {"uv": [8, 14, 9, 15], "texture": "#2"}
			}
		},
		{
			"from": [3.25, 2, 0.75],
			"to": [3.5, 2.25, 1.25],
			"faces": {
				"north": {"uv": [8, 14, 9, 15], "texture": "#2"},
				"east": {"uv": [8, 14, 9, 15], "texture": "#2"},
				"south": {"uv": [8, 14, 9, 15], "texture": "#2"},
				"west": {"uv": [8, 14, 9, 15], "texture": "#2"},
				"up": {"uv": [8, 14, 9, 15], "texture": "#2"},
				"down": {"uv": [8, 14, 9, 15], "texture": "#2"}
			}
		},
		{
			"from": [5.5, 2, 0.75],
			"to": [5.75, 2.25, 1.25],
			"faces": {
				"north": {"uv": [8, 14, 9, 15], "texture": "#2"},
				"east": {"uv": [8, 14, 9, 15], "texture": "#2"},
				"south": {"uv": [8, 14, 9, 15], "texture": "#2"},
				"west": {"uv": [8, 14, 9, 15], "texture": "#2"},
				"up": {"uv": [8, 14, 9, 15], "texture": "#2"},
				"down": {"uv": [8, 14, 9, 15], "texture": "#2"}
			}
		},
		{
			"from": [5.75, 2.25, 0.75],
			"to": [6, 4.25, 1.25],
			"faces": {
				"north": {"uv": [8, 14, 9, 15], "texture": "#2"},
				"east": {"uv": [8, 14, 9, 15], "texture": "#2"},
				"south": {"uv": [8, 14, 9, 15], "texture": "#2"},
				"west": {"uv": [8, 14, 9, 15], "texture": "#2"},
				"up": {"uv": [8, 14, 9, 15], "texture": "#2"},
				"down": {"uv": [8, 14, 9, 15], "texture": "#2"}
			}
		},
		{
			"from": [5.5, 4.25, 0.75],
			"to": [5.75, 4.5, 1.25],
			"faces": {
				"north": {"uv": [8, 14, 9, 15], "texture": "#2"},
				"east": {"uv": [8, 14, 9, 15], "texture": "#2"},
				"south": {"uv": [8, 14, 9, 15], "texture": "#2"},
				"west": {"uv": [8, 14, 9, 15], "texture": "#2"},
				"up": {"uv": [8, 14, 9, 15], "texture": "#2"},
				"down": {"uv": [8, 14, 9, 15], "texture": "#2"}
			}
		},
		{
			"from": [3.5, 4.5, 0.75],
			"to": [5.5, 4.75, 1.25],
			"faces": {
				"north": {"uv": [8, 14, 9, 15], "texture": "#2"},
				"east": {"uv": [8, 14, 9, 15], "texture": "#2"},
				"south": {"uv": [8, 14, 9, 15], "texture": "#2"},
				"west": {"uv": [8, 14, 9, 15], "texture": "#2"},
				"up": {"uv": [8, 14, 9, 15], "texture": "#2"},
				"down": {"uv": [8, 14, 9, 15], "texture": "#2"}
			}
		}
	],
	"display": {
		"gui": {
			"translation": [0, 1, 0],
			"scale": [0.4, 0.4, 1]
		},
		"head": {
			"translation": [16, 16, 32],
			"scale": [4, 4, 4]
		}
	},
	"groups": [
		{
			"name": "barca bella",
			"origin": [7.97924, -1, 16.03827],
			"children": [0, 1, 2, 3, 4, 5, 6, 7, 8, 9, 10, 11, 12, 13, 14, 15, 16, 17, 18, 19, 20, 21, 22, 23, 24, 25, 26, 27, 28,
				{
					"name": "layer 1",
					"origin": [8, 8, 8],
					"children": [29, 30, 31, 32, 33, 34, 35, 36, 37]
				},
				{
					"name": "layer 2",
					"origin": [7.97924, -1, 16.03827],
					"children": [38, 39, 40, 41, 42, 43, 44, 45, 46, 47, 48, 49, 50, 51, 52, 53, 54, 55, 56, 57, 58, 59]
				},
				{
					"name": "layer 2x2",
					"origin": [7.97924, -1, 16.03827],
					"children": [60, 61, 62, 63, 64, 65, 66, 67, 68, 69, 70, 71, 72, 73, 74, 75, 76, 77, 78, 79, 80, 81, 82, 83, 84]
				}
			]
		},
		{
			"name": "steeringwheel",
			"origin": [8, 8, 8],
			"children": [85, 86, 87, 88, 89, 90, 91, 92, 93, 94, 95]
		}
	]
}