{
	"credit": "Stolen From Vaipah",
	"textures": {
		"1": "block/anvil",
		"2": "block/white_concrete",
		"3": "block/brown_concrete",
		"6": "cars/qavassets1",
		"7": "block/orange_concrete",
		"8": "block/light_gray_concrete",
		"9": "block/black_concrete",
		"10": "cars/magaz",
		"particle": "block/anvil",
		"kolo": "cars/tire"
	},
	"elements": [
		{
			"from": [3.815, 7.605, -2.695],
			"to": [4.745, 8.3025, -0.835],
			"rotation": {"angle": 0, "axis": "y", "origin": [8, 9, 8]},
			"faces": {
				"north": {"uv": [12, 0, 16, 4], "texture": "#1"},
				"east": {"uv": [12, 0, 16, 4], "texture": "#1"},
				"south": {"uv": [12, 0, 16, 4], "texture": "#1"},
				"west": {"uv": [12, 0, 16, 4], "texture": "#1"},
				"up": {"uv": [12, 0, 16, 4], "texture": "#1"},
				"down": {"uv": [12, 0, 16, 4], "texture": "#1"}
			}
		},
		{
			"from": [3.1175, 9.2325, -0.835],
			"to": [3.35, 9.465, -0.37],
			"rotation": {"angle": 0, "axis": "y", "origin": [8, 9, 8]},
			"faces": {
				"north": {"uv": [12, 0, 16, 4], "texture": "#9"},
				"east": {"uv": [12, 0, 16, 4], "texture": "#9"},
				"south": {"uv": [12, 0, 16, 4], "texture": "#9"},
				"west": {"uv": [12, 0, 16, 4], "texture": "#9"},
				"up": {"uv": [12, 0, 16, 4], "texture": "#9"},
				"down": {"uv": [12, 0, 16, 4], "texture": "#9"}
			}
		},
		{
			"from": [2.885, 7.3725, -0.835],
			"to": [3.1175, 9.2325, -0.37],
			"rotation": {"angle": 0, "axis": "y", "origin": [8, 9, 8]},
			"faces": {
				"north": {"uv": [12, 0, 16, 4], "texture": "#9"},
				"east": {"uv": [12, 0, 16, 4], "texture": "#9"},
				"south": {"uv": [12, 0, 16, 4], "texture": "#9"},
				"west": {"uv": [12, 0, 16, 4], "texture": "#9"},
				"up": {"uv": [12, 0, 16, 4], "texture": "#9"},
				"down": {"uv": [12, 0, 16, 4], "texture": "#9"}
			}
		},
		{
			"from": [3.35, 7.605, -0.835],
			"to": [5.21, 9, -0.37],
			"rotation": {"angle": 0, "axis": "y", "origin": [8, 9, 8]},
			"faces": {
				"north": {"uv": [12, 0, 16, 4], "texture": "#1"},
				"east": {"uv": [12, 0, 16, 4], "texture": "#1"},
				"south": {"uv": [12, 0, 16, 4], "texture": "#1"},
				"west": {"uv": [12, 0, 16, 4], "texture": "#1"},
				"up": {"uv": [12, 0, 16, 4], "texture": "#1"},
				"down": {"uv": [12, 0, 16, 4], "texture": "#1"}
			}
		},
		{
			"from": [3.35, 6.9075, -0.835],
			"to": [5.21, 7.14, -0.37],
			"rotation": {"angle": 0, "axis": "y", "origin": [8, 9, 8]},
			"faces": {
				"north": {"uv": [12, 0, 16, 4], "texture": "#9"},
				"east": {"uv": [12, 0, 16, 4], "texture": "#9"},
				"south": {"uv": [12, 0, 16, 4], "texture": "#9"},
				"west": {"uv": [12, 0, 16, 4], "texture": "#9"},
				"up": {"uv": [12, 0, 16, 4], "texture": "#9"},
				"down": {"uv": [12, 0, 16, 4], "texture": "#9"}
			}
		},
		{
			"from": [3.1175, 7.14, -0.835],
			"to": [3.35, 7.3725, -0.37],
			"rotation": {"angle": 0, "axis": "y", "origin": [8, 9, 8]},
			"faces": {
				"north": {"uv": [12, 0, 16, 4], "texture": "#9"},
				"east": {"uv": [12, 0, 16, 4], "texture": "#9"},
				"south": {"uv": [12, 0, 16, 4], "texture": "#9"},
				"west": {"uv": [12, 0, 16, 4], "texture": "#9"},
				"up": {"uv": [12, 0, 16, 4], "texture": "#9"},
				"down": {"uv": [12, 0, 16, 4], "texture": "#9"}
			}
		},
		{
			"from": [5.21, 7.14, -0.835],
			"to": [5.4425, 7.3725, -0.37],
			"rotation": {"angle": 0, "axis": "y", "origin": [8, 9, 8]},
			"faces": {
				"north": {"uv": [12, 0, 16, 4], "texture": "#9"},
				"east": {"uv": [12, 0, 16, 4], "texture": "#9"},
				"south": {"uv": [12, 0, 16, 4], "texture": "#9"},
				"west": {"uv": [12, 0, 16, 4], "texture": "#9"},
				"up": {"uv": [12, 0, 16, 4], "texture": "#9"},
				"down": {"uv": [12, 0, 16, 4], "texture": "#9"}
			}
		},
		{
			"from": [5.4425, 7.3725, -0.835],
			"to": [5.675, 9.2325, -0.37],
			"rotation": {"angle": 0, "axis": "y", "origin": [8, 9, 8]},
			"faces": {
				"north": {"uv": [12, 0, 16, 4], "texture": "#9"},
				"east": {"uv": [12, 0, 16, 4], "texture": "#9"},
				"south": {"uv": [12, 0, 16, 4], "texture": "#9"},
				"west": {"uv": [12, 0, 16, 4], "texture": "#9"},
				"up": {"uv": [12, 0, 16, 4], "texture": "#9"},
				"down": {"uv": [12, 0, 16, 4], "texture": "#9"}
			}
		},
		{
			"from": [5.21, 9.2325, -0.835],
			"to": [5.4425, 9.465, -0.37],
			"rotation": {"angle": 0, "axis": "y", "origin": [8, 9, 8]},
			"faces": {
				"north": {"uv": [12, 0, 16, 4], "texture": "#9"},
				"east": {"uv": [12, 0, 16, 4], "texture": "#9"},
				"south": {"uv": [12, 0, 16, 4], "texture": "#9"},
				"west": {"uv": [12, 0, 16, 4], "texture": "#9"},
				"up": {"uv": [12, 0, 16, 4], "texture": "#9"},
				"down": {"uv": [12, 0, 16, 4], "texture": "#9"}
			}
		},
		{
			"from": [3.35, 9.465, -0.835],
			"to": [5.21, 9.6975, -0.37],
			"rotation": {"angle": 0, "axis": "y", "origin": [8, 9, 8]},
			"faces": {
				"north": {"uv": [12, 0, 16, 4], "texture": "#9"},
				"east": {"uv": [12, 0, 16, 4], "texture": "#9"},
				"south": {"uv": [12, 0, 16, 4], "texture": "#9"},
				"west": {"uv": [12, 0, 16, 4], "texture": "#9"},
				"up": {"uv": [12, 0, 16, 4], "texture": "#9"},
				"down": {"uv": [12, 0, 16, 4], "texture": "#9"}
			}
		},
		{
			"from": [2.1875, 1.49, 0.56],
			"to": [7.7675, 4.28, 6.14],
			"faces": {
				"north": {"uv": [0, 4, 4, 8], "texture": "#3"},
				"east": {"uv": [0, 4, 4, 8], "texture": "#3"},
				"south": {"uv": [0, 4, 4, 8], "texture": "#3"},
				"west": {"uv": [0, 4, 4, 8], "texture": "#3"},
				"up": {"uv": [0, 4, 4, 8], "texture": "#3"},
				"down": {"uv": [0, 4, 4, 8], "texture": "#3"}
			}
		},
		{
			"from": [2.1875, 1.49, 6.14],
			"to": [7.7675, 10.79, 7.07],
			"faces": {
				"north": {"uv": [0, 4, 4, 8], "texture": "#3"},
				"east": {"uv": [0, 4, 4, 8], "texture": "#3"},
				"south": {"uv": [0, 4, 4, 8], "texture": "#3"},
				"west": {"uv": [0, 4, 4, 8], "texture": "#3"},
				"up": {"uv": [0, 4, 4, 8], "texture": "#3"},
				"down": {"uv": [0, 4, 4, 8], "texture": "#3"}
			}
		},
		{
			"from": [8.465, 1.49, 0.56],
			"to": [14.045, 4.28, 6.14],
			"faces": {
				"north": {"uv": [0, 4, 4, 8], "texture": "#3"},
				"east": {"uv": [0, 4, 4, 8], "texture": "#3"},
				"south": {"uv": [0, 4, 4, 8], "texture": "#3"},
				"west": {"uv": [0, 4, 4, 8], "texture": "#3"},
				"up": {"uv": [0, 4, 4, 8], "texture": "#3"},
				"down": {"uv": [0, 4, 4, 8], "texture": "#3"}
			}
		},
		{
			"from": [8.465, 1.49, 6.14],
			"to": [14.045, 10.79, 7.07],
			"faces": {
				"north": {"uv": [0, 4, 4, 8], "texture": "#3"},
				"east": {"uv": [0, 4, 4, 8], "texture": "#3"},
				"south": {"uv": [0, 4, 4, 8], "texture": "#3"},
				"west": {"uv": [0, 4, 4, 8], "texture": "#3"},
				"up": {"uv": [0, 4, 4, 8], "texture": "#3"},
				"down": {"uv": [0, 4, 4, 8], "texture": "#3"}
			}
		},
		{
			"from": [0.56, 2.1875, -8.3308],
			"to": [15.44, 9.6275, -2.23],
			"rotation": {"angle": 0, "axis": "y", "origin": [8, 8, 7.4792]},
			"faces": {
				"north": {"uv": [9, 14, 10, 15], "texture": "#2"},
				"east": {"uv": [9, 14, 10, 15], "texture": "#2"},
				"south": {"uv": [9, 14, 10, 15], "texture": "#8"},
				"west": {"uv": [9, 14, 10, 15], "texture": "#2"},
				"up": {"uv": [9, 14, 10, 15], "texture": "#8"},
				"down": {"uv": [9, 14, 10, 15], "texture": "#2"}
			}
		},
		{
			"from": [0.56, 2.20152, -8.78178],
			"to": [15.44, 7.31652, -8.31678],
			"rotation": {"angle": 0, "axis": "y", "origin": [8, 8.01402, 7.02822]},
			"faces": {
				"north": {"uv": [9, 14, 10, 15], "texture": "#8"},
				"east": {"uv": [9, 14, 10, 15], "texture": "#2"},
				"south": {"uv": [9, 14, 10, 15], "texture": "#2"},
				"west": {"uv": [9, 14, 10, 15], "texture": "#2"},
				"up": {"uv": [9, 14, 10, 15], "texture": "#2"},
				"down": {"uv": [9, 14, 10, 15], "texture": "#2"}
			}
		},
		{
			"from": [0.56, 5.98188, -9.43035],
			"to": [15.44, 7.37688, -7.10535],
			"rotation": {"angle": 0, "axis": "y", "origin": [8, 8.07438, 7.30965]},
			"faces": {
				"north": {"uv": [9, 14, 10, 15], "texture": "#2"},
				"east": {"uv": [9, 14, 10, 15], "texture": "#2"},
				"south": {"uv": [9, 14, 10, 15], "texture": "#2"},
				"west": {"uv": [9, 14, 10, 15], "texture": "#2"},
				"up": {"uv": [9, 14, 10, 15], "texture": "#2"},
				"down": {"uv": [9, 14, 10, 15], "texture": "#2"}
			}
		},
		{
			"from": [12.65, 3.13152, -9.71178],
			"to": [15.44, 5.45652, -8.31678],
			"rotation": {"angle": 0, "axis": "y", "origin": [8, 8.01402, 7.02822]},
			"faces": {
				"north": {"uv": [9, 14, 10, 15], "texture": "#2"},
				"east": {"uv": [9, 14, 10, 15], "texture": "#2"},
				"south": {"uv": [9, 14, 10, 15], "texture": "#2"},
				"west": {"uv": [9, 14, 10, 15], "texture": "#2"},
				"up": {"uv": [9, 14, 10, 15], "texture": "#2"},
				"down": {"uv": [9, 14, 10, 15], "texture": "#2"}
			}
		},
		{
			"from": [0.56, 3.13152, -9.71178],
			"to": [3.35, 5.45652, -8.31678],
			"rotation": {"angle": 0, "axis": "y", "origin": [8, 8.01402, 7.02822]},
			"faces": {
				"north": {"uv": [9, 14, 10, 15], "texture": "#2"},
				"east": {"uv": [9, 14, 10, 15], "texture": "#2"},
				"south": {"uv": [9, 14, 10, 15], "texture": "#2"},
				"west": {"uv": [9, 14, 10, 15], "texture": "#2"},
				"up": {"uv": [9, 14, 10, 15], "texture": "#2"},
				"down": {"uv": [9, 14, 10, 15], "texture": "#2"}
			}
		},
		{
			"from": [0.56, 2.20152, -9.71178],
			"to": [15.44, 3.59652, -8.31678],
			"rotation": {"angle": 0, "axis": "y", "origin": [8, 8.01402, 7.02822]},
			"faces": {
				"north": {"uv": [9, 14, 10, 15], "texture": "#2"},
				"east": {"uv": [9, 14, 10, 15], "texture": "#2"},
				"south": {"uv": [9, 14, 10, 15], "texture": "#2"},
				"west": {"uv": [9, 14, 10, 15], "texture": "#2"},
				"up": {"uv": [9, 14, 10, 15], "texture": "#8"},
				"down": {"uv": [9, 14, 10, 15], "texture": "#2"}
			}
		},
		{
			"from": [2.42, 4.5125, -9.205],
			"to": [12.65, 4.9775, -8.275],
			"rotation": {"angle": 0, "axis": "y", "origin": [8, 8.01402, 7.02822]},
			"faces": {
				"north": {"uv": [9, 14, 10, 15], "texture": "#1"},
				"east": {"uv": [9, 14, 10, 15], "texture": "#1"},
				"south": {"uv": [9, 14, 10, 15], "texture": "#1"},
				"west": {"uv": [9, 14, 10, 15], "texture": "#1"},
				"up": {"uv": [9, 14, 10, 15], "texture": "#1"},
				"down": {"uv": [9, 14, 10, 15], "texture": "#1"}
			}
		},
		{
			"from": [2.42, 3.815, -9.205],
			"to": [12.65, 4.28, -8.275],
			"rotation": {"angle": 0, "axis": "y", "origin": [8, 8.01402, 7.02822]},
			"faces": {
				"north": {"uv": [9, 14, 10, 15], "texture": "#1"},
				"east": {"uv": [9, 14, 10, 15], "texture": "#1"},
				"south": {"uv": [9, 14, 10, 15], "texture": "#1"},
				"west": {"uv": [9, 14, 10, 15], "texture": "#1"},
				"up": {"uv": [9, 14, 10, 15], "texture": "#1"},
				"down": {"uv": [9, 14, 10, 15], "texture": "#1"}
			}
		},
		{
			"from": [2.42, 5.21, -9.205],
			"to": [12.65, 5.675, -8.275],
			"rotation": {"angle": 0, "axis": "y", "origin": [8, 8.01402, 7.02822]},
			"faces": {
				"north": {"uv": [9, 14, 10, 15], "texture": "#1"},
				"east": {"uv": [9, 14, 10, 15], "texture": "#1"},
				"south": {"uv": [9, 14, 10, 15], "texture": "#1"},
				"west": {"uv": [9, 14, 10, 15], "texture": "#1"},
				"up": {"uv": [9, 14, 10, 15], "texture": "#1"},
				"down": {"uv": [9, 14, 10, 15], "texture": "#1"}
			}
		},
		{
			"from": [0.56, 8.18043, -8.32707],
			"to": [15.44, 10.04043, -7.39707],
			"rotation": {"angle": 0, "axis": "y", "origin": [8, 7.48293, 6.55293]},
			"faces": {
				"north": {"uv": [9, 14, 10, 15], "texture": "#2"},
				"east": {"uv": [9, 14, 10, 15], "texture": "#2"},
				"south": {"uv": [9, 14, 10, 15], "texture": "#2"},
				"west": {"uv": [9, 14, 10, 15], "texture": "#2"},
				"up": {"uv": [9, 14, 10, 15], "texture": "#2"},
				"down": {"uv": [9, 14, 10, 15], "texture": "#2"}
			}
		},
		{
			"from": [0.56, 17.0675, -0.37],
			"to": [15.44, 17.9975, 8],
			"rotation": {"angle": 0, "axis": "y", "origin": [8, 8.93, 8]},
			"faces": {
				"north": {"uv": [9, 14, 10, 15], "texture": "#2"},
				"east": {"uv": [9, 14, 10, 15], "texture": "#2"},
				"south": {"uv": [9, 14, 10, 15], "texture": "#2"},
				"west": {"uv": [9, 14, 10, 15], "texture": "#2"},
				"up": {"uv": [9, 14, 10, 15], "texture": "#2"},
				"down": {"uv": [9, 14, 10, 15], "texture": "#2"}
			}
		},
		{
			"from": [1.49, 28.4232, 1.66441],
			"to": [14.51, 29.3532, 3.61741],
			"rotation": {"angle": -45, "axis": "x", "origin": [8, 18.86211, 15.33125]},
			"faces": {
				"north": {"uv": [9, 14, 10, 15], "texture": "#2"},
				"east": {"uv": [9, 14, 10, 15], "texture": "#2"},
				"south": {"uv": [9, 14, 10, 15], "texture": "#2"},
				"west": {"uv": [9, 14, 10, 15], "texture": "#2"},
				"up": {"uv": [9, 14, 10, 15], "texture": "#2"},
				"down": {"uv": [9, 14, 10, 15], "texture": "#2"}
			}
		},
		{
			"from": [14.51, 28.4232, -7.63559],
			"to": [15.44, 29.3532, 3.61741],
			"rotation": {"angle": -45, "axis": "x", "origin": [8, 18.86211, 15.33125]},
			"faces": {
				"north": {"uv": [9, 14, 10, 15], "texture": "#2"},
				"east": {"uv": [9, 14, 10, 15], "texture": "#2"},
				"south": {"uv": [9, 14, 10, 15], "texture": "#2"},
				"west": {"uv": [9, 14, 10, 15], "texture": "#2"},
				"up": {"uv": [9, 14, 10, 15], "texture": "#2"},
				"down": {"uv": [9, 14, 10, 15], "texture": "#2"}
			}
		},
		{
			"from": [0.56, -1.9925, -6.50756],
			"to": [15.44, 0.8905, -4.64756],
			"rotation": {"angle": 22.5, "axis": "x", "origin": [8, 10.03911, 15.58257]},
			"faces": {
				"north": {"uv": [9, 14, 10, 15], "rotation": 180, "texture": "#2"},
				"east": {"uv": [9, 14, 10, 15], "rotation": 90, "texture": "#2"},
				"south": {"uv": [9, 14, 10, 15], "texture": "#2"},
				"west": {"uv": [9, 14, 10, 15], "rotation": 270, "texture": "#2"},
				"up": {"uv": [9, 14, 10, 15], "texture": "#2"},
				"down": {"uv": [9, 14, 10, 15], "rotation": 180, "texture": "#2"}
			}
		},
		{
			"from": [0.56, 28.4232, -7.63559],
			"to": [1.49, 29.3532, 3.61741],
			"rotation": {"angle": -45, "axis": "x", "origin": [8, 18.86211, 15.33125]},
			"faces": {
				"north": {"uv": [9, 14, 10, 15], "texture": "#2"},
				"east": {"uv": [9, 14, 10, 15], "texture": "#2"},
				"south": {"uv": [9, 14, 10, 15], "texture": "#2"},
				"west": {"uv": [9, 14, 10, 15], "texture": "#2"},
				"up": {"uv": [9, 14, 10, 15], "texture": "#2"},
				"down": {"uv": [9, 14, 10, 15], "texture": "#2"}
			}
		},
		{
			"from": [0.56, 17.0675, 8],
			"to": [15.44, 17.9975, 21.02],
			"faces": {
				"north": {"uv": [9, 14, 10, 15], "texture": "#2"},
				"east": {"uv": [9, 14, 10, 15], "texture": "#2"},
				"south": {"uv": [9, 14, 10, 15], "texture": "#2"},
				"west": {"uv": [9, 14, 10, 15], "texture": "#2"},
				"up": {"uv": [9, 14, 10, 15], "texture": "#2"},
				"down": {"uv": [9, 14, 10, 15], "texture": "#2"}
			}
		},
		{
			"from": [0.56, 16.1375, -1.3],
			"to": [15.44, 17.0675, 21.95],
			"faces": {
				"north": {"uv": [9, 14, 10, 15], "texture": "#2"},
				"east": {"uv": [9, 14, 10, 15], "texture": "#2"},
				"south": {"uv": [9, 14, 10, 15], "texture": "#2"},
				"west": {"uv": [9, 14, 10, 15], "texture": "#2"},
				"up": {"uv": [9, 14, 10, 15], "texture": "#2"},
				"down": {"uv": [9, 14, 10, 15], "texture": "#2"}
			}
		},
		{
			"from": [0.56, 2.1875, 8],
			"to": [15.44, 8.6975, 8.93],
			"faces": {
				"north": {"uv": [9, 14, 10, 15], "texture": "#2"},
				"east": {"uv": [9, 14, 10, 15], "texture": "#2"},
				"south": {"uv": [9, 14, 10, 15], "texture": "#2"},
				"west": {"uv": [9, 14, 10, 15], "texture": "#2"},
				"up": {"uv": [9, 14, 10, 15], "texture": "#2"},
				"down": {"uv": [9, 14, 10, 15], "texture": "#2"}
			}
		},
		{
			"from": [0.56, 2.1875, 8.93],
			"to": [1.49, 8.6975, 21.95],
			"faces": {
				"north": {"uv": [9, 14, 10, 15], "texture": "#2"},
				"east": {"uv": [9, 14, 10, 15], "texture": "#2"},
				"south": {"uv": [9, 14, 10, 15], "texture": "#2"},
				"west": {"uv": [9, 14, 10, 15], "texture": "#2"},
				"up": {"uv": [9, 14, 10, 15], "texture": "#2"},
				"down": {"uv": [9, 14, 10, 15], "texture": "#2"}
			}
		},
		{
			"from": [0.5507, 3.1175, 1.397],
			"to": [0.5507, 4.9775, 15.3563],
			"faces": {
				"north": {"uv": [9, 14, 10, 15], "texture": "#9"},
				"east": {"uv": [9, 14, 10, 15], "texture": "#9"},
				"south": {"uv": [9, 14, 10, 15], "texture": "#9"},
				"west": {"uv": [9, 14, 10, 15], "texture": "#9"},
				"up": {"uv": [9, 14, 10, 15], "texture": "#9"},
				"down": {"uv": [9, 14, 10, 15], "texture": "#9"}
			}
		},
		{
			"from": [0.5507, 6.8375, 9.767],
			"to": [0.5507, 16.1375, 20.9363],
			"faces": {
				"north": {"uv": [9, 14, 10, 15], "texture": "#2"},
				"east": {"uv": [8.861, 15.038, 9.861, 16], "texture": "#10"},
				"south": {"uv": [9, 14, 10, 15], "texture": "#2"},
				"west": {"uv": [0, 0, 15.987, 15.987], "texture": "#10"},
				"up": {"uv": [9, 14, 10, 15], "texture": "#2"},
				"down": {"uv": [9, 14, 10, 15], "texture": "#2"}
			}
		},
		{
			"from": [14.51, 2.1875, 8.93],
			"to": [15.44, 8.6975, 21.95],
			"faces": {
				"north": {"uv": [9, 14, 10, 15], "texture": "#2"},
				"east": {"uv": [9, 14, 10, 15], "texture": "#2"},
				"south": {"uv": [9, 14, 10, 15], "texture": "#2"},
				"west": {"uv": [9, 14, 10, 15], "texture": "#2"},
				"up": {"uv": [9, 14, 10, 15], "texture": "#2"},
				"down": {"uv": [9, 14, 10, 15], "texture": "#2"}
			}
		},
		{
			"from": [15.45, 3.1175, 1.397],
			"to": [15.45, 4.9775, 15.44],
			"faces": {
				"north": {"uv": [9, 14, 10, 15], "texture": "#9"},
				"east": {"uv": [9, 14, 10, 15], "texture": "#9"},
				"south": {"uv": [9, 14, 10, 15], "texture": "#9"},
				"west": {"uv": [9, 14, 10, 15], "texture": "#9"},
				"up": {"uv": [9, 14, 10, 15], "texture": "#9"},
				"down": {"uv": [9, 14, 10, 15], "texture": "#9"}
			}
		},
		{
			"from": [15.45, 6.8375, 9.767],
			"to": [15.45, 16.1375, 21.02],
			"faces": {
				"north": {"uv": [9, 14, 10, 15], "texture": "#2"},
				"east": {"uv": [0, 0, 15.987, 15.987], "texture": "#10"},
				"south": {"uv": [9, 14, 10, 15], "texture": "#2"},
				"west": {"uv": [9.367, 15.038, 10.367, 16], "texture": "#10"},
				"up": {"uv": [9, 14, 10, 15], "texture": "#2"},
				"down": {"uv": [9, 14, 10, 15], "texture": "#2"}
			}
		},
		{
			"from": [13.58, 4.9775, -9.7165],
			"to": [15.44, 6.8375, -8.7865],
			"faces": {
				"north": {"uv": [9, 14, 10, 15], "texture": "#2"},
				"east": {"uv": [9, 14, 10, 15], "texture": "#2"},
				"south": {"uv": [9, 14, 10, 15], "texture": "#2"},
				"west": {"uv": [9, 14, 10, 15], "texture": "#2"},
				"up": {"uv": [9, 14, 10, 15], "rotation": 270, "texture": "#2"},
				"down": {"uv": [9, 14, 10, 15], "rotation": 90, "texture": "#2"}
			}
		},
		{
			"from": [3.78196, 1.68946, -9.71743],
			"to": [12.15196, 3.54946, -8.78743],
			"rotation": {"angle": 0, "axis": "y", "origin": [9.36196, 4.71196, 7.99907]},
			"faces": {
				"north": {"uv": [9, 14, 10, 15], "texture": "#2"},
				"east": {"uv": [9, 14, 10, 15], "texture": "#2"},
				"south": {"uv": [9, 14, 10, 15], "texture": "#2"},
				"west": {"uv": [9, 14, 10, 15], "texture": "#2"},
				"up": {"uv": [9, 14, 10, 15], "rotation": 270, "texture": "#2"},
				"down": {"uv": [9, 14, 10, 15], "rotation": 90, "texture": "#2"}
			}
		},
		{
			"from": [0.56, 4.9775, -9.7165],
			"to": [2.42, 6.8375, -8.7865],
			"faces": {
				"north": {"uv": [9, 14, 10, 15], "texture": "#2"},
				"east": {"uv": [9, 14, 10, 15], "texture": "#2"},
				"south": {"uv": [9, 14, 10, 15], "texture": "#2"},
				"west": {"uv": [9, 14, 10, 15], "texture": "#2"},
				"up": {"uv": [9, 14, 10, 15], "rotation": 270, "texture": "#2"},
				"down": {"uv": [9, 14, 10, 15], "rotation": 90, "texture": "#2"}
			}
		},
		{
			"from": [-0.58114, 5.24789, -9.7165],
			"to": [1.27886, 9.89789, -8.7865],
			"rotation": {"angle": 45, "axis": "z", "origin": [5.54365, 9.74516, 8]},
			"faces": {
				"north": {"uv": [9, 14, 10, 15], "texture": "#2"},
				"east": {"uv": [9, 14, 10, 15], "texture": "#8"},
				"south": {"uv": [9, 14, 10, 15], "texture": "#2"},
				"west": {"uv": [9, 14, 10, 15], "texture": "#2"},
				"up": {"uv": [9, 14, 10, 15], "rotation": 270, "texture": "#2"},
				"down": {"uv": [9, 14, 10, 15], "rotation": 90, "texture": "#2"}
			}
		},
		{
			"from": [11.6781, -2.09865, -9.7165],
			"to": [13.5381, 2.55135, -8.7865],
			"rotation": {"angle": -45, "axis": "z", "origin": [17.80289, 2.39864, 8]},
			"faces": {
				"north": {"uv": [9, 14, 10, 15], "texture": "#2"},
				"east": {"uv": [9, 14, 10, 15], "texture": "#2"},
				"south": {"uv": [9, 14, 10, 15], "texture": "#2"},
				"west": {"uv": [9, 14, 10, 15], "texture": "#8"},
				"up": {"uv": [9, 14, 10, 15], "rotation": 270, "texture": "#2"},
				"down": {"uv": [9, 14, 10, 15], "rotation": 90, "texture": "#2"}
			}
		},
		{
			"from": [14.51, 2.1875, -3.16],
			"to": [15.44, 8.6975, 8],
			"faces": {
				"north": {"uv": [9, 14, 10, 15], "texture": "#2"},
				"east": {"uv": [9, 14, 10, 15], "texture": "#2"},
				"south": {"uv": [9, 14, 10, 15], "texture": "#2"},
				"west": {"uv": [9, 14, 10, 15], "texture": "#2"},
				"up": {"uv": [9, 14, 10, 15], "texture": "#2"},
				"down": {"uv": [9, 14, 10, 15], "texture": "#2"}
			}
		},
		{
			"from": [0.56, 2.1875, -3.16],
			"to": [1.49, 8.6975, 8],
			"faces": {
				"north": {"uv": [9, 14, 10, 15], "texture": "#2"},
				"east": {"uv": [9, 14, 10, 15], "texture": "#2"},
				"south": {"uv": [9, 14, 10, 15], "texture": "#2"},
				"west": {"uv": [9, 14, 10, 15], "texture": "#2"},
				"up": {"uv": [9, 14, 10, 15], "texture": "#2"},
				"down": {"uv": [9, 14, 10, 15], "texture": "#2"}
			}
		},
		{
			"from": [12.65, 8.6975, 8],
			"to": [15.44, 17.0675, 16.37],
			"faces": {
				"north": {"uv": [9, 14, 10, 15], "texture": "#2"},
				"east": {"uv": [9, 14, 10, 15], "texture": "#2"},
				"south": {"uv": [9, 14, 10, 15], "texture": "#2"},
				"west": {"uv": [9, 14, 10, 15], "texture": "#2"},
				"up": {"uv": [9, 14, 10, 15], "texture": "#2"},
				"down": {"uv": [9, 14, 10, 15], "texture": "#2"}
			}
		},
		{
			"from": [14.51, 8.6975, -0.37],
			"to": [15.44, 17.0675, 0.56],
			"faces": {
				"north": {"uv": [9, 14, 10, 15], "texture": "#2"},
				"east": {"uv": [9, 14, 10, 15], "texture": "#2"},
				"south": {"uv": [9, 14, 10, 15], "texture": "#2"},
				"west": {"uv": [9, 14, 10, 15], "texture": "#2"},
				"up": {"uv": [9, 14, 10, 15], "texture": "#2"},
				"down": {"uv": [9, 14, 10, 15], "texture": "#2"}
			}
		},
		{
			"from": [15.44, 10.6975, -0.37],
			"to": [16.37, 11.0675, 0.13],
			"rotation": {"angle": 0, "axis": "y", "origin": [8.93, 8, 8]},
			"faces": {
				"north": {"uv": [9, 14, 10, 15], "texture": "#2"},
				"east": {"uv": [9, 14, 10, 15], "texture": "#2"},
				"south": {"uv": [9, 14, 10, 15], "texture": "#2"},
				"west": {"uv": [9, 14, 10, 15], "texture": "#2"},
				"up": {"uv": [9, 14, 10, 15], "texture": "#2"},
				"down": {"uv": [9, 14, 10, 15], "texture": "#2"}
			}
		},
		{
			"from": [16.37, 10.6975, -0.37],
			"to": [17.3, 12.0675, 0.13],
			"rotation": {"angle": 0, "axis": "y", "origin": [9.86, 8, 8]},
			"faces": {
				"north": {"uv": [9, 14, 10, 15], "texture": "#9"},
				"east": {"uv": [9, 14, 10, 15], "texture": "#9"},
				"south": {"uv": [9, 14, 10, 15], "texture": "#9"},
				"west": {"uv": [9, 14, 10, 15], "texture": "#9"},
				"up": {"uv": [9, 14, 10, 15], "texture": "#9"},
				"down": {"uv": [9, 14, 10, 15], "texture": "#9"}
			}
		},
		{
			"from": [0.56, 8.6975, -0.37],
			"to": [1.49, 17.0675, 0.56],
			"faces": {
				"north": {"uv": [9, 14, 10, 15], "texture": "#2"},
				"east": {"uv": [9, 14, 10, 15], "texture": "#2"},
				"south": {"uv": [9, 14, 10, 15], "texture": "#2"},
				"west": {"uv": [9, 14, 10, 15], "texture": "#2"},
				"up": {"uv": [9, 14, 10, 15], "texture": "#2"},
				"down": {"uv": [9, 14, 10, 15], "texture": "#2"}
			}
		},
		{
			"from": [-0.37, 10.6975, -0.37],
			"to": [0.56, 11.0675, 0.13],
			"rotation": {"angle": 0, "axis": "y", "origin": [7.07, 8, 8]},
			"faces": {
				"north": {"uv": [9, 14, 10, 15], "texture": "#2"},
				"east": {"uv": [9, 14, 10, 15], "texture": "#2"},
				"south": {"uv": [9, 14, 10, 15], "texture": "#2"},
				"west": {"uv": [9, 14, 10, 15], "texture": "#2"},
				"up": {"uv": [9, 14, 10, 15], "texture": "#2"},
				"down": {"uv": [9, 14, 10, 15], "texture": "#2"}
			}
		},
		{
			"from": [-1.3, 10.6975, -0.37],
			"to": [-0.37, 12.0675, 0.13],
			"rotation": {"angle": 0, "axis": "y", "origin": [6.14, 8, 8]},
			"faces": {
				"north": {"uv": [9, 14, 10, 15], "texture": "#9"},
				"east": {"uv": [9, 14, 10, 15], "texture": "#9"},
				"south": {"uv": [9, 14, 10, 15], "texture": "#9"},
				"west": {"uv": [9, 14, 10, 15], "texture": "#9"},
				"up": {"uv": [9, 14, 10, 15], "texture": "#9"},
				"down": {"uv": [9, 14, 10, 15], "texture": "#9"}
			}
		},
		{
			"from": [0.56, 8.6975, -7.81],
			"to": [1.49, 10.5575, -0.37],
			"faces": {
				"north": {"uv": [9, 14, 10, 15], "texture": "#2"},
				"east": {"uv": [9, 14, 10, 15], "texture": "#2"},
				"south": {"uv": [9, 14, 10, 15], "texture": "#2"},
				"west": {"uv": [9, 14, 10, 15], "texture": "#2"},
				"up": {"uv": [9, 14, 10, 15], "texture": "#2"},
				"down": {"uv": [9, 14, 10, 15], "texture": "#2"}
			}
		},
		{
			"from": [14.51, 8.6975, -7.81],
			"to": [15.44, 10.5575, -0.37],
			"faces": {
				"north": {"uv": [9, 14, 10, 15], "texture": "#2"},
				"east": {"uv": [9, 14, 10, 15], "texture": "#2"},
				"south": {"uv": [9, 14, 10, 15], "texture": "#2"},
				"west": {"uv": [9, 14, 10, 15], "texture": "#2"},
				"up": {"uv": [9, 14, 10, 15], "texture": "#2"},
				"down": {"uv": [9, 14, 10, 15], "texture": "#2"}
			}
		},
		{
			"from": [14.51, 8.6975, 0.56],
			"to": [15.44, 10.5575, 8],
			"faces": {
				"north": {"uv": [9, 14, 10, 15], "texture": "#2"},
				"east": {"uv": [9, 14, 10, 15], "texture": "#2"},
				"south": {"uv": [9, 14, 10, 15], "texture": "#2"},
				"west": {"uv": [9, 14, 10, 15], "texture": "#2"},
				"up": {"uv": [9, 14, 10, 15], "texture": "#2"},
				"down": {"uv": [9, 14, 10, 15], "texture": "#2"}
			}
		},
		{
			"from": [0.56, 8.6975, 0.56],
			"to": [1.49, 10.5575, 8],
			"faces": {
				"north": {"uv": [9, 14, 10, 15], "texture": "#2"},
				"east": {"uv": [9, 14, 10, 15], "texture": "#2"},
				"south": {"uv": [9, 14, 10, 15], "texture": "#2"},
				"west": {"uv": [9, 14, 10, 15], "texture": "#2"},
				"up": {"uv": [9, 14, 10, 15], "texture": "#2"},
				"down": {"uv": [9, 14, 10, 15], "texture": "#2"}
			}
		},
		{
			"from": [0.56, 2.6975, 8],
			"to": [14.58, 17.0675, 22.37],
			"faces": {
				"north": {"uv": [9, 14, 10, 15], "texture": "#2"},
				"east": {"uv": [9, 14, 10, 15], "texture": "#2"},
				"south": {"uv": [9, 14, 10, 15], "texture": "#2"},
				"west": {"uv": [9, 14, 10, 15], "texture": "#2"},
				"up": {"uv": [9, 14, 10, 15], "texture": "#2"},
				"down": {"uv": [9, 14, 10, 15], "texture": "#2"}
			}
		},
		{
			"from": [0.56, 8.6975, 15.44],
			"to": [1.49, 17.0675, 21.95],
			"faces": {
				"north": {"uv": [9, 14, 10, 15], "texture": "#2"},
				"east": {"uv": [9, 14, 10, 15], "texture": "#2"},
				"south": {"uv": [9, 14, 10, 15], "texture": "#2"},
				"west": {"uv": [9, 14, 10, 15], "texture": "#2"},
				"up": {"uv": [9, 14, 10, 15], "texture": "#2"},
				"down": {"uv": [9, 14, 10, 15], "texture": "#2"}
			}
		},
		{
			"from": [14.51, 8.6975, 15.44],
			"to": [15.44, 17.0675, 21.95],
			"faces": {
				"north": {"uv": [9, 14, 10, 15], "texture": "#2"},
				"east": {"uv": [9, 14, 10, 15], "texture": "#2"},
				"south": {"uv": [9, 14, 10, 15], "texture": "#2"},
				"west": {"uv": [9, 14, 10, 15], "texture": "#2"},
				"up": {"uv": [9, 14, 10, 15], "texture": "#2"},
				"down": {"uv": [9, 14, 10, 15], "texture": "#2"}
			}
		},
		{
			"from": [0.56, 14.2775, 9.86],
			"to": [1.49, 17.0675, 15.44],
			"faces": {
				"north": {"uv": [9, 14, 10, 15], "texture": "#2"},
				"east": {"uv": [9, 14, 10, 15], "texture": "#2"},
				"south": {"uv": [9, 14, 10, 15], "texture": "#2"},
				"west": {"uv": [9, 14, 10, 15], "texture": "#2"},
				"up": {"uv": [9, 14, 10, 15], "texture": "#2"},
				"down": {"uv": [9, 14, 10, 15], "texture": "#2"}
			}
		},
		{
			"from": [14.51, 14.2775, 9.86],
			"to": [15.44, 17.0675, 15.44],
			"faces": {
				"north": {"uv": [9, 14, 10, 15], "texture": "#2"},
				"east": {"uv": [9, 14, 10, 15], "texture": "#2"},
				"south": {"uv": [9, 14, 10, 15], "texture": "#2"},
				"west": {"uv": [9, 14, 10, 15], "texture": "#2"},
				"up": {"uv": [9, 14, 10, 15], "texture": "#2"},
				"down": {"uv": [9, 14, 10, 15], "texture": "#2"}
			}
		},
		{
			"from": [0.56, 8.6975, 9.86],
			"to": [1.49, 9.6275, 15.44],
			"faces": {
				"north": {"uv": [9, 14, 10, 15], "texture": "#2"},
				"east": {"uv": [9, 14, 10, 15], "texture": "#2"},
				"south": {"uv": [9, 14, 10, 15], "texture": "#2"},
				"west": {"uv": [9, 14, 10, 15], "texture": "#2"},
				"up": {"uv": [9, 14, 10, 15], "texture": "#2"},
				"down": {"uv": [9, 14, 10, 15], "texture": "#2"}
			}
		},
		{
			"from": [14.51, 8.6975, 9.86],
			"to": [15.44, 9.6275, 15.44],
			"faces": {
				"north": {"uv": [9, 14, 10, 15], "texture": "#2"},
				"east": {"uv": [9, 14, 10, 15], "texture": "#2"},
				"south": {"uv": [9, 14, 10, 15], "texture": "#2"},
				"west": {"uv": [9, 14, 10, 15], "texture": "#2"},
				"up": {"uv": [9, 14, 10, 15], "texture": "#2"},
				"down": {"uv": [9, 14, 10, 15], "texture": "#2"}
			}
		},
		{
			"from": [0.56, 23.45797, 11.24478],
			"to": [15.44, 24.38797, 12.17478],
			"rotation": {"angle": 45, "axis": "x", "origin": [8, 8.1996, 8.4274]},
			"faces": {
				"north": {"uv": [9, 14, 10, 15], "texture": "#2"},
				"east": {"uv": [9, 14, 10, 15], "texture": "#2"},
				"south": {"uv": [9, 14, 10, 15], "texture": "#2"},
				"west": {"uv": [9, 14, 10, 15], "texture": "#2"},
				"up": {"uv": [9, 14, 10, 15], "texture": "#2"},
				"down": {"uv": [9, 14, 10, 15], "texture": "#2"}
			}
		},
		{
			"from": [0.56, 23.16695, 18.96392],
			"to": [15.44, 24.09695, 19.89392],
			"rotation": {"angle": 22.5, "axis": "x", "origin": [8, 15.87892, 4.65996]},
			"faces": {
				"north": {"uv": [9, 14, 10, 15], "texture": "#2"},
				"east": {"uv": [9, 14, 10, 15], "texture": "#2"},
				"south": {"uv": [9, 14, 10, 15], "texture": "#2"},
				"west": {"uv": [9, 14, 10, 15], "texture": "#2"},
				"up": {"uv": [9, 14, 10, 15], "texture": "#2"},
				"down": {"uv": [9, 14, 10, 15], "texture": "#2"}
			}
		},
		{
			"from": [0.56, 5.72848, 23.41133],
			"to": [15.44, 6.65848, 24.34133],
			"rotation": {"angle": -22.5, "axis": "x", "origin": [0.56, 7.2597, -2.5542]},
			"faces": {
				"north": {"uv": [9, 14, 10, 15], "rotation": 180, "texture": "#2"},
				"east": {"uv": [9, 14, 10, 15], "rotation": 270, "texture": "#2"},
				"south": {"uv": [9, 14, 10, 15], "texture": "#2"},
				"west": {"uv": [9, 14, 10, 15], "rotation": 90, "texture": "#2"},
				"up": {"uv": [9, 14, 10, 15], "rotation": 180, "texture": "#2"},
				"down": {"uv": [9, 14, 10, 15], "texture": "#2"}
			}
		},
		{
			"from": [0.56, 1.2575, -10.135],
			"to": [15.44, 2.1875, 23.345],
			"faces": {
				"north": {"uv": [9, 14, 10, 15], "texture": "#9"},
				"east": {"uv": [9, 14, 10, 15], "texture": "#9"},
				"south": {"uv": [9, 14, 10, 15], "texture": "#9"},
				"west": {"uv": [9, 14, 10, 15], "texture": "#9"},
				"up": {"uv": [9, 14, 10, 15], "texture": "#9"},
				"down": {"uv": [9, 14, 10, 15], "texture": "#9"}
			}
		},
		{
			"from": [1.49, 2.1875, -10.135],
			"to": [14.51, 3.1175, -9.67],
			"faces": {
				"north": {"uv": [9, 14, 10, 15], "texture": "#9"},
				"east": {"uv": [9, 14, 10, 15], "texture": "#9"},
				"south": {"uv": [9, 14, 10, 15], "texture": "#9"},
				"west": {"uv": [9, 14, 10, 15], "texture": "#9"},
				"up": {"uv": [9, 14, 10, 15], "texture": "#9"},
				"down": {"uv": [9, 14, 10, 15], "texture": "#9"}
			}
		},
		{
			"from": [1.49, 2.1875, 22.88],
			"to": [14.51, 3.1175, 23.345],
			"faces": {
				"north": {"uv": [9, 14, 10, 15], "texture": "#9"},
				"east": {"uv": [9, 14, 10, 15], "texture": "#9"},
				"south": {"uv": [9, 14, 10, 15], "texture": "#9"},
				"west": {"uv": [9, 14, 10, 15], "texture": "#9"},
				"up": {"uv": [9, 14, 10, 15], "texture": "#9"},
				"down": {"uv": [9, 14, 10, 15], "texture": "#9"}
			}
		},
		{
			"from": [0.56, 2.1875, 21.95],
			"to": [1.49, 16.1375, 22.88],
			"rotation": {"angle": 0, "axis": "y", "origin": [8, 6.14, 5.21]},
			"faces": {
				"north": {"uv": [9, 14, 10, 15], "texture": "#2"},
				"east": {"uv": [9, 14, 10, 15], "texture": "#2"},
				"south": {"uv": [9, 14, 10, 15], "texture": "#2"},
				"west": {"uv": [9, 14, 10, 15], "texture": "#2"},
				"up": {"uv": [9, 14, 10, 15], "texture": "#2"},
				"down": {"uv": [9, 14, 10, 15], "texture": "#2"}
			}
		},
		{
			"from": [14.51, 2.1875, 21.95],
			"to": [15.44, 16.1375, 22.88],
			"rotation": {"angle": 0, "axis": "y", "origin": [8, 6.14, 5.21]},
			"faces": {
				"north": {"uv": [9, 14, 10, 15], "texture": "#2"},
				"east": {"uv": [9, 14, 10, 15], "texture": "#2"},
				"south": {"uv": [9, 14, 10, 15], "texture": "#2"},
				"west": {"uv": [9, 14, 10, 15], "texture": "#2"},
				"up": {"uv": [9, 14, 10, 15], "texture": "#2"},
				"down": {"uv": [9, 14, 10, 15], "texture": "#2"}
			}
		},
		{
			"from": [1.49, 2.1875, 21.95],
			"to": [14.51, 15.2075, 22.88],
			"rotation": {"angle": 0, "axis": "y", "origin": [8, 6.14, 5.21]},
			"faces": {
				"north": {"uv": [9, 14, 10, 15], "texture": "#2"},
				"east": {"uv": [9, 14, 10, 15], "texture": "#2"},
				"south": {"uv": [7.5, 8, 12.5, 12], "texture": "#6"},
				"west": {"uv": [9, 14, 10, 15], "texture": "#2"},
				"up": {"uv": [9, 14, 10, 15], "texture": "#2"},
				"down": {"uv": [9, 14, 10, 15], "texture": "#2"}
			}
		},
		{
			"from": [1.49, 15.2075, 21.95],
			"to": [14.51, 16.1375, 22.88],
			"rotation": {"angle": 0, "axis": "y", "origin": [8, 6.14, 5.21]},
			"faces": {
				"north": {"uv": [9, 14, 10, 15], "texture": "#2"},
				"east": {"uv": [9, 14, 10, 15], "texture": "#2"},
				"south": {"uv": [9, 14, 10, 15], "texture": "#2"},
				"west": {"uv": [9, 14, 10, 15], "texture": "#2"},
				"up": {"uv": [9, 14, 10, 15], "texture": "#2"},
				"down": {"uv": [9, 14, 10, 15], "texture": "#2"}
			}
		},
		{
			"from": [3.35, 14.2775, 8],
			"to": [12.65, 16.1375, 8.93],
			"rotation": {"angle": 0, "axis": "y", "origin": [8, 6.14, 5.21]},
			"faces": {
				"north": {"uv": [9, 14, 10, 15], "texture": "#2"},
				"east": {"uv": [9, 14, 10, 15], "texture": "#2"},
				"south": {"uv": [9, 14, 10, 15], "texture": "#2"},
				"west": {"uv": [9, 14, 10, 15], "texture": "#2"},
				"up": {"uv": [9, 14, 10, 15], "texture": "#2"},
				"down": {"uv": [9, 14, 10, 15], "texture": "#2"}
			}
		},
		{
			"name": "Element",
			"from": [15.6725, -0.7606, -1.02565],
			"to": [16.1375, 3.4244, -0.56065],
			"rotation": {"angle": -45, "axis": "x", "origin": [17.0675, -0.7606, -1.02565]},
			"faces": {
				"north": {"uv": [8, 1, 7, 2], "texture": "#kolo"},
				"east": {"uv": [8, 1, 7, 2], "texture": "#kolo"},
				"south": {"uv": [8, 1, 7, 2], "texture": "#kolo"},
				"west": {"uv": [8, 1, 7, 2], "texture": "#kolo"},
				"up": {"uv": [8, 1, 7, 2], "texture": "#kolo"},
				"down": {"uv": [8, 1, 7, 2], "texture": "#kolo"}
			}
		},
		{
			"name": "Element",
			"from": [14.7425, 2.70365, -3.81565],
			"to": [16.6025, 3.63365, -1.02565],
			"faces": {
				"north": {"uv": [2, 4, 1, 5], "texture": "#kolo"},
				"east": {"uv": [2, 4, 1, 5], "texture": "#kolo"},
				"south": {"uv": [2, 4, 1, 5], "texture": "#kolo"},
				"west": {"uv": [2, 4, 1, 5], "texture": "#kolo"},
				"up": {"uv": [2, 4, 1, 5], "texture": "#kolo"},
				"down": {"uv": [2, 4, 1, 5], "texture": "#kolo"}
			}
		},
		{
			"name": "Element",
			"from": [14.7425, -0.4816, -5.13625],
			"to": [16.6025, 2.3084, -4.20625],
			"faces": {
				"north": {"uv": [2, 4, 1, 5], "texture": "#kolo"},
				"east": {"uv": [2, 4, 1, 5], "texture": "#kolo"},
				"south": {"uv": [2, 4, 1, 5], "texture": "#kolo"},
				"west": {"uv": [2, 4, 1, 5], "texture": "#kolo"},
				"up": {"uv": [2, 4, 1, 5], "texture": "#kolo"},
				"down": {"uv": [2, 4, 1, 5], "texture": "#kolo"}
			}
		},
		{
			"name": "Element",
			"from": [14.7425, 2.31184, -5.13746],
			"to": [16.6025, 4.18114, -4.20746],
			"rotation": {"angle": 45, "axis": "x", "origin": [17.5325, 2.31184, -5.13746]},
			"faces": {
				"north": {"uv": [2, 4, 1, 5], "texture": "#kolo"},
				"east": {"uv": [2, 4, 1, 5], "texture": "#kolo"},
				"south": {"uv": [2, 4, 1, 5], "texture": "#kolo"},
				"west": {"uv": [2, 4, 1, 5], "texture": "#kolo"},
				"up": {"uv": [2, 4, 1, 5], "texture": "#kolo"},
				"down": {"uv": [2, 4, 1, 5], "texture": "#kolo"}
			}
		},
		{
			"name": "Element",
			"from": [14.7425, -0.48625, -5.13625],
			"to": [16.6025, 0.44375, -3.26695],
			"rotation": {"angle": 45, "axis": "x", "origin": [17.5325, -0.48625, -5.13625]},
			"faces": {
				"north": {"uv": [2, 4, 1, 5], "texture": "#kolo"},
				"east": {"uv": [2, 4, 1, 5], "texture": "#kolo"},
				"south": {"uv": [2, 4, 1, 5], "texture": "#kolo"},
				"west": {"uv": [2, 4, 1, 5], "texture": "#kolo"},
				"up": {"uv": [2, 4, 1, 5], "texture": "#kolo"},
				"down": {"uv": [2, 4, 1, 5], "texture": "#kolo"}
			}
		},
		{
			"name": "Element",
			"from": [14.7425, -1.80685, -3.81565],
			"to": [16.6025, -0.87685, -1.02565],
			"faces": {
				"north": {"uv": [2, 4, 1, 5], "texture": "#kolo"},
				"east": {"uv": [2, 4, 1, 5], "texture": "#kolo"},
				"south": {"uv": [2, 4, 1, 5], "texture": "#kolo"},
				"west": {"uv": [2, 4, 1, 5], "texture": "#kolo"},
				"up": {"uv": [2, 4, 1, 5], "texture": "#kolo"},
				"down": {"uv": [2, 4, 1, 5], "texture": "#kolo"}
			}
		},
		{
			"name": "Element",
			"from": [14.7425, 2.97605, -1.68325],
			"to": [16.6025, 3.90605, 0.18605],
			"rotation": {"angle": 45, "axis": "x", "origin": [17.5325, 2.97605, -1.68325]},
			"faces": {
				"north": {"uv": [2, 4, 1, 5], "texture": "#kolo"},
				"east": {"uv": [2, 4, 1, 5], "texture": "#kolo"},
				"south": {"uv": [2, 4, 1, 5], "texture": "#kolo"},
				"west": {"uv": [2, 4, 1, 5], "texture": "#kolo"},
				"up": {"uv": [2, 4, 1, 5], "texture": "#kolo"},
				"down": {"uv": [2, 4, 1, 5], "texture": "#kolo"}
			}
		},
		{
			"name": "Element",
			"from": [14.7425, -1.14581, -1.67981],
			"to": [16.6025, 0.72349, -0.74981],
			"rotation": {"angle": 45, "axis": "x", "origin": [17.5325, -1.14581, -1.67981]},
			"faces": {
				"north": {"uv": [2, 4, 1, 5], "texture": "#kolo"},
				"east": {"uv": [2, 4, 1, 5], "texture": "#kolo"},
				"south": {"uv": [2, 4, 1, 5], "texture": "#kolo"},
				"west": {"uv": [2, 4, 1, 5], "texture": "#kolo"},
				"up": {"uv": [2, 4, 1, 5], "texture": "#kolo"},
				"down": {"uv": [2, 4, 1, 5], "texture": "#kolo"}
			}
		},
		{
			"name": "Element",
			"from": [14.7425, -0.48625, -0.6304],
			"to": [16.6025, 2.31305, 0.2996],
			"faces": {
				"north": {"uv": [2, 4, 1, 5], "texture": "#kolo"},
				"east": {"uv": [2, 4, 1, 5], "texture": "#kolo"},
				"south": {"uv": [2, 4, 1, 5], "texture": "#kolo"},
				"west": {"uv": [2, 4, 1, 5], "texture": "#kolo"},
				"up": {"uv": [2, 4, 1, 5], "texture": "#kolo"},
				"down": {"uv": [2, 4, 1, 5], "texture": "#kolo"}
			}
		},
		{
			"name": "Element",
			"from": [14.975, -0.25375, -4.90375],
			"to": [16.37, 0.67625, -3.03445],
			"rotation": {"angle": 45, "axis": "x", "origin": [17.3, -0.25375, -4.90375]},
			"faces": {
				"north": {"uv": [5, 4, 4, 5], "texture": "#kolo"},
				"east": {"uv": [5, 4, 4, 5], "texture": "#kolo"},
				"south": {"uv": [5, 4, 4, 5], "texture": "#kolo"},
				"west": {"uv": [5, 4, 4, 5], "texture": "#kolo"},
				"up": {"uv": [5, 4, 4, 5], "texture": "#kolo"},
				"down": {"uv": [5, 4, 4, 5], "texture": "#kolo"}
			}
		},
		{
			"name": "Element",
			"from": [14.975, -1.57435, -3.81565],
			"to": [16.37, -0.64435, -1.02565],
			"faces": {
				"north": {"uv": [5, 4, 4, 5], "texture": "#kolo"},
				"east": {"uv": [5, 4, 4, 5], "texture": "#kolo"},
				"south": {"uv": [5, 4, 4, 5], "texture": "#kolo"},
				"west": {"uv": [5, 4, 4, 5], "texture": "#kolo"},
				"up": {"uv": [5, 4, 4, 5], "texture": "#kolo"},
				"down": {"uv": [5, 4, 4, 5], "texture": "#kolo"}
			}
		},
		{
			"name": "Element",
			"from": [14.975, -0.91331, -1.91231],
			"to": [16.37, 0.95599, -0.98231],
			"rotation": {"angle": 45, "axis": "x", "origin": [17.3, -0.91331, -1.91231]},
			"faces": {
				"north": {"uv": [5, 4, 4, 5], "texture": "#kolo"},
				"east": {"uv": [5, 4, 4, 5], "texture": "#kolo"},
				"south": {"uv": [5, 4, 4, 5], "texture": "#kolo"},
				"west": {"uv": [5, 4, 4, 5], "texture": "#kolo"},
				"up": {"uv": [5, 4, 4, 5], "texture": "#kolo"},
				"down": {"uv": [5, 4, 4, 5], "texture": "#kolo"}
			}
		},
		{
			"name": "Element",
			"from": [14.975, -0.48625, -0.8629],
			"to": [16.37, 2.31305, 0.0671],
			"faces": {
				"north": {"uv": [5, 4, 4, 5], "texture": "#kolo"},
				"east": {"uv": [5, 4, 4, 5], "texture": "#kolo"},
				"south": {"uv": [5, 4, 4, 5], "texture": "#kolo"},
				"west": {"uv": [5, 4, 4, 5], "texture": "#kolo"},
				"up": {"uv": [5, 4, 4, 5], "texture": "#kolo"},
				"down": {"uv": [5, 4, 4, 5], "texture": "#kolo"}
			}
		},
		{
			"name": "Element",
			"from": [14.975, 2.74355, -1.91575],
			"to": [16.37, 3.67355, -0.04645],
			"rotation": {"angle": 45, "axis": "x", "origin": [17.3, 2.74355, -1.91575]},
			"faces": {
				"north": {"uv": [5, 4, 4, 5], "texture": "#kolo"},
				"east": {"uv": [5, 4, 4, 5], "texture": "#kolo"},
				"south": {"uv": [5, 4, 4, 5], "texture": "#kolo"},
				"west": {"uv": [5, 4, 4, 5], "texture": "#kolo"},
				"up": {"uv": [5, 4, 4, 5], "texture": "#kolo"},
				"down": {"uv": [5, 4, 4, 5], "texture": "#kolo"}
			}
		},
		{
			"name": "Element",
			"from": [14.975, 2.47115, -3.81565],
			"to": [16.37, 3.40115, -1.02565],
			"faces": {
				"north": {"uv": [5, 4, 4, 5], "texture": "#kolo"},
				"east": {"uv": [5, 4, 4, 5], "texture": "#kolo"},
				"south": {"uv": [5, 4, 4, 5], "texture": "#kolo"},
				"west": {"uv": [5, 4, 4, 5], "texture": "#kolo"},
				"up": {"uv": [5, 4, 4, 5], "texture": "#kolo"},
				"down": {"uv": [5, 4, 4, 5], "texture": "#kolo"}
			}
		},
		{
			"name": "Element",
			"from": [14.975, 2.07934, -4.90496],
			"to": [16.37, 3.94864, -3.97496],
			"rotation": {"angle": 45, "axis": "x", "origin": [17.3, 2.07934, -4.90496]},
			"faces": {
				"north": {"uv": [5, 4, 4, 5], "texture": "#kolo"},
				"east": {"uv": [5, 4, 4, 5], "texture": "#kolo"},
				"south": {"uv": [5, 4, 4, 5], "texture": "#kolo"},
				"west": {"uv": [5, 4, 4, 5], "texture": "#kolo"},
				"up": {"uv": [5, 4, 4, 5], "texture": "#kolo"},
				"down": {"uv": [5, 4, 4, 5], "texture": "#kolo"}
			}
		},
		{
			"name": "Element",
			"from": [14.975, -0.4816, -4.90375],
			"to": [16.37, 2.3084, -3.97375],
			"faces": {
				"north": {"uv": [5, 4, 4, 5], "texture": "#kolo"},
				"east": {"uv": [5, 4, 4, 5], "texture": "#kolo"},
				"south": {"uv": [5, 4, 4, 5], "texture": "#kolo"},
				"west": {"uv": [5, 4, 4, 5], "texture": "#kolo"},
				"up": {"uv": [5, 4, 4, 5], "texture": "#kolo"},
				"down": {"uv": [5, 4, 4, 5], "texture": "#kolo"}
			}
		},
		{
			"name": "Element",
			"from": [14.7425, -0.9931, -4.28065],
			"to": [15.2075, 2.7269, -0.56065],
			"faces": {
				"north": {"uv": [2, 4, 1, 5], "texture": "#kolo"},
				"east": {"uv": [2, 1, 1, 2], "texture": "#kolo"},
				"south": {"uv": [2, 4, 1, 5], "texture": "#kolo"},
				"west": {"uv": [2, 4, 1, 5], "texture": "#kolo"},
				"up": {"uv": [2, 4, 1, 5], "texture": "#kolo"},
				"down": {"uv": [2, 4, 1, 5], "texture": "#kolo"}
			}
		},
		{
			"name": "Element",
			"from": [15.2075, 0.4019, -2.88565],
			"to": [16.6025, 1.3319, -1.95565],
			"faces": {
				"north": {"uv": [5, 1, 4, 2], "texture": "#kolo"},
				"east": {"uv": [5, 1, 4, 2], "texture": "#kolo"},
				"south": {"uv": [5, 1, 4, 2], "texture": "#kolo"},
				"west": {"uv": [5, 1, 4, 2], "texture": "#kolo"},
				"up": {"uv": [5, 1, 4, 2], "texture": "#kolo"},
				"down": {"uv": [5, 1, 4, 2], "texture": "#kolo"}
			}
		},
		{
			"name": "Element",
			"from": [15.6725, -0.9931, -2.65315],
			"to": [16.1375, 2.7269, -2.18815],
			"faces": {
				"north": {"uv": [8, 1, 7, 2], "texture": "#kolo"},
				"east": {"uv": [8, 1, 7, 2], "texture": "#kolo"},
				"south": {"uv": [8, 1, 7, 2], "texture": "#kolo"},
				"west": {"uv": [8, 1, 7, 2], "texture": "#kolo"},
				"up": {"uv": [8, 1, 7, 2], "texture": "#kolo"},
				"down": {"uv": [8, 1, 7, 2], "texture": "#kolo"}
			}
		},
		{
			"name": "Element",
			"from": [15.6725, 0.6344, -4.28065],
			"to": [16.1375, 1.0994, -0.56065],
			"faces": {
				"north": {"uv": [8, 1, 7, 2], "texture": "#kolo"},
				"east": {"uv": [8, 1, 7, 2], "texture": "#kolo"},
				"south": {"uv": [8, 1, 7, 2], "texture": "#kolo"},
				"west": {"uv": [8, 1, 7, 2], "texture": "#kolo"},
				"up": {"uv": [8, 1, 7, 2], "texture": "#kolo"},
				"down": {"uv": [8, 1, 7, 2], "texture": "#kolo"}
			}
		},
		{
			"name": "Element",
			"from": [15.6725, -0.5281, -4.04815],
			"to": [16.1375, 3.6569, -3.58315],
			"rotation": {"angle": 45, "axis": "x", "origin": [17.0675, -0.5281, -4.04815]},
			"faces": {
				"north": {"uv": [8, 1, 7, 2], "texture": "#kolo"},
				"east": {"uv": [8, 1, 7, 2], "texture": "#kolo"},
				"south": {"uv": [8, 1, 7, 2], "texture": "#kolo"},
				"west": {"uv": [8, 1, 7, 2], "texture": "#kolo"},
				"up": {"uv": [8, 1, 7, 2], "texture": "#kolo"},
				"down": {"uv": [8, 1, 7, 2], "texture": "#kolo"}
			}
		},
		{
			"name": "Element",
			"from": [0.7925, -0.9931, -4.28065],
			"to": [1.2575, 2.7269, -0.56065],
			"faces": {
				"north": {"uv": [1, 4, 2, 5], "texture": "#kolo"},
				"east": {"uv": [1, 4, 2, 5], "texture": "#kolo"},
				"south": {"uv": [1, 4, 2, 5], "texture": "#kolo"},
				"west": {"uv": [1, 1, 2, 2], "texture": "#kolo"},
				"up": {"uv": [1, 4, 2, 5], "texture": "#kolo"},
				"down": {"uv": [1, 4, 2, 5], "texture": "#kolo"}
			}
		},
		{
			"name": "Element",
			"from": [-0.6025, 0.4019, -2.88565],
			"to": [0.7925, 1.3319, -1.95565],
			"faces": {
				"north": {"uv": [4, 1, 5, 2], "texture": "#kolo"},
				"east": {"uv": [4, 1, 5, 2], "texture": "#kolo"},
				"south": {"uv": [4, 1, 5, 2], "texture": "#kolo"},
				"west": {"uv": [4, 1, 5, 2], "texture": "#kolo"},
				"up": {"uv": [4, 1, 5, 2], "texture": "#kolo"},
				"down": {"uv": [4, 1, 5, 2], "texture": "#kolo"}
			}
		},
		{
			"name": "Element",
			"from": [-0.1375, -0.9931, -2.65315],
			"to": [0.3275, 2.7269, -2.18815],
			"faces": {
				"north": {"uv": [7, 1, 8, 2], "texture": "#kolo"},
				"east": {"uv": [7, 1, 8, 2], "texture": "#kolo"},
				"south": {"uv": [7, 1, 8, 2], "texture": "#kolo"},
				"west": {"uv": [7, 1, 8, 2], "texture": "#kolo"},
				"up": {"uv": [7, 1, 8, 2], "texture": "#kolo"},
				"down": {"uv": [7, 1, 8, 2], "texture": "#kolo"}
			}
		},
		{
			"name": "Element",
			"from": [-0.1375, -0.7606, -1.02565],
			"to": [0.3275, 3.4244, -0.56065],
			"rotation": {"angle": -45, "axis": "x", "origin": [-1.5325, -0.7606, -1.02565]},
			"faces": {
				"north": {"uv": [7, 1, 8, 2], "texture": "#kolo"},
				"east": {"uv": [7, 1, 8, 2], "texture": "#kolo"},
				"south": {"uv": [7, 1, 8, 2], "texture": "#kolo"},
				"west": {"uv": [7, 1, 8, 2], "texture": "#kolo"},
				"up": {"uv": [7, 1, 8, 2], "texture": "#kolo"},
				"down": {"uv": [7, 1, 8, 2], "texture": "#kolo"}
			}
		},
		{
			"name": "Element",
			"from": [-0.1375, 0.6344, -4.28065],
			"to": [0.3275, 1.0994, -0.56065],
			"faces": {
				"north": {"uv": [7, 1, 8, 2], "texture": "#kolo"},
				"east": {"uv": [7, 1, 8, 2], "texture": "#kolo"},
				"south": {"uv": [7, 1, 8, 2], "texture": "#kolo"},
				"west": {"uv": [7, 1, 8, 2], "texture": "#kolo"},
				"up": {"uv": [7, 1, 8, 2], "texture": "#kolo"},
				"down": {"uv": [7, 1, 8, 2], "texture": "#kolo"}
			}
		},
		{
			"name": "Element",
			"from": [-0.1375, -0.5281, -4.04815],
			"to": [0.3275, 3.6569, -3.58315],
			"rotation": {"angle": 45, "axis": "x", "origin": [-1.5325, -0.5281, -4.04815]},
			"faces": {
				"north": {"uv": [7, 1, 8, 2], "texture": "#kolo"},
				"east": {"uv": [7, 1, 8, 2], "texture": "#kolo"},
				"south": {"uv": [7, 1, 8, 2], "texture": "#kolo"},
				"west": {"uv": [7, 1, 8, 2], "texture": "#kolo"},
				"up": {"uv": [7, 1, 8, 2], "texture": "#kolo"},
				"down": {"uv": [7, 1, 8, 2], "texture": "#kolo"}
			}
		},
		{
			"name": "Element",
			"from": [-0.37, -1.57435, -3.81565],
			"to": [1.025, -0.64435, -1.02565],
			"faces": {
				"north": {"uv": [4, 4, 5, 5], "texture": "#kolo"},
				"east": {"uv": [4, 4, 5, 5], "texture": "#kolo"},
				"south": {"uv": [4, 4, 5, 5], "texture": "#kolo"},
				"west": {"uv": [4, 4, 5, 5], "texture": "#kolo"},
				"up": {"uv": [4, 4, 5, 5], "texture": "#kolo"},
				"down": {"uv": [4, 4, 5, 5], "texture": "#kolo"}
			}
		},
		{
			"name": "Element",
			"from": [-0.37, -0.91331, -1.91231],
			"to": [1.025, 0.95599, -0.98231],
			"rotation": {"angle": 45, "axis": "x", "origin": [-1.765, -0.91331, -1.91231]},
			"faces": {
				"north": {"uv": [4, 4, 5, 5], "texture": "#kolo"},
				"east": {"uv": [4, 4, 5, 5], "texture": "#kolo"},
				"south": {"uv": [4, 4, 5, 5], "texture": "#kolo"},
				"west": {"uv": [4, 4, 5, 5], "texture": "#kolo"},
				"up": {"uv": [4, 4, 5, 5], "texture": "#kolo"},
				"down": {"uv": [4, 4, 5, 5], "texture": "#kolo"}
			}
		},
		{
			"name": "Element",
			"from": [-0.37, -0.48625, -0.8629],
			"to": [1.025, 2.31305, 0.0671],
			"faces": {
				"north": {"uv": [4, 4, 5, 5], "texture": "#kolo"},
				"east": {"uv": [4, 4, 5, 5], "texture": "#kolo"},
				"south": {"uv": [4, 4, 5, 5], "texture": "#kolo"},
				"west": {"uv": [4, 4, 5, 5], "texture": "#kolo"},
				"up": {"uv": [4, 4, 5, 5], "texture": "#kolo"},
				"down": {"uv": [4, 4, 5, 5], "texture": "#kolo"}
			}
		},
		{
			"name": "Element",
			"from": [-0.37, 2.74355, -1.91575],
			"to": [1.025, 3.67355, -0.04645],
			"rotation": {"angle": 45, "axis": "x", "origin": [-1.765, 2.74355, -1.91575]},
			"faces": {
				"north": {"uv": [4, 4, 5, 5], "texture": "#kolo"},
				"east": {"uv": [4, 4, 5, 5], "texture": "#kolo"},
				"south": {"uv": [4, 4, 5, 5], "texture": "#kolo"},
				"west": {"uv": [4, 4, 5, 5], "texture": "#kolo"},
				"up": {"uv": [4, 4, 5, 5], "texture": "#kolo"},
				"down": {"uv": [4, 4, 5, 5], "texture": "#kolo"}
			}
		},
		{
			"name": "Element",
			"from": [-0.37, 2.47115, -3.81565],
			"to": [1.025, 3.40115, -1.02565],
			"faces": {
				"north": {"uv": [4, 4, 5, 5], "texture": "#kolo"},
				"east": {"uv": [4, 4, 5, 5], "texture": "#kolo"},
				"south": {"uv": [4, 4, 5, 5], "texture": "#kolo"},
				"west": {"uv": [4, 4, 5, 5], "texture": "#kolo"},
				"up": {"uv": [4, 4, 5, 5], "texture": "#kolo"},
				"down": {"uv": [4, 4, 5, 5], "texture": "#kolo"}
			}
		},
		{
			"name": "Element",
			"from": [-0.37, 2.07934, -4.90496],
			"to": [1.025, 3.94864, -3.97496],
			"rotation": {"angle": 45, "axis": "x", "origin": [-1.765, 2.07934, -4.90496]},
			"faces": {
				"north": {"uv": [4, 4, 5, 5], "texture": "#kolo"},
				"east": {"uv": [4, 4, 5, 5], "texture": "#kolo"},
				"south": {"uv": [4, 4, 5, 5], "texture": "#kolo"},
				"west": {"uv": [4, 4, 5, 5], "texture": "#kolo"},
				"up": {"uv": [4, 4, 5, 5], "texture": "#kolo"},
				"down": {"uv": [4, 4, 5, 5], "texture": "#kolo"}
			}
		},
		{
			"name": "Element",
			"from": [-0.37, -0.4816, -4.90375],
			"to": [1.025, 2.3084, -3.97375],
			"faces": {
				"north": {"uv": [4, 4, 5, 5], "texture": "#kolo"},
				"east": {"uv": [4, 4, 5, 5], "texture": "#kolo"},
				"south": {"uv": [4, 4, 5, 5], "texture": "#kolo"},
				"west": {"uv": [4, 4, 5, 5], "texture": "#kolo"},
				"up": {"uv": [4, 4, 5, 5], "texture": "#kolo"},
				"down": {"uv": [4, 4, 5, 5], "texture": "#kolo"}
			}
		},
		{
			"name": "Element",
			"from": [-0.37, -0.25375, -4.90375],
			"to": [1.025, 0.67625, -3.03445],
			"rotation": {"angle": 45, "axis": "x", "origin": [-1.765, -0.25375, -4.90375]},
			"faces": {
				"north": {"uv": [4, 4, 5, 5], "texture": "#kolo"},
				"east": {"uv": [4, 4, 5, 5], "texture": "#kolo"},
				"south": {"uv": [4, 4, 5, 5], "texture": "#kolo"},
				"west": {"uv": [4, 4, 5, 5], "texture": "#kolo"},
				"up": {"uv": [4, 4, 5, 5], "texture": "#kolo"},
				"down": {"uv": [4, 4, 5, 5], "texture": "#kolo"}
			}
		},
		{
			"name": "Element",
			"from": [-0.6025, -0.4816, -5.13625],
			"to": [1.2575, 2.3084, -4.20625],
			"faces": {
				"north": {"uv": [1, 4, 2, 5], "texture": "#kolo"},
				"east": {"uv": [1, 4, 2, 5], "texture": "#kolo"},
				"south": {"uv": [1, 4, 2, 5], "texture": "#kolo"},
				"west": {"uv": [1, 4, 2, 5], "texture": "#kolo"},
				"up": {"uv": [1, 4, 2, 5], "texture": "#kolo"},
				"down": {"uv": [1, 4, 2, 5], "texture": "#kolo"}
			}
		},
		{
			"name": "Element",
			"from": [-0.6025, 2.3084, -5.13625],
			"to": [1.2575, 4.1777, -4.20625],
			"rotation": {"angle": 45, "axis": "x", "origin": [-1.5325, 2.3084, -5.13625]},
			"faces": {
				"north": {"uv": [1, 4, 2, 5], "texture": "#kolo"},
				"east": {"uv": [1, 4, 2, 5], "texture": "#kolo"},
				"south": {"uv": [1, 4, 2, 5], "texture": "#kolo"},
				"west": {"uv": [1, 4, 2, 5], "texture": "#kolo"},
				"up": {"uv": [1, 4, 2, 5], "texture": "#kolo"},
				"down": {"uv": [1, 4, 2, 5], "texture": "#kolo"}
			}
		},
		{
			"name": "Element",
			"from": [-0.6025, 2.7095, -3.81446],
			"to": [1.2575, 3.6395, -1.02446],
			"rotation": {"angle": 0, "axis": "y", "origin": [8.465, 8.00585, 8.00119]},
			"faces": {
				"north": {"uv": [1, 4, 2, 5], "texture": "#kolo"},
				"east": {"uv": [1, 4, 2, 5], "texture": "#kolo"},
				"south": {"uv": [1, 4, 2, 5], "texture": "#kolo"},
				"west": {"uv": [1, 4, 2, 5], "texture": "#kolo"},
				"up": {"uv": [1, 4, 2, 5], "texture": "#kolo"},
				"down": {"uv": [1, 4, 2, 5], "texture": "#kolo"}
			}
		},
		{
			"name": "Element",
			"from": [-0.6025, 2.98189, -1.68206],
			"to": [1.2575, 3.91189, 0.18724],
			"rotation": {"angle": 45, "axis": "x", "origin": [-1.5325, 2.98189, -1.68206]},
			"faces": {
				"north": {"uv": [1, 4, 2, 5], "texture": "#kolo"},
				"east": {"uv": [1, 4, 2, 5], "texture": "#kolo"},
				"south": {"uv": [1, 4, 2, 5], "texture": "#kolo"},
				"west": {"uv": [1, 4, 2, 5], "texture": "#kolo"},
				"up": {"uv": [1, 4, 2, 5], "texture": "#kolo"},
				"down": {"uv": [1, 4, 2, 5], "texture": "#kolo"}
			}
		},
		{
			"name": "Element",
			"from": [-0.6025, -1.80339, -3.81446],
			"to": [1.2575, -0.87339, -1.02446],
			"rotation": {"angle": 0, "axis": "y", "origin": [8.465, 8.00346, 8.00119]},
			"faces": {
				"north": {"uv": [1, 4, 2, 5], "texture": "#kolo"},
				"east": {"uv": [1, 4, 2, 5], "texture": "#kolo"},
				"south": {"uv": [1, 4, 2, 5], "texture": "#kolo"},
				"west": {"uv": [1, 4, 2, 5], "texture": "#kolo"},
				"up": {"uv": [1, 4, 2, 5], "texture": "#kolo"},
				"down": {"uv": [1, 4, 2, 5], "texture": "#kolo"}
			}
		},
		{
			"name": "Element",
			"from": [-0.6025, -0.4816, -5.13625],
			"to": [1.2575, 0.4484, -3.26695],
			"rotation": {"angle": 45, "axis": "x", "origin": [-1.5325, -0.4816, -5.13625]},
			"faces": {
				"north": {"uv": [1, 4, 2, 5], "texture": "#kolo"},
				"east": {"uv": [1, 4, 2, 5], "texture": "#kolo"},
				"south": {"uv": [1, 4, 2, 5], "texture": "#kolo"},
				"west": {"uv": [1, 4, 2, 5], "texture": "#kolo"},
				"up": {"uv": [1, 4, 2, 5], "texture": "#kolo"},
				"down": {"uv": [1, 4, 2, 5], "texture": "#kolo"}
			}
		},
		{
			"name": "Element",
			"from": [-0.6025, -1.14579, -1.68206],
			"to": [1.2575, 0.72351, -0.75206],
			"rotation": {"angle": 45, "axis": "x", "origin": [-1.5325, -1.14579, -1.68206]},
			"faces": {
				"north": {"uv": [1, 4, 2, 5], "texture": "#kolo"},
				"east": {"uv": [1, 4, 2, 5], "texture": "#kolo"},
				"south": {"uv": [1, 4, 2, 5], "texture": "#kolo"},
				"west": {"uv": [1, 4, 2, 5], "texture": "#kolo"},
				"up": {"uv": [1, 4, 2, 5], "texture": "#kolo"},
				"down": {"uv": [1, 4, 2, 5], "texture": "#kolo"}
			}
		},
		{
			"name": "Element",
			"from": [-0.6025, -0.4816, -0.63266],
			"to": [1.2575, 2.3177, 0.29734],
			"rotation": {"angle": 0, "axis": "y", "origin": [8.465, 8.00465, 7.99774]},
			"faces": {
				"north": {"uv": [1, 4, 2, 5], "texture": "#kolo"},
				"east": {"uv": [1, 4, 2, 5], "texture": "#kolo"},
				"south": {"uv": [1, 4, 2, 5], "texture": "#kolo"},
				"west": {"uv": [1, 4, 2, 5], "texture": "#kolo"},
				"up": {"uv": [1, 4, 2, 5], "texture": "#kolo"},
				"down": {"uv": [1, 4, 2, 5], "texture": "#kolo"}
			}
		},
		{
			"name": "Element",
			"from": [14.7425, 2.70365, 18.03935],
			"to": [16.6025, 3.63365, 20.82935],
			"faces": {
				"north": {"uv": [2, 4, 1, 5], "texture": "#kolo"},
				"east": {"uv": [2, 4, 1, 5], "texture": "#kolo"},
				"south": {"uv": [2, 4, 1, 5], "texture": "#kolo"},
				"west": {"uv": [2, 4, 1, 5], "texture": "#kolo"},
				"up": {"uv": [2, 4, 1, 5], "texture": "#kolo"},
				"down": {"uv": [2, 4, 1, 5], "texture": "#kolo"}
			}
		},
		{
			"name": "Element",
			"from": [14.7425, -0.4816, 16.71875],
			"to": [16.6025, 2.3084, 17.64875],
			"faces": {
				"north": {"uv": [2, 4, 1, 5], "texture": "#kolo"},
				"east": {"uv": [2, 4, 1, 5], "texture": "#kolo"},
				"south": {"uv": [2, 4, 1, 5], "texture": "#kolo"},
				"west": {"uv": [2, 4, 1, 5], "texture": "#kolo"},
				"up": {"uv": [2, 4, 1, 5], "texture": "#kolo"},
				"down": {"uv": [2, 4, 1, 5], "texture": "#kolo"}
			}
		},
		{
			"name": "Element",
			"from": [14.7425, 2.31184, 16.71754],
			"to": [16.6025, 4.18114, 17.64754],
			"rotation": {"angle": 45, "axis": "x", "origin": [17.5325, 2.31184, 16.71754]},
			"faces": {
				"north": {"uv": [2, 4, 1, 5], "texture": "#kolo"},
				"east": {"uv": [2, 4, 1, 5], "texture": "#kolo"},
				"south": {"uv": [2, 4, 1, 5], "texture": "#kolo"},
				"west": {"uv": [2, 4, 1, 5], "texture": "#kolo"},
				"up": {"uv": [2, 4, 1, 5], "texture": "#kolo"},
				"down": {"uv": [2, 4, 1, 5], "texture": "#kolo"}
			}
		},
		{
			"name": "Element",
			"from": [14.7425, -0.48625, 16.71875],
			"to": [16.6025, 0.44375, 18.58805],
			"rotation": {"angle": 45, "axis": "x", "origin": [17.5325, -0.48625, 16.71875]},
			"faces": {
				"north": {"uv": [2, 4, 1, 5], "texture": "#kolo"},
				"east": {"uv": [2, 4, 1, 5], "texture": "#kolo"},
				"south": {"uv": [2, 4, 1, 5], "texture": "#kolo"},
				"west": {"uv": [2, 4, 1, 5], "texture": "#kolo"},
				"up": {"uv": [2, 4, 1, 5], "texture": "#kolo"},
				"down": {"uv": [2, 4, 1, 5], "texture": "#kolo"}
			}
		},
		{
			"name": "Element",
			"from": [14.7425, -1.80685, 18.03935],
			"to": [16.6025, -0.87685, 20.82935],
			"faces": {
				"north": {"uv": [2, 4, 1, 5], "texture": "#kolo"},
				"east": {"uv": [2, 4, 1, 5], "texture": "#kolo"},
				"south": {"uv": [2, 4, 1, 5], "texture": "#kolo"},
				"west": {"uv": [2, 4, 1, 5], "texture": "#kolo"},
				"up": {"uv": [2, 4, 1, 5], "texture": "#kolo"},
				"down": {"uv": [2, 4, 1, 5], "texture": "#kolo"}
			}
		},
		{
			"name": "Element",
			"from": [14.7425, 2.97605, 20.17175],
			"to": [16.6025, 3.90605, 22.04105],
			"rotation": {"angle": 45, "axis": "x", "origin": [17.5325, 2.97605, 20.17175]},
			"faces": {
				"north": {"uv": [2, 4, 1, 5], "texture": "#kolo"},
				"east": {"uv": [2, 4, 1, 5], "texture": "#kolo"},
				"south": {"uv": [2, 4, 1, 5], "texture": "#kolo"},
				"west": {"uv": [2, 4, 1, 5], "texture": "#kolo"},
				"up": {"uv": [2, 4, 1, 5], "texture": "#kolo"},
				"down": {"uv": [2, 4, 1, 5], "texture": "#kolo"}
			}
		},
		{
			"name": "Element",
			"from": [14.7425, -1.14581, 20.17519],
			"to": [16.6025, 0.72349, 21.10519],
			"rotation": {"angle": 45, "axis": "x", "origin": [17.5325, -1.14581, 20.17519]},
			"faces": {
				"north": {"uv": [2, 4, 1, 5], "texture": "#kolo"},
				"east": {"uv": [2, 4, 1, 5], "texture": "#kolo"},
				"south": {"uv": [2, 4, 1, 5], "texture": "#kolo"},
				"west": {"uv": [2, 4, 1, 5], "texture": "#kolo"},
				"up": {"uv": [2, 4, 1, 5], "texture": "#kolo"},
				"down": {"uv": [2, 4, 1, 5], "texture": "#kolo"}
			}
		},
		{
			"name": "Element",
			"from": [14.7425, -0.48625, 21.2246],
			"to": [16.6025, 2.31305, 22.1546],
			"faces": {
				"north": {"uv": [2, 4, 1, 5], "texture": "#kolo"},
				"east": {"uv": [2, 4, 1, 5], "texture": "#kolo"},
				"south": {"uv": [2, 4, 1, 5], "texture": "#kolo"},
				"west": {"uv": [2, 4, 1, 5], "texture": "#kolo"},
				"up": {"uv": [2, 4, 1, 5], "texture": "#kolo"},
				"down": {"uv": [2, 4, 1, 5], "texture": "#kolo"}
			}
		},
		{
			"name": "Element",
			"from": [14.975, -0.25375, 16.95125],
			"to": [16.37, 0.67625, 18.82055],
			"rotation": {"angle": 45, "axis": "x", "origin": [17.3, -0.25375, 16.95125]},
			"faces": {
				"north": {"uv": [5, 4, 4, 5], "texture": "#kolo"},
				"east": {"uv": [5, 4, 4, 5], "texture": "#kolo"},
				"south": {"uv": [5, 4, 4, 5], "texture": "#kolo"},
				"west": {"uv": [5, 4, 4, 5], "texture": "#kolo"},
				"up": {"uv": [5, 4, 4, 5], "texture": "#kolo"},
				"down": {"uv": [5, 4, 4, 5], "texture": "#kolo"}
			}
		},
		{
			"name": "Element",
			"from": [14.975, -1.57435, 18.03935],
			"to": [16.37, -0.64435, 20.82935],
			"faces": {
				"north": {"uv": [5, 4, 4, 5], "texture": "#kolo"},
				"east": {"uv": [5, 4, 4, 5], "texture": "#kolo"},
				"south": {"uv": [5, 4, 4, 5], "texture": "#kolo"},
				"west": {"uv": [5, 4, 4, 5], "texture": "#kolo"},
				"up": {"uv": [5, 4, 4, 5], "texture": "#kolo"},
				"down": {"uv": [5, 4, 4, 5], "texture": "#kolo"}
			}
		},
		{
			"name": "Element",
			"from": [14.975, -0.91331, 19.94269],
			"to": [16.37, 0.95599, 20.87269],
			"rotation": {"angle": 45, "axis": "x", "origin": [17.3, -0.91331, 19.94269]},
			"faces": {
				"north": {"uv": [5, 4, 4, 5], "texture": "#kolo"},
				"east": {"uv": [5, 4, 4, 5], "texture": "#kolo"},
				"south": {"uv": [5, 4, 4, 5], "texture": "#kolo"},
				"west": {"uv": [5, 4, 4, 5], "texture": "#kolo"},
				"up": {"uv": [5, 4, 4, 5], "texture": "#kolo"},
				"down": {"uv": [5, 4, 4, 5], "texture": "#kolo"}
			}
		},
		{
			"name": "Element",
			"from": [14.975, -0.48625, 20.9921],
			"to": [16.37, 2.31305, 21.9221],
			"faces": {
				"north": {"uv": [5, 4, 4, 5], "texture": "#kolo"},
				"east": {"uv": [5, 4, 4, 5], "texture": "#kolo"},
				"south": {"uv": [5, 4, 4, 5], "texture": "#kolo"},
				"west": {"uv": [5, 4, 4, 5], "texture": "#kolo"},
				"up": {"uv": [5, 4, 4, 5], "texture": "#kolo"},
				"down": {"uv": [5, 4, 4, 5], "texture": "#kolo"}
			}
		},
		{
			"name": "Element",
			"from": [14.975, 2.74355, 19.93925],
			"to": [16.37, 3.67355, 21.80855],
			"rotation": {"angle": 45, "axis": "x", "origin": [17.3, 2.74355, 19.93925]},
			"faces": {
				"north": {"uv": [5, 4, 4, 5], "texture": "#kolo"},
				"east": {"uv": [5, 4, 4, 5], "texture": "#kolo"},
				"south": {"uv": [5, 4, 4, 5], "texture": "#kolo"},
				"west": {"uv": [5, 4, 4, 5], "texture": "#kolo"},
				"up": {"uv": [5, 4, 4, 5], "texture": "#kolo"},
				"down": {"uv": [5, 4, 4, 5], "texture": "#kolo"}
			}
		},
		{
			"name": "Element",
			"from": [14.975, 2.47115, 18.03935],
			"to": [16.37, 3.40115, 20.82935],
			"faces": {
				"north": {"uv": [5, 4, 4, 5], "texture": "#kolo"},
				"east": {"uv": [5, 4, 4, 5], "texture": "#kolo"},
				"south": {"uv": [5, 4, 4, 5], "texture": "#kolo"},
				"west": {"uv": [5, 4, 4, 5], "texture": "#kolo"},
				"up": {"uv": [5, 4, 4, 5], "texture": "#kolo"},
				"down": {"uv": [5, 4, 4, 5], "texture": "#kolo"}
			}
		},
		{
			"name": "Element",
			"from": [14.975, 2.07934, 16.95004],
			"to": [16.37, 3.94864, 17.88004],
			"rotation": {"angle": 45, "axis": "x", "origin": [17.3, 2.07934, 16.95004]},
			"faces": {
				"north": {"uv": [5, 4, 4, 5], "texture": "#kolo"},
				"east": {"uv": [5, 4, 4, 5], "texture": "#kolo"},
				"south": {"uv": [5, 4, 4, 5], "texture": "#kolo"},
				"west": {"uv": [5, 4, 4, 5], "texture": "#kolo"},
				"up": {"uv": [5, 4, 4, 5], "texture": "#kolo"},
				"down": {"uv": [5, 4, 4, 5], "texture": "#kolo"}
			}
		},
		{
			"name": "Element",
			"from": [14.975, -0.4816, 16.95125],
			"to": [16.37, 2.3084, 17.88125],
			"faces": {
				"north": {"uv": [5, 4, 4, 5], "texture": "#kolo"},
				"east": {"uv": [5, 4, 4, 5], "texture": "#kolo"},
				"south": {"uv": [5, 4, 4, 5], "texture": "#kolo"},
				"west": {"uv": [5, 4, 4, 5], "texture": "#kolo"},
				"up": {"uv": [5, 4, 4, 5], "texture": "#kolo"},
				"down": {"uv": [5, 4, 4, 5], "texture": "#kolo"}
			}
		},
		{
			"name": "Element",
			"from": [14.7425, -0.9931, 17.57435],
			"to": [15.2075, 2.7269, 21.29435],
			"faces": {
				"north": {"uv": [2, 4, 1, 5], "texture": "#kolo"},
				"east": {"uv": [2, 1, 1, 2], "texture": "#kolo"},
				"south": {"uv": [2, 4, 1, 5], "texture": "#kolo"},
				"west": {"uv": [2, 4, 1, 5], "texture": "#kolo"},
				"up": {"uv": [2, 4, 1, 5], "texture": "#kolo"},
				"down": {"uv": [2, 4, 1, 5], "texture": "#kolo"}
			}
		},
		{
			"name": "Element",
			"from": [15.2075, 0.4019, 18.96935],
			"to": [16.6025, 1.3319, 19.89935],
			"faces": {
				"north": {"uv": [5, 1, 4, 2], "texture": "#kolo"},
				"east": {"uv": [5, 1, 4, 2], "texture": "#kolo"},
				"south": {"uv": [5, 1, 4, 2], "texture": "#kolo"},
				"west": {"uv": [5, 1, 4, 2], "texture": "#kolo"},
				"up": {"uv": [5, 1, 4, 2], "texture": "#kolo"},
				"down": {"uv": [5, 1, 4, 2], "texture": "#kolo"}
			}
		},
		{
			"name": "Element",
			"from": [15.6725, -0.9931, 19.20185],
			"to": [16.1375, 2.7269, 19.66685],
			"faces": {
				"north": {"uv": [8, 1, 7, 2], "texture": "#kolo"},
				"east": {"uv": [8, 1, 7, 2], "texture": "#kolo"},
				"south": {"uv": [8, 1, 7, 2], "texture": "#kolo"},
				"west": {"uv": [8, 1, 7, 2], "texture": "#kolo"},
				"up": {"uv": [8, 1, 7, 2], "texture": "#kolo"},
				"down": {"uv": [8, 1, 7, 2], "texture": "#kolo"}
			}
		},
		{
			"name": "Element",
			"from": [15.6725, 0.6344, 17.57435],
			"to": [16.1375, 1.0994, 21.29435],
			"faces": {
				"north": {"uv": [8, 1, 7, 2], "texture": "#kolo"},
				"east": {"uv": [8, 1, 7, 2], "texture": "#kolo"},
				"south": {"uv": [8, 1, 7, 2], "texture": "#kolo"},
				"west": {"uv": [8, 1, 7, 2], "texture": "#kolo"},
				"up": {"uv": [8, 1, 7, 2], "texture": "#kolo"},
				"down": {"uv": [8, 1, 7, 2], "texture": "#kolo"}
			}
		},
		{
			"name": "Element",
			"from": [15.6725, -0.5281, 17.80685],
			"to": [16.1375, 3.6569, 18.27185],
			"rotation": {"angle": 45, "axis": "x", "origin": [17.0675, -0.5281, 17.80685]},
			"faces": {
				"north": {"uv": [8, 1, 7, 2], "texture": "#kolo"},
				"east": {"uv": [8, 1, 7, 2], "texture": "#kolo"},
				"south": {"uv": [8, 1, 7, 2], "texture": "#kolo"},
				"west": {"uv": [8, 1, 7, 2], "texture": "#kolo"},
				"up": {"uv": [8, 1, 7, 2], "texture": "#kolo"},
				"down": {"uv": [8, 1, 7, 2], "texture": "#kolo"}
			}
		},
		{
			"name": "Element",
			"from": [15.6725, -0.7606, 20.82935],
			"to": [16.1375, 3.4244, 21.29435],
			"rotation": {"angle": -45, "axis": "x", "origin": [17.0675, -0.7606, 20.82935]},
			"faces": {
				"north": {"uv": [8, 1, 7, 2], "texture": "#kolo"},
				"east": {"uv": [8, 1, 7, 2], "texture": "#kolo"},
				"south": {"uv": [8, 1, 7, 2], "texture": "#kolo"},
				"west": {"uv": [8, 1, 7, 2], "texture": "#kolo"},
				"up": {"uv": [8, 1, 7, 2], "texture": "#kolo"},
				"down": {"uv": [8, 1, 7, 2], "texture": "#kolo"}
			}
		},
		{
			"name": "Element",
			"from": [0.7925, -0.9931, 17.10935],
			"to": [1.2575, 2.7269, 20.82935],
			"faces": {
				"north": {"uv": [1, 4, 2, 5], "texture": "#kolo"},
				"east": {"uv": [1, 4, 2, 5], "texture": "#kolo"},
				"south": {"uv": [1, 4, 2, 5], "texture": "#kolo"},
				"west": {"uv": [1, 1, 2, 2], "texture": "#kolo"},
				"up": {"uv": [1, 4, 2, 5], "texture": "#kolo"},
				"down": {"uv": [1, 4, 2, 5], "texture": "#kolo"}
			}
		},
		{
			"name": "Element",
			"from": [-0.6025, 0.4019, 18.50435],
			"to": [0.7925, 1.3319, 19.43435],
			"faces": {
				"north": {"uv": [4, 1, 5, 2], "texture": "#kolo"},
				"east": {"uv": [4, 1, 5, 2], "texture": "#kolo"},
				"south": {"uv": [4, 1, 5, 2], "texture": "#kolo"},
				"west": {"uv": [4, 1, 5, 2], "texture": "#kolo"},
				"up": {"uv": [4, 1, 5, 2], "texture": "#kolo"},
				"down": {"uv": [4, 1, 5, 2], "texture": "#kolo"}
			}
		},
		{
			"name": "Element",
			"from": [-0.1375, -0.9931, 18.73685],
			"to": [0.3275, 2.7269, 19.20185],
			"faces": {
				"north": {"uv": [7, 1, 8, 2], "texture": "#kolo"},
				"east": {"uv": [7, 1, 8, 2], "texture": "#kolo"},
				"south": {"uv": [7, 1, 8, 2], "texture": "#kolo"},
				"west": {"uv": [7, 1, 8, 2], "texture": "#kolo"},
				"up": {"uv": [7, 1, 8, 2], "texture": "#kolo"},
				"down": {"uv": [7, 1, 8, 2], "texture": "#kolo"}
			}
		},
		{
			"name": "Element",
			"from": [-0.1375, -15.88562, 14.09937],
			"to": [0.3275, -11.70062, 14.56437],
			"rotation": {"angle": -45, "axis": "x", "origin": [-1.5325, -0.7606, -1.02565]},
			"faces": {
				"north": {"uv": [7, 1, 8, 2], "texture": "#kolo"},
				"east": {"uv": [7, 1, 8, 2], "texture": "#kolo"},
				"south": {"uv": [7, 1, 8, 2], "texture": "#kolo"},
				"west": {"uv": [7, 1, 8, 2], "texture": "#kolo"},
				"up": {"uv": [7, 1, 8, 2], "texture": "#kolo"},
				"down": {"uv": [7, 1, 8, 2], "texture": "#kolo"}
			}
		},
		{
			"name": "Element",
			"from": [-0.1375, 0.6344, 17.10935],
			"to": [0.3275, 1.0994, 20.82935],
			"faces": {
				"north": {"uv": [7, 1, 8, 2], "texture": "#kolo"},
				"east": {"uv": [7, 1, 8, 2], "texture": "#kolo"},
				"south": {"uv": [7, 1, 8, 2], "texture": "#kolo"},
				"west": {"uv": [7, 1, 8, 2], "texture": "#kolo"},
				"up": {"uv": [7, 1, 8, 2], "texture": "#kolo"},
				"down": {"uv": [7, 1, 8, 2], "texture": "#kolo"}
			}
		},
		{
			"name": "Element",
			"from": [-0.1375, 14.59692, 11.07687],
			"to": [0.3275, 18.78192, 11.54187],
			"rotation": {"angle": 45, "axis": "x", "origin": [-1.5325, -0.5281, -4.04815]},
			"faces": {
				"north": {"uv": [7, 1, 8, 2], "texture": "#kolo"},
				"east": {"uv": [7, 1, 8, 2], "texture": "#kolo"},
				"south": {"uv": [7, 1, 8, 2], "texture": "#kolo"},
				"west": {"uv": [7, 1, 8, 2], "texture": "#kolo"},
				"up": {"uv": [7, 1, 8, 2], "texture": "#kolo"},
				"down": {"uv": [7, 1, 8, 2], "texture": "#kolo"}
			}
		},
		{
			"name": "Element",
			"from": [-0.37, -1.57435, 17.57435],
			"to": [1.025, -0.64435, 20.36435],
			"faces": {
				"north": {"uv": [4, 4, 5, 5], "texture": "#kolo"},
				"east": {"uv": [4, 4, 5, 5], "texture": "#kolo"},
				"south": {"uv": [4, 4, 5, 5], "texture": "#kolo"},
				"west": {"uv": [4, 4, 5, 5], "texture": "#kolo"},
				"up": {"uv": [4, 4, 5, 5], "texture": "#kolo"},
				"down": {"uv": [4, 4, 5, 5], "texture": "#kolo"}
			}
		},
		{
			"name": "Element",
			"from": [-0.37, 14.21171, 13.21271],
			"to": [1.025, 16.08101, 14.14271],
			"rotation": {"angle": 45, "axis": "x", "origin": [-1.765, -0.91331, -1.91231]},
			"faces": {
				"north": {"uv": [4, 4, 5, 5], "texture": "#kolo"},
				"east": {"uv": [4, 4, 5, 5], "texture": "#kolo"},
				"south": {"uv": [4, 4, 5, 5], "texture": "#kolo"},
				"west": {"uv": [4, 4, 5, 5], "texture": "#kolo"},
				"up": {"uv": [4, 4, 5, 5], "texture": "#kolo"},
				"down": {"uv": [4, 4, 5, 5], "texture": "#kolo"}
			}
		},
		{
			"name": "Element",
			"from": [-0.37, -0.48625, 20.5271],
			"to": [1.025, 2.31305, 21.4571],
			"faces": {
				"north": {"uv": [4, 4, 5, 5], "texture": "#kolo"},
				"east": {"uv": [4, 4, 5, 5], "texture": "#kolo"},
				"south": {"uv": [4, 4, 5, 5], "texture": "#kolo"},
				"west": {"uv": [4, 4, 5, 5], "texture": "#kolo"},
				"up": {"uv": [4, 4, 5, 5], "texture": "#kolo"},
				"down": {"uv": [4, 4, 5, 5], "texture": "#kolo"}
			}
		},
		{
			"name": "Element",
			"from": [-0.37, 17.86856, 13.20926],
			"to": [1.025, 18.79856, 15.07856],
			"rotation": {"angle": 45, "axis": "x", "origin": [-1.765, 2.74355, -1.91575]},
			"faces": {
				"north": {"uv": [4, 4, 5, 5], "texture": "#kolo"},
				"east": {"uv": [4, 4, 5, 5], "texture": "#kolo"},
				"south": {"uv": [4, 4, 5, 5], "texture": "#kolo"},
				"west": {"uv": [4, 4, 5, 5], "texture": "#kolo"},
				"up": {"uv": [4, 4, 5, 5], "texture": "#kolo"},
				"down": {"uv": [4, 4, 5, 5], "texture": "#kolo"}
			}
		},
		{
			"name": "Element",
			"from": [-0.37, 2.47115, 17.57435],
			"to": [1.025, 3.40115, 20.36435],
			"faces": {
				"north": {"uv": [4, 4, 5, 5], "texture": "#kolo"},
				"east": {"uv": [4, 4, 5, 5], "texture": "#kolo"},
				"south": {"uv": [4, 4, 5, 5], "texture": "#kolo"},
				"west": {"uv": [4, 4, 5, 5], "texture": "#kolo"},
				"up": {"uv": [4, 4, 5, 5], "texture": "#kolo"},
				"down": {"uv": [4, 4, 5, 5], "texture": "#kolo"}
			}
		},
		{
			"name": "Element",
			"from": [-0.37, 17.20436, 10.22006],
			"to": [1.025, 19.07366, 11.15006],
			"rotation": {"angle": 45, "axis": "x", "origin": [-1.765, 2.07934, -4.90496]},
			"faces": {
				"north": {"uv": [4, 4, 5, 5], "texture": "#kolo"},
				"east": {"uv": [4, 4, 5, 5], "texture": "#kolo"},
				"south": {"uv": [4, 4, 5, 5], "texture": "#kolo"},
				"west": {"uv": [4, 4, 5, 5], "texture": "#kolo"},
				"up": {"uv": [4, 4, 5, 5], "texture": "#kolo"},
				"down": {"uv": [4, 4, 5, 5], "texture": "#kolo"}
			}
		},
		{
			"name": "Element",
			"from": [-0.37, -0.4816, 16.48625],
			"to": [1.025, 2.3084, 17.41625],
			"faces": {
				"north": {"uv": [4, 4, 5, 5], "texture": "#kolo"},
				"east": {"uv": [4, 4, 5, 5], "texture": "#kolo"},
				"south": {"uv": [4, 4, 5, 5], "texture": "#kolo"},
				"west": {"uv": [4, 4, 5, 5], "texture": "#kolo"},
				"up": {"uv": [4, 4, 5, 5], "texture": "#kolo"},
				"down": {"uv": [4, 4, 5, 5], "texture": "#kolo"}
			}
		},
		{
			"name": "Element",
			"from": [-0.37, 14.87127, 10.22127],
			"to": [1.025, 15.80127, 12.09057],
			"rotation": {"angle": 45, "axis": "x", "origin": [-1.765, -0.25375, -4.90375]},
			"faces": {
				"north": {"uv": [4, 4, 5, 5], "texture": "#kolo"},
				"east": {"uv": [4, 4, 5, 5], "texture": "#kolo"},
				"south": {"uv": [4, 4, 5, 5], "texture": "#kolo"},
				"west": {"uv": [4, 4, 5, 5], "texture": "#kolo"},
				"up": {"uv": [4, 4, 5, 5], "texture": "#kolo"},
				"down": {"uv": [4, 4, 5, 5], "texture": "#kolo"}
			}
		},
		{
			"name": "Element",
			"from": [-0.6025, -0.4816, 16.25375],
			"to": [1.2575, 2.3084, 17.18375],
			"faces": {
				"north": {"uv": [1, 4, 2, 5], "texture": "#kolo"},
				"east": {"uv": [1, 4, 2, 5], "texture": "#kolo"},
				"south": {"uv": [1, 4, 2, 5], "texture": "#kolo"},
				"west": {"uv": [1, 4, 2, 5], "texture": "#kolo"},
				"up": {"uv": [1, 4, 2, 5], "texture": "#kolo"},
				"down": {"uv": [1, 4, 2, 5], "texture": "#kolo"}
			}
		},
		{
			"name": "Element",
			"from": [-0.6025, 17.43342, 9.98877],
			"to": [1.2575, 19.30272, 10.91877],
			"rotation": {"angle": 45, "axis": "x", "origin": [-1.5325, 2.3084, -5.13625]},
			"faces": {
				"north": {"uv": [1, 4, 2, 5], "texture": "#kolo"},
				"east": {"uv": [1, 4, 2, 5], "texture": "#kolo"},
				"south": {"uv": [1, 4, 2, 5], "texture": "#kolo"},
				"west": {"uv": [1, 4, 2, 5], "texture": "#kolo"},
				"up": {"uv": [1, 4, 2, 5], "texture": "#kolo"},
				"down": {"uv": [1, 4, 2, 5], "texture": "#kolo"}
			}
		},
		{
			"name": "Element",
			"from": [-0.6025, 2.7095, 17.57554],
			"to": [1.2575, 3.6395, 20.36554],
			"rotation": {"angle": 0, "axis": "y", "origin": [8.465, 8.00585, 8.00119]},
			"faces": {
				"north": {"uv": [1, 4, 2, 5], "texture": "#kolo"},
				"east": {"uv": [1, 4, 2, 5], "texture": "#kolo"},
				"south": {"uv": [1, 4, 2, 5], "texture": "#kolo"},
				"west": {"uv": [1, 4, 2, 5], "texture": "#kolo"},
				"up": {"uv": [1, 4, 2, 5], "texture": "#kolo"},
				"down": {"uv": [1, 4, 2, 5], "texture": "#kolo"}
			}
		},
		{
			"name": "Element",
			"from": [-0.6025, 18.1069, 13.44295],
			"to": [1.2575, 19.0369, 15.31225],
			"rotation": {"angle": 45, "axis": "x", "origin": [-1.5325, 2.98189, -1.68206]},
			"faces": {
				"north": {"uv": [1, 4, 2, 5], "texture": "#kolo"},
				"east": {"uv": [1, 4, 2, 5], "texture": "#kolo"},
				"south": {"uv": [1, 4, 2, 5], "texture": "#kolo"},
				"west": {"uv": [1, 4, 2, 5], "texture": "#kolo"},
				"up": {"uv": [1, 4, 2, 5], "texture": "#kolo"},
				"down": {"uv": [1, 4, 2, 5], "texture": "#kolo"}
			}
		},
		{
			"name": "Element",
			"from": [-0.6025, -1.80339, 17.57554],
			"to": [1.2575, -0.87339, 20.36554],
			"rotation": {"angle": 0, "axis": "y", "origin": [8.465, 8.00346, 8.00119]},
			"faces": {
				"north": {"uv": [1, 4, 2, 5], "texture": "#kolo"},
				"east": {"uv": [1, 4, 2, 5], "texture": "#kolo"},
				"south": {"uv": [1, 4, 2, 5], "texture": "#kolo"},
				"west": {"uv": [1, 4, 2, 5], "texture": "#kolo"},
				"up": {"uv": [1, 4, 2, 5], "texture": "#kolo"},
				"down": {"uv": [1, 4, 2, 5], "texture": "#kolo"}
			}
		},
		{
			"name": "Element",
			"from": [-0.6025, 14.64342, 9.98877],
			"to": [1.2575, 15.57342, 11.85807],
			"rotation": {"angle": 45, "axis": "x", "origin": [-1.5325, -0.4816, -5.13625]},
			"faces": {
				"north": {"uv": [1, 4, 2, 5], "texture": "#kolo"},
				"east": {"uv": [1, 4, 2, 5], "texture": "#kolo"},
				"south": {"uv": [1, 4, 2, 5], "texture": "#kolo"},
				"west": {"uv": [1, 4, 2, 5], "texture": "#kolo"},
				"up": {"uv": [1, 4, 2, 5], "texture": "#kolo"},
				"down": {"uv": [1, 4, 2, 5], "texture": "#kolo"}
			}
		},
		{
			"name": "Element",
			"from": [-0.6025, 13.97923, 13.44295],
			"to": [1.2575, 15.84853, 14.37295],
			"rotation": {"angle": 45, "axis": "x", "origin": [-1.5325, -1.14579, -1.68206]},
			"faces": {
				"north": {"uv": [1, 4, 2, 5], "texture": "#kolo"},
				"east": {"uv": [1, 4, 2, 5], "texture": "#kolo"},
				"south": {"uv": [1, 4, 2, 5], "texture": "#kolo"},
				"west": {"uv": [1, 4, 2, 5], "texture": "#kolo"},
				"up": {"uv": [1, 4, 2, 5], "texture": "#kolo"},
				"down": {"uv": [1, 4, 2, 5], "texture": "#kolo"}
			}
		},
		{
			"name": "Element",
			"from": [-0.6025, -0.4816, 20.75734],
			"to": [1.2575, 2.3177, 21.68734],
			"rotation": {"angle": 0, "axis": "y", "origin": [8.465, 8.00465, 7.99774]},
			"faces": {
				"north": {"uv": [1, 4, 2, 5], "texture": "#kolo"},
				"east": {"uv": [1, 4, 2, 5], "texture": "#kolo"},
				"south": {"uv": [1, 4, 2, 5], "texture": "#kolo"},
				"west": {"uv": [1, 4, 2, 5], "texture": "#kolo"},
				"up": {"uv": [1, 4, 2, 5], "texture": "#kolo"},
				"down": {"uv": [1, 4, 2, 5], "texture": "#kolo"}
			}
		},
		{
			"from": [1.49, 4.28, -10.135],
			"to": [2.42, 6.14, -9.205],
			"faces": {
				"north": {"uv": [0, 0, 1, 2], "texture": "#7"},
				"east": {"uv": [0, 0, 1, 2], "texture": "#7"},
				"south": {"uv": [0, 0, 1, 2], "texture": "#7"},
				"west": {"uv": [0, 0, 1, 2], "texture": "#7"},
				"up": {"uv": [0, 0, 1, 1], "texture": "#7"},
				"down": {"uv": [0, 0, 1, 1], "texture": "#7"}
			}
		},
		{
			"from": [13.58, 4.28, -10.135],
			"to": [14.51, 6.14, -9.205],
			"faces": {
				"north": {"uv": [0, 0, 1, 2], "texture": "#7"},
				"east": {"uv": [0, 0, 1, 2], "texture": "#7"},
				"south": {"uv": [0, 0, 1, 2], "texture": "#7"},
				"west": {"uv": [0, 0, 1, 2], "texture": "#7"},
				"up": {"uv": [0, 0, 1, 1], "texture": "#7"},
				"down": {"uv": [0, 0, 1, 1], "texture": "#7"}
			}
		}
	],
	"display": {
		"thirdperson_righthand": {
			"rotation": [75, 45, 0],
			"translation": [0, 2.5, 0],
			"scale": [0.375, 0.375, 0.375]
		},
		"thirdperson_lefthand": {
			"rotation": [75, 45, 0],
			"translation": [0, 2.5, 0],
			"scale": [0.375, 0.375, 0.375]
		},
		"firstperson_righthand": {
			"rotation": [0, 45, 0],
			"scale": [0.4, 0.4, 0.4]
		},
		"firstperson_lefthand": {
			"rotation": [0, 45, 0],
			"scale": [0.4, 0.4, 0.4]
		},
		"ground": {
			"translation": [0, 3, 0],
			"scale": [0.25, 0.25, 0.25]
		},
		"gui": {
			"rotation": [30, 45, 0],
			"scale": [0.325, 0.325, 0.325]
		},
		"head": {
			"translation": [14, -9, 20],
			"scale": [3.2, 3.2, 3.2]
		},
		"fixed": {
			"scale": [0.5, 0.5, 0.5]
		}
	},
	"groups": [
		{
			"name": "magaz",
			"origin": [8, 8, 8],
			"children": [
				{
					"name": "steeringwheel",
					"origin": [8, 8, 8],
					"children": [0, 1, 2, 3, 4, 5, 6, 7, 8, 9]
				},
				{
					"name": "chair",
					"origin": [8, 8, 8],
					"children": [10, 11]
				},
				{
					"name": "chair",
					"origin": [8, 8, 8],
					"children": [12, 13]
				}, 14, 15, 16, 17, 18, 19, 20, 21, 22, 23, 24, 25, 26, 27, 28, 29, 30, 31, 32, 33, 34, 35, 36, 37, 38, 39, 40, 41, 42, 43, 44, 45, 46, 47, 48, 49, 50, 51, 52, 53, 54, 55, 56, 57, 58, 59, 60, 61, 62, 63, 64, 65, 66, 67, 68, 69, 70, 71, 72, 73,
				{
					"name": "ruota1",
					"origin": [17.75, -1.17, -4.955],
					"children": [74, 75, 76, 77, 78, 79, 80, 81, 82, 83, 84, 85, 86, 87, 88, 89, 90, 91, 92, 93, 94, 95]
				},
				{
					"name": "ruota2",
					"origin": [8, 8, 8],
					"children": [96, 97, 98, 99, 100, 101, 102, 103, 104, 105, 106, 107, 108, 109, 110, 111, 112, 113, 114, 115, 116, 117]
				},
				{
					"name": "ruota4",
					"origin": [17.75, -1.42, 21.795],
					"children": [118, 119, 120, 121, 122, 123, 124, 125, 126, 127, 128, 129, 130, 131, 132, 133, 134, 135, 136, 137, 138, 139]
				},
				{
					"name": "ruota3",
					"origin": [8, 8, 8],
					"children": [140, 141, 142, 143, 144, 145, 146, 147, 148, 149, 150, 151, 152, 153, 154, 155, 156, 157, 158, 159, 160, 161]
				}, 162, 163]
		}
	]
}