{
	"credit": "Made with Blockbench",
	"textures": {
		"6": "block/light_gray_concrete",
		"8": "block/black_wool",
		"9": "cars/arancio",
		"wheel": "block/black_concrete",
		"block": "block/anvil",
		"light": "block/yellow_concrete",
		"kolo": "cars/tire"
	},
	"elements": [
		{
			"name": "Element",
			"from": [4.95229, 4.11695, 7],
			"to": [9.35229, 5.11695, 9],
			"rotation": {"angle": 0, "axis": "y", "origin": [7.95229, 8.01695, 8]},
			"faces": {
				"north": {"uv": [0, 9.5, 9.5, 10.5], "texture": "#block", "tintindex": 0},
				"east": {"uv": [11, 9.5, 12, 10.5], "texture": "#block", "tintindex": 0},
				"south": {"uv": [6.5, 9.5, 16, 10.5], "texture": "#block", "tintindex": 0},
				"west": {"uv": [4, 9.5, 5, 10.5], "texture": "#block", "tintindex": 0},
				"up": {"uv": [6.5, 4, 16, 5], "texture": "#block", "tintindex": 0},
				"down": {"uv": [9.5, 5, 0, 4], "texture": "#block", "tintindex": 0}
			}
		},
		{
			"name": "Element",
			"from": [2.22993, 7.25352, 7],
			"to": [10.02993, 8.25352, 9],
			"rotation": {"angle": 0, "axis": "y", "origin": [8.22993, 8.55576, 8]},
			"faces": {
				"north": {"uv": [0, 9.5, 9.5, 10.5], "texture": "#block", "tintindex": 0},
				"east": {"uv": [11, 9.5, 12, 10.5], "texture": "#block", "tintindex": 0},
				"south": {"uv": [6.5, 9.5, 16, 10.5], "texture": "#block", "tintindex": 0},
				"west": {"uv": [4, 9.5, 5, 10.5], "texture": "#block", "tintindex": 0},
				"up": {"uv": [6.5, 4, 16, 5], "texture": "#block", "tintindex": 0},
				"down": {"uv": [9.5, 5, 0, 4], "texture": "#block", "tintindex": 0}
			}
		},
		{
			"name": "Element",
			"from": [2.92699, 11.19911, 7],
			"to": [7.77699, 12.19911, 9],
			"rotation": {"angle": -45, "axis": "z", "origin": [-2.18428, 11.06774, 6]},
			"faces": {
				"north": {"uv": [0, 9.5, 9.5, 10.5], "texture": "#block", "tintindex": 0},
				"east": {"uv": [11, 9.5, 12, 10.5], "texture": "#block", "tintindex": 0},
				"south": {"uv": [6.5, 9.5, 16, 10.5], "texture": "#block", "tintindex": 0},
				"west": {"uv": [4, 9.5, 5, 10.5], "texture": "#block", "tintindex": 0},
				"up": {"uv": [6.5, 4, 16, 5], "texture": "#block", "tintindex": 0},
				"down": {"uv": [9.5, 5, 0, 4], "texture": "#block", "tintindex": 0}
			}
		},
		{
			"name": "Element",
			"from": [11.06893, 4.18754, 9],
			"to": [12.06893, 9.43754, 10],
			"rotation": {"angle": -22.5, "axis": "z", "origin": [10.53317, 10.98097, 9]},
			"faces": {
				"north": {"uv": [0, 9.5, 9.5, 10.5], "texture": "#9", "tintindex": 0},
				"east": {"uv": [11, 9.5, 12, 10.5], "texture": "#9", "tintindex": 0},
				"south": {"uv": [6.5, 9.5, 16, 10.5], "texture": "#9", "tintindex": 0},
				"west": {"uv": [4, 9.5, 5, 10.5], "texture": "#9", "tintindex": 0},
				"up": {"uv": [6.5, 4, 16, 5], "texture": "#9", "tintindex": 0},
				"down": {"uv": [9.5, 5, 0, 4], "texture": "#9", "tintindex": 0}
			}
		},
		{
			"name": "Element",
			"from": [10.68625, 4.26366, 6],
			"to": [11.68625, 9.51366, 7],
			"rotation": {"angle": -22.5, "axis": "z", "origin": [10.15049, 10.05709, 6]},
			"faces": {
				"north": {"uv": [0, 9.5, 9.5, 10.5], "texture": "#9", "tintindex": 0},
				"east": {"uv": [11, 9.5, 12, 10.5], "texture": "#9", "tintindex": 0},
				"south": {"uv": [6.5, 9.5, 16, 10.5], "texture": "#9", "tintindex": 0},
				"west": {"uv": [4, 9.5, 5, 10.5], "texture": "#9", "tintindex": 0},
				"up": {"uv": [6.5, 4, 16, 5], "texture": "#9", "tintindex": 0},
				"down": {"uv": [9.5, 5, 0, 4], "texture": "#9", "tintindex": 0}
			}
		},
		{
			"name": "Element",
			"from": [10.68625, 4.26366, 7],
			"to": [11.68625, 8.31366, 9],
			"rotation": {"angle": -22.5, "axis": "z", "origin": [10.15049, 10.05709, 6]},
			"faces": {
				"north": {"uv": [0, 9.5, 9.5, 10.5], "texture": "#block", "tintindex": 0},
				"east": {"uv": [11, 9.5, 12, 10.5], "texture": "#block", "tintindex": 0},
				"south": {"uv": [6.5, 9.5, 16, 10.5], "texture": "#block", "tintindex": 0},
				"west": {"uv": [4, 9.5, 5, 10.5], "texture": "#block", "tintindex": 0},
				"up": {"uv": [6.5, 4, 16, 5], "texture": "#block", "tintindex": 0},
				"down": {"uv": [9.5, 5, 0, 4], "texture": "#block", "tintindex": 0}
			}
		},
		{
			"name": "Element",
			"from": [9.90174, 8.45657, 9],
			"to": [15.40174, 9.45657, 10],
			"rotation": {"angle": 22.5, "axis": "z", "origin": [10.4375, 10.75, 9]},
			"faces": {
				"north": {"uv": [0, 9.5, 9.5, 10.5], "texture": "#9", "tintindex": 0},
				"east": {"uv": [11, 9.5, 12, 10.5], "texture": "#9", "tintindex": 0},
				"south": {"uv": [6.5, 9.5, 16, 10.5], "texture": "#9", "tintindex": 0},
				"west": {"uv": [4, 9.5, 5, 10.5], "texture": "#9", "tintindex": 0},
				"up": {"uv": [6.5, 4, 16, 5], "texture": "#9", "tintindex": 0},
				"down": {"uv": [9.5, 5, 0, 4], "texture": "#9", "tintindex": 0}
			}
		},
		{
			"name": "Element",
			"from": [9.74616, 8.81194, 6],
			"to": [11.24616, 9.81194, 10],
			"rotation": {"angle": 0, "axis": "z", "origin": [14.28944, 8.91584, 9]},
			"faces": {
				"north": {"uv": [0, 9.5, 9.5, 10.5], "texture": "#9", "tintindex": 0},
				"east": {"uv": [11, 9.5, 12, 10.5], "texture": "#9", "tintindex": 0},
				"south": {"uv": [6.5, 9.5, 16, 10.5], "texture": "#9", "tintindex": 0},
				"west": {"uv": [4, 9.5, 5, 10.5], "texture": "#9", "tintindex": 0},
				"up": {"uv": [6.5, 4, 16, 5], "texture": "#9", "tintindex": 0},
				"down": {"uv": [9.5, 5, 0, 4], "texture": "#9", "tintindex": 0}
			}
		},
		{
			"name": "Element",
			"from": [3.24616, 8.81194, 6],
			"to": [9.74616, 9.81194, 10],
			"rotation": {"angle": 0, "axis": "z", "origin": [15.78944, 8.91584, 9]},
			"faces": {
				"north": {"uv": [0, 9.5, 9.5, 10.5], "texture": "#8", "tintindex": 0},
				"east": {"uv": [11, 9.5, 12, 10.5], "texture": "#8", "tintindex": 0},
				"south": {"uv": [6.5, 9.5, 16, 10.5], "texture": "#8", "tintindex": 0},
				"west": {"uv": [4, 9.5, 5, 10.5], "texture": "#8", "tintindex": 0},
				"up": {"uv": [6.5, 4, 16, 5], "texture": "#8", "tintindex": 0},
				"down": {"uv": [9.5, 5, 0, 4], "texture": "#8", "tintindex": 0}
			}
		},
		{
			"name": "Element",
			"from": [3.24616, 9.81194, 6.5],
			"to": [9.74616, 10.11194, 9.5],
			"rotation": {"angle": 0, "axis": "z", "origin": [15.78944, 8.91584, 9]},
			"faces": {
				"north": {"uv": [0, 9.5, 9.5, 10.5], "texture": "#8", "tintindex": 0},
				"east": {"uv": [11, 9.5, 12, 10.5], "texture": "#8", "tintindex": 0},
				"south": {"uv": [6.5, 9.5, 16, 10.5], "texture": "#8", "tintindex": 0},
				"west": {"uv": [4, 9.5, 5, 10.5], "texture": "#8", "tintindex": 0},
				"up": {"uv": [6.5, 4, 16, 5], "texture": "#8", "tintindex": 0},
				"down": {"uv": [9.5, 5, 0, 4], "texture": "#8", "tintindex": 0}
			}
		},
		{
			"name": "Element",
			"from": [2.74616, 8.81194, 6],
			"to": [3.24616, 9.81194, 10],
			"rotation": {"angle": 0, "axis": "z", "origin": [16.28944, 8.91584, 9]},
			"faces": {
				"north": {"uv": [0, 9.5, 9.5, 10.5], "texture": "#9", "tintindex": 0},
				"east": {"uv": [11, 9.5, 12, 10.5], "texture": "#9", "tintindex": 0},
				"south": {"uv": [6.5, 9.5, 16, 10.5], "texture": "#9", "tintindex": 0},
				"west": {"uv": [4, 9.5, 5, 10.5], "texture": "#9", "tintindex": 0},
				"up": {"uv": [6.5, 4, 16, 5], "texture": "#9", "tintindex": 0},
				"down": {"uv": [9.5, 5, 0, 4], "texture": "#9", "tintindex": 0}
			}
		},
		{
			"name": "Element",
			"from": [9.90174, 8.45657, 6],
			"to": [15.40174, 9.45657, 7],
			"rotation": {"angle": 22.5, "axis": "z", "origin": [10.4375, 10.75, 6]},
			"faces": {
				"north": {"uv": [0, 9.5, 9.5, 10.5], "texture": "#9", "tintindex": 0},
				"east": {"uv": [11, 9.5, 12, 10.5], "texture": "#9", "tintindex": 0},
				"south": {"uv": [6.5, 9.5, 16, 10.5], "texture": "#9", "tintindex": 0},
				"west": {"uv": [4, 9.5, 5, 10.5], "texture": "#9", "tintindex": 0},
				"up": {"uv": [6.5, 4, 16, 5], "texture": "#9", "tintindex": 0},
				"down": {"uv": [9.5, 5, 0, 4], "texture": "#9", "tintindex": 0}
			}
		},
		{
			"name": "Element",
			"from": [10.46424, 7.60881, 6],
			"to": [14.96424, 8.60881, 7],
			"rotation": {"angle": 22.5, "axis": "z", "origin": [10.82018, 10.82612, 6]},
			"faces": {
				"north": {"uv": [0, 9.5, 9.5, 10.5], "texture": "#block", "tintindex": 0},
				"east": {"uv": [11, 9.5, 12, 10.5], "texture": "#block", "tintindex": 0},
				"south": {"uv": [6.5, 9.5, 16, 10.5], "texture": "#block", "tintindex": 0},
				"west": {"uv": [4, 9.5, 5, 10.5], "texture": "#block", "tintindex": 0},
				"up": {"uv": [6.5, 4, 16, 5], "texture": "#block", "tintindex": 0},
				"down": {"uv": [9.5, 5, 0, 4], "texture": "#block", "tintindex": 0}
			}
		},
		{
			"name": "Element",
			"from": [10.46424, 7.60881, 9],
			"to": [14.96424, 8.60881, 10],
			"rotation": {"angle": 22.5, "axis": "z", "origin": [10.82018, 10.82612, 6]},
			"faces": {
				"north": {"uv": [0, 9.5, 9.5, 10.5], "texture": "#block", "tintindex": 0},
				"east": {"uv": [11, 9.5, 12, 10.5], "texture": "#block", "tintindex": 0},
				"south": {"uv": [6.5, 9.5, 16, 10.5], "texture": "#block", "tintindex": 0},
				"west": {"uv": [4, 9.5, 5, 10.5], "texture": "#block", "tintindex": 0},
				"up": {"uv": [6.5, 4, 16, 5], "texture": "#block", "tintindex": 0},
				"down": {"uv": [9.5, 5, 0, 4], "texture": "#block", "tintindex": 0}
			}
		},
		{
			"name": "Element",
			"from": [2.38474, 13.4118, 11],
			"to": [3.38474, 14.4118, 12],
			"rotation": {"angle": 0, "axis": "y", "origin": [8.94724, 8.2493, 7.6875]},
			"faces": {
				"north": {"uv": [0, 9.5, 1, 10.5], "texture": "#wheel", "tintindex": 0},
				"east": {"uv": [11, 9.5, 12, 10.5], "texture": "#wheel", "tintindex": 0},
				"south": {"uv": [6.5, 9.5, 7.5, 10.5], "texture": "#wheel", "tintindex": 0},
				"west": {"uv": [4, 9.5, 5, 10.5], "texture": "#wheel", "tintindex": 0},
				"up": {"uv": [6.5, 4, 7.5, 5], "texture": "#wheel", "tintindex": 0},
				"down": {"uv": [9.5, 5, 10.5, 4], "texture": "#wheel", "tintindex": 0}
			}
		},
		{
			"name": "Element",
			"from": [2.38474, 13.4118, 4],
			"to": [3.38474, 14.4118, 5],
			"rotation": {"angle": 0, "axis": "y", "origin": [8.94724, 8.2493, 8.6875]},
			"faces": {
				"north": {"uv": [0, 9.5, 1, 10.5], "texture": "#wheel", "tintindex": 0},
				"east": {"uv": [11, 9.5, 12, 10.5], "texture": "#wheel", "tintindex": 0},
				"south": {"uv": [6.5, 9.5, 7.5, 10.5], "texture": "#wheel", "tintindex": 0},
				"west": {"uv": [4, 9.5, 5, 10.5], "texture": "#wheel", "tintindex": 0},
				"up": {"uv": [6.5, 4, 7.5, 5], "texture": "#wheel", "tintindex": 0},
				"down": {"uv": [9.5, 5, 10.5, 6], "texture": "#wheel", "tintindex": 0}
			}
		},
		{
			"name": "Element",
			"from": [2.38474, 13.4118, 12],
			"to": [3.38474, 14.4118, 14.5],
			"rotation": {"angle": 22.5, "axis": "y", "origin": [2.38474, 14.8118, 12]},
			"faces": {
				"north": {"uv": [0, 9.5, 1, 10.5], "texture": "#wheel"},
				"east": {"uv": [11, 9.5, 12, 10.5], "texture": "#wheel"},
				"south": {"uv": [6.5, 9.5, 7.5, 10.5], "texture": "#wheel"},
				"west": {"uv": [4, 9.5, 5, 10.5], "texture": "#wheel"},
				"up": {"uv": [6.5, 4, 7.5, 5], "texture": "#wheel"},
				"down": {"uv": [9.5, 5, 10.5, 4], "texture": "#wheel"}
			}
		},
		{
			"name": "Element",
			"from": [3.34144, 13.4118, 1.6903],
			"to": [4.34144, 14.4118, 4.1903],
			"rotation": {"angle": -22.5, "axis": "y", "origin": [3.34144, 14.8118, 1.6903]},
			"faces": {
				"north": {"uv": [0, 9.5, 1, 10.5], "texture": "#wheel"},
				"east": {"uv": [11, 9.5, 12, 10.5], "texture": "#wheel"},
				"south": {"uv": [6.5, 9.5, 7.5, 10.5], "texture": "#wheel"},
				"west": {"uv": [4, 9.5, 5, 10.5], "texture": "#wheel"},
				"up": {"uv": [6.5, 4, 7.5, 5], "texture": "#wheel"},
				"down": {"uv": [9.5, 5, 10.5, 4], "texture": "#wheel"}
			}
		},
		{
			"name": "Element",
			"from": [15.3275, 11.4167, 6],
			"to": [19.3275, 11.9167, 10],
			"rotation": {"angle": 0, "axis": "y", "origin": [7.3275, 7.8167, 8]},
			"faces": {
				"north": {"uv": [0, 9.5, 9.5, 10.5], "texture": "#9", "tintindex": 0},
				"east": {"uv": [11, 9.5, 12, 10.5], "texture": "#9", "tintindex": 0},
				"south": {"uv": [6.5, 9.5, 16, 10.5], "texture": "#9", "tintindex": 0},
				"west": {"uv": [4, 9.5, 5, 10.5], "texture": "#9", "tintindex": 0},
				"up": {"uv": [6.5, 4, 16, 5], "texture": "#9", "tintindex": 0},
				"down": {"uv": [9.5, 5, 0, 4], "texture": "#9", "tintindex": 0}
			}
		},
		{
			"name": "Element",
			"from": [19.3275, 11.4167, 7],
			"to": [20.3275, 11.9167, 9],
			"rotation": {"angle": 0, "axis": "y", "origin": [7.3275, 7.8167, 8]},
			"faces": {
				"north": {"uv": [0, 9.5, 9.5, 10.5], "texture": "#9", "tintindex": 0},
				"east": {"uv": [11, 9.5, 12, 10.5], "texture": "#9", "tintindex": 0},
				"south": {"uv": [6.5, 9.5, 16, 10.5], "texture": "#9", "tintindex": 0},
				"west": {"uv": [4, 9.5, 5, 10.5], "texture": "#9", "tintindex": 0},
				"up": {"uv": [6.5, 4, 16, 5], "texture": "#9", "tintindex": 0},
				"down": {"uv": [9.5, 5, 0, 4], "texture": "#9", "tintindex": 0}
			}
		},
		{
			"name": "Element",
			"from": [9.55816, 10.18388, 6],
			"to": [15.05816, 10.68388, 10],
			"rotation": {"angle": 22.5, "axis": "z", "origin": [12.09392, 11.97731, 6]},
			"faces": {
				"north": {"uv": [0, 9.5, 9.5, 10.5], "texture": "#9", "tintindex": 0},
				"east": {"uv": [11, 9.5, 12, 10.5], "texture": "#9", "tintindex": 0},
				"south": {"uv": [6.5, 9.5, 16, 10.5], "texture": "#9", "tintindex": 0},
				"west": {"uv": [4, 9.5, 5, 10.5], "texture": "#9", "tintindex": 0},
				"up": {"uv": [6.5, 4, 16, 5], "texture": "#9", "tintindex": 0},
				"down": {"uv": [9.5, 5, 0, 4], "texture": "#9", "tintindex": 0}
			}
		},
		{
			"name": "Element",
			"from": [2.03576, 11.65175, 6.75],
			"to": [2.53576, 13.15175, 9.25],
			"rotation": {"angle": -22.5, "axis": "z", "origin": [0.25, 14.0625, 6.75]},
			"faces": {
				"north": {"uv": [0, 9.5, 9.5, 10.5], "texture": "#light"},
				"east": {"uv": [11, 9.5, 12, 10.5], "texture": "#light"},
				"south": {"uv": [6.5, 9.5, 16, 10.5], "texture": "#light"},
				"west": {"uv": [4, 9.5, 5, 10.5], "texture": "#light"},
				"up": {"uv": [6.5, 4, 16, 5], "texture": "#light"},
				"down": {"uv": [9.5, 5, 0, 4], "texture": "#light"}
			}
		},
		{
			"name": "Element",
			"from": [10.66076, 6.08157, 6],
			"to": [17.16076, 7.08157, 7],
			"rotation": {"angle": -22.5, "axis": "z", "origin": [9.125, 8.375, 6]},
			"faces": {
				"north": {"uv": [0, 9.5, 9.5, 10.5], "texture": "#9", "tintindex": 0},
				"east": {"uv": [11, 9.5, 12, 10.5], "texture": "#9", "tintindex": 0},
				"south": {"uv": [6.5, 9.5, 16, 10.5], "texture": "#9", "tintindex": 0},
				"west": {"uv": [4, 9.5, 5, 10.5], "texture": "#9", "tintindex": 0},
				"up": {"uv": [6.5, 4, 16, 5], "texture": "#9", "tintindex": 0},
				"down": {"uv": [9.5, 5, 0, 4], "texture": "#9", "tintindex": 0}
			}
		},
		{
			"name": "Element",
			"from": [18.80141, 11.5844, 6],
			"to": [20.10141, 12.5844, 7],
			"rotation": {"angle": -45, "axis": "z", "origin": [7.19206, 11.66093, 6]},
			"faces": {
				"north": {"uv": [0, 9.5, 9.5, 10.5], "texture": "#9", "tintindex": 0},
				"east": {"uv": [11, 9.5, 12, 10.5], "texture": "#9", "tintindex": 0},
				"south": {"uv": [6.5, 9.5, 16, 10.5], "texture": "#9", "tintindex": 0},
				"west": {"uv": [4, 9.5, 5, 10.5], "texture": "#9", "tintindex": 0},
				"up": {"uv": [6.5, 4, 16, 5], "texture": "#9", "tintindex": 0},
				"down": {"uv": [9.5, 5, 0, 4], "texture": "#9", "tintindex": 0}
			}
		},
		{
			"name": "Element",
			"from": [18.67641, 11.5844, 9],
			"to": [19.97641, 12.5844, 10],
			"rotation": {"angle": -45, "axis": "z", "origin": [7.06706, 11.66093, 5]},
			"faces": {
				"north": {"uv": [0, 9.5, 9.5, 10.5], "texture": "#9", "tintindex": 0},
				"east": {"uv": [11, 9.5, 12, 10.5], "texture": "#9", "tintindex": 0},
				"south": {"uv": [6.5, 9.5, 16, 10.5], "texture": "#9", "tintindex": 0},
				"west": {"uv": [4, 9.5, 5, 10.5], "texture": "#9", "tintindex": 0},
				"up": {"uv": [6.5, 4, 16, 5], "texture": "#9", "tintindex": 0},
				"down": {"uv": [9.5, 5, 0, 4], "texture": "#9", "tintindex": 0}
			}
		},
		{
			"name": "Element",
			"from": [16.26623, 2.47853, 6],
			"to": [17.26623, 3.47853, 7],
			"rotation": {"angle": 0, "axis": "z", "origin": [4.93972, 2.258, 9]},
			"faces": {
				"north": {"uv": [0, 9.5, 9.5, 10.5], "texture": "#9", "tintindex": 0},
				"east": {"uv": [11, 9.5, 12, 10.5], "texture": "#9", "tintindex": 0},
				"south": {"uv": [6.5, 9.5, 16, 10.5], "texture": "#9", "tintindex": 0},
				"west": {"uv": [4, 9.5, 5, 10.5], "texture": "#9", "tintindex": 0},
				"up": {"uv": [6.5, 4, 16, 5], "texture": "#9", "tintindex": 0},
				"down": {"uv": [9.5, 5, 0, 4], "texture": "#9", "tintindex": 0}
			}
		},
		{
			"name": "Element",
			"from": [16.14123, 2.47853, 9],
			"to": [17.24123, 3.47853, 10],
			"rotation": {"angle": 0, "axis": "z", "origin": [4.81472, 2.258, 9]},
			"faces": {
				"north": {"uv": [0, 9.5, 9.5, 10.5], "texture": "#9", "tintindex": 0},
				"east": {"uv": [11, 9.5, 12, 10.5], "texture": "#9", "tintindex": 0},
				"south": {"uv": [6.5, 9.5, 16, 10.5], "texture": "#9", "tintindex": 0},
				"west": {"uv": [4, 9.5, 5, 10.5], "texture": "#9", "tintindex": 0},
				"up": {"uv": [6.5, 4, 16, 5], "texture": "#9", "tintindex": 0},
				"down": {"uv": [9.5, 5, 0, 4], "texture": "#9", "tintindex": 0}
			}
		},
		{
			"name": "Element",
			"from": [10.53576, 6.08157, 9],
			"to": [17.03576, 7.08157, 10],
			"rotation": {"angle": -22.5, "axis": "z", "origin": [9, 8.375, 9]},
			"faces": {
				"north": {"uv": [0, 9.5, 9.5, 10.5], "texture": "#9", "tintindex": 0},
				"east": {"uv": [11, 9.5, 12, 10.5], "texture": "#9", "tintindex": 0},
				"south": {"uv": [6.5, 9.5, 16, 10.5], "texture": "#9", "tintindex": 0},
				"west": {"uv": [4, 9.5, 5, 10.5], "texture": "#9", "tintindex": 0},
				"up": {"uv": [6.5, 4, 16, 5], "texture": "#9", "tintindex": 0},
				"down": {"uv": [9.5, 5, 0, 4], "texture": "#9", "tintindex": 0}
			}
		},
		{
			"name": "Element",
			"from": [2.15768, 16.29203, 6],
			"to": [3.15768, 16.79203, 10],
			"rotation": {"angle": 45, "axis": "z", "origin": [8.86578, 8.12512, 8]},
			"faces": {
				"north": {"uv": [0, 0, 16, 16], "texture": "#9", "tintindex": 0},
				"east": {"uv": [0, 0, 16, 16], "texture": "#9", "tintindex": 0},
				"south": {"uv": [0, 0, 16, 16], "texture": "#9", "tintindex": 0},
				"west": {"uv": [0, 0, 16, 16], "texture": "#9", "tintindex": 0},
				"up": {"uv": [0, 0, 16, 16], "texture": "#9", "tintindex": 0},
				"down": {"uv": [0, 0, 16, 16], "texture": "#9", "tintindex": 0}
			}
		},
		{
			"name": "Element",
			"from": [-1.73377, 2.47853, 9],
			"to": [-0.73377, 3.47853, 10],
			"rotation": {"angle": 0, "axis": "z", "origin": [4.97433, -5.68838, 11]},
			"faces": {
				"north": {"uv": [0, 0, 16, 16], "texture": "#9", "tintindex": 0},
				"east": {"uv": [0, 0, 16, 16], "texture": "#9", "tintindex": 0},
				"south": {"uv": [0, 0, 16, 16], "texture": "#9", "tintindex": 0},
				"west": {"uv": [0, 0, 16, 16], "texture": "#9", "tintindex": 0},
				"up": {"uv": [0, 0, 16, 16], "texture": "#9", "tintindex": 0},
				"down": {"uv": [0, 0, 16, 16], "texture": "#9", "tintindex": 0}
			}
		},
		{
			"name": "Element",
			"from": [-1.73377, 2.47853, 6],
			"to": [-0.73377, 3.47853, 7],
			"rotation": {"angle": 0, "axis": "z", "origin": [4.97433, -5.68838, 8]},
			"faces": {
				"north": {"uv": [0, 0, 16, 16], "texture": "#9", "tintindex": 0},
				"east": {"uv": [0, 0, 16, 16], "texture": "#9", "tintindex": 0},
				"south": {"uv": [0, 0, 16, 16], "texture": "#9", "tintindex": 0},
				"west": {"uv": [0, 0, 16, 16], "texture": "#9", "tintindex": 0},
				"up": {"uv": [0, 0, 16, 16], "texture": "#9", "tintindex": 0},
				"down": {"uv": [0, 0, 16, 16], "texture": "#9", "tintindex": 0}
			}
		},
		{
			"name": "Element",
			"from": [3.07635, 9.61391, 6],
			"to": [5.57635, 10.61391, 7],
			"rotation": {"angle": 45, "axis": "z", "origin": [9.78445, 1.447, 8]},
			"faces": {
				"north": {"uv": [0, 0, 16, 16], "texture": "#9", "tintindex": 0},
				"east": {"uv": [0, 0, 16, 16], "texture": "#9", "tintindex": 0},
				"south": {"uv": [0, 0, 16, 16], "texture": "#9", "tintindex": 0},
				"west": {"uv": [0, 0, 16, 16], "texture": "#9", "tintindex": 0},
				"up": {"uv": [0, 0, 16, 16], "texture": "#9", "tintindex": 0},
				"down": {"uv": [0, 0, 16, 16], "texture": "#9", "tintindex": 0}
			}
		},
		{
			"name": "Element",
			"from": [3.07635, 9.61391, 9],
			"to": [5.57635, 10.61391, 10],
			"rotation": {"angle": 45, "axis": "z", "origin": [9.78445, 1.447, 11]},
			"faces": {
				"north": {"uv": [0, 0, 16, 16], "texture": "#9", "tintindex": 0},
				"east": {"uv": [0, 0, 16, 16], "texture": "#9", "tintindex": 0},
				"south": {"uv": [0, 0, 16, 16], "texture": "#9", "tintindex": 0},
				"west": {"uv": [0, 0, 16, 16], "texture": "#9", "tintindex": 0},
				"up": {"uv": [0, 0, 16, 16], "texture": "#9", "tintindex": 0},
				"down": {"uv": [0, 0, 16, 16], "texture": "#9", "tintindex": 0}
			}
		},
		{
			"name": "Element",
			"from": [3.32429, 7.21827, 9],
			"to": [6.82429, 8.21827, 10],
			"rotation": {"angle": 22.5, "axis": "z", "origin": [10.03239, -0.94864, 11]},
			"faces": {
				"north": {"uv": [0, 0, 16, 16], "texture": "#9", "tintindex": 0},
				"east": {"uv": [0, 0, 16, 16], "texture": "#9", "tintindex": 0},
				"south": {"uv": [0, 0, 16, 16], "texture": "#9", "tintindex": 0},
				"west": {"uv": [0, 0, 16, 16], "texture": "#9", "tintindex": 0},
				"up": {"uv": [0, 0, 16, 16], "texture": "#9", "tintindex": 0},
				"down": {"uv": [0, 0, 16, 16], "texture": "#9", "tintindex": 0}
			}
		},
		{
			"name": "Element",
			"from": [3.32429, 7.21827, 6],
			"to": [6.82429, 8.21827, 7],
			"rotation": {"angle": 22.5, "axis": "z", "origin": [10.03239, -0.94864, 8]},
			"faces": {
				"north": {"uv": [0, 0, 16, 16], "texture": "#9", "tintindex": 0},
				"east": {"uv": [0, 0, 16, 16], "texture": "#9", "tintindex": 0},
				"south": {"uv": [0, 0, 16, 16], "texture": "#9", "tintindex": 0},
				"west": {"uv": [0, 0, 16, 16], "texture": "#9", "tintindex": 0},
				"up": {"uv": [0, 0, 16, 16], "texture": "#9", "tintindex": 0},
				"down": {"uv": [0, 0, 16, 16], "texture": "#9", "tintindex": 0}
			}
		},
		{
			"name": "Element",
			"from": [1.50717, 12.94412, 6],
			"to": [2.50717, 13.44412, 10],
			"rotation": {"angle": 22.5, "axis": "z", "origin": [8.21527, 4.77721, 8]},
			"faces": {
				"north": {"uv": [0, 0, 16, 16], "texture": "#9", "tintindex": 0},
				"east": {"uv": [0, 0, 16, 16], "texture": "#9", "tintindex": 0},
				"south": {"uv": [0, 0, 16, 16], "texture": "#9", "tintindex": 0},
				"west": {"uv": [0, 0, 16, 16], "texture": "#9", "tintindex": 0},
				"up": {"uv": [0, 0, 16, 16], "texture": "#9", "tintindex": 0},
				"down": {"uv": [0, 0, 16, 16], "texture": "#9", "tintindex": 0}
			}
		},
		{
			"name": "Element",
			"from": [-0.37501, 10.1, 6],
			"to": [1.62499, 10.6, 10],
			"rotation": {"angle": 0, "axis": "z", "origin": [6.33309, 1.93309, 8]},
			"faces": {
				"north": {"uv": [0, 0, 16, 16], "texture": "#9", "tintindex": 0},
				"east": {"uv": [0, 0, 16, 16], "texture": "#9", "tintindex": 0},
				"south": {"uv": [0, 0, 16, 16], "texture": "#9", "tintindex": 0},
				"west": {"uv": [0, 0, 16, 16], "texture": "#9", "tintindex": 0},
				"up": {"uv": [0, 0, 16, 16], "texture": "#9", "tintindex": 0},
				"down": {"uv": [0, 0, 16, 16], "texture": "#9", "tintindex": 0}
			}
		},
		{
			"name": "Element",
			"from": [-2.27562, 7.44056, 6],
			"to": [-0.77562, 8.44056, 10],
			"rotation": {"angle": -22.5, "axis": "z", "origin": [4.43248, -0.72635, 8]},
			"faces": {
				"north": {"uv": [0, 0, 16, 16], "texture": "#9", "tintindex": 0},
				"east": {"uv": [0, 0, 16, 16], "texture": "#9", "tintindex": 0},
				"south": {"uv": [0, 0, 16, 16], "texture": "#9", "tintindex": 0},
				"west": {"uv": [0, 0, 16, 16], "texture": "#9", "tintindex": 0},
				"up": {"uv": [0, 0, 16, 16], "texture": "#9", "tintindex": 0},
				"down": {"uv": [0, 0, 16, 16], "texture": "#9", "tintindex": 0}
			}
		},
		{
			"name": "Element",
			"from": [-7.38354, 6.36183, 6],
			"to": [-0.88354, 7.36183, 7],
			"rotation": {"angle": -45, "axis": "z", "origin": [-0.67544, -1.80508, 8]},
			"faces": {
				"north": {"uv": [0, 0, 16, 16], "texture": "#9", "tintindex": 0},
				"east": {"uv": [0, 0, 16, 16], "texture": "#9", "tintindex": 0},
				"south": {"uv": [0, 0, 16, 16], "texture": "#9", "tintindex": 0},
				"west": {"uv": [0, 0, 16, 16], "texture": "#9", "tintindex": 0},
				"up": {"uv": [0, 0, 16, 16], "texture": "#9", "tintindex": 0},
				"down": {"uv": [0, 0, 16, 16], "texture": "#9", "tintindex": 0}
			}
		},
		{
			"name": "Element",
			"from": [-7.38354, 6.36183, 9],
			"to": [-0.88354, 7.36183, 10],
			"rotation": {"angle": -45, "axis": "z", "origin": [-0.67544, -1.80508, 11]},
			"faces": {
				"north": {"uv": [0, 0, 16, 16], "texture": "#9", "tintindex": 0},
				"east": {"uv": [0, 0, 16, 16], "texture": "#9", "tintindex": 0},
				"south": {"uv": [0, 0, 16, 16], "texture": "#9", "tintindex": 0},
				"west": {"uv": [0, 0, 16, 16], "texture": "#9", "tintindex": 0},
				"up": {"uv": [0, 0, 16, 16], "texture": "#9", "tintindex": 0},
				"down": {"uv": [0, 0, 16, 16], "texture": "#9", "tintindex": 0}
			}
		},
		{
			"name": "Element",
			"from": [4.95229, 4.11695, 9],
			"to": [9.35229, 5.11695, 10],
			"rotation": {"angle": 0, "axis": "z", "origin": [11.66039, -4.04996, 11]},
			"faces": {
				"north": {"uv": [0, 0, 16, 16], "texture": "#9", "tintindex": 0},
				"east": {"uv": [0, 0, 16, 16], "texture": "#9", "tintindex": 0},
				"south": {"uv": [0, 0, 16, 16], "texture": "#9", "tintindex": 0},
				"west": {"uv": [0, 0, 16, 16], "texture": "#9", "tintindex": 0},
				"up": {"uv": [0, 0, 16, 16], "texture": "#9", "tintindex": 0},
				"down": {"uv": [0, 0, 16, 16], "texture": "#9", "tintindex": 0}
			}
		},
		{
			"name": "Element",
			"from": [4.95229, 4.11695, 6],
			"to": [9.35229, 5.11695, 7],
			"rotation": {"angle": 0, "axis": "z", "origin": [11.66039, -4.04996, 8]},
			"faces": {
				"north": {"uv": [0, 0, 16, 16], "texture": "#9", "tintindex": 0},
				"east": {"uv": [0, 0, 16, 16], "texture": "#9", "tintindex": 0},
				"south": {"uv": [0, 0, 16, 16], "texture": "#9", "tintindex": 0},
				"west": {"uv": [0, 0, 16, 16], "texture": "#9", "tintindex": 0},
				"up": {"uv": [0, 0, 16, 16], "texture": "#9", "tintindex": 0},
				"down": {"uv": [0, 0, 16, 16], "texture": "#9", "tintindex": 0}
			}
		},
		{
			"name": "Element",
			"from": [-3.27987, 6.76773, 6],
			"to": [-2.27987, 12.26773, 10],
			"rotation": {"angle": -22.5, "axis": "z", "origin": [3.42823, -1.39918, 8]},
			"faces": {
				"north": {"uv": [0, 0, 16, 16], "texture": "#9", "tintindex": 0},
				"east": {"uv": [0, 0, 16, 16], "texture": "#9", "tintindex": 0},
				"south": {"uv": [0, 0, 16, 16], "texture": "#9", "tintindex": 0},
				"west": {"uv": [0, 0, 16, 16], "texture": "#9", "tintindex": 0},
				"up": {"uv": [0, 0, 16, 16], "texture": "#9", "tintindex": 0},
				"down": {"uv": [0, 0, 16, 16], "texture": "#9", "tintindex": 0}
			}
		},
		{
			"name": "Element",
			"from": [2.38474, 13.4118, 5],
			"to": [3.38474, 14.4118, 11],
			"rotation": {"angle": 0, "axis": "z", "origin": [9.09284, 5.24489, 7]},
			"faces": {
				"north": {"uv": [0, 0, 16, 16], "texture": "#9", "tintindex": 0},
				"east": {"uv": [0, 0, 16, 16], "texture": "#9", "tintindex": 0},
				"south": {"uv": [0, 0, 16, 16], "texture": "#9", "tintindex": 0},
				"west": {"uv": [0, 0, 16, 16], "texture": "#9", "tintindex": 0},
				"up": {"uv": [0, 0, 16, 16], "texture": "#9", "tintindex": 0},
				"down": {"uv": [0, 0, 16, 16], "texture": "#9", "tintindex": 0}
			}
		},
		{
			"name": "Element",
			"from": [16.26623, 2.47853, 7],
			"to": [17.26623, 3.47853, 9],
			"rotation": {"angle": 0, "axis": "y", "origin": [8.01623, 8.04853, 7.5]},
			"faces": {
				"north": {"uv": [4, 1, 5, 2], "texture": "#kolo"},
				"east": {"uv": [4, 1, 5, 2], "texture": "#kolo"},
				"south": {"uv": [4, 1, 5, 2], "texture": "#kolo"},
				"west": {"uv": [4, 1, 5, 2], "texture": "#kolo"},
				"up": {"uv": [4, 1, 5, 2], "texture": "#kolo"},
				"down": {"uv": [4, 1, 5, 2], "texture": "#kolo"}
			}
		},
		{
			"name": "Element",
			"from": [-1.73377, 2.47853, 7],
			"to": [-0.73377, 3.47853, 9],
			"rotation": {"angle": 0, "axis": "y", "origin": [8.01623, 8.04853, 7.5]},
			"faces": {
				"north": {"uv": [4, 1, 5, 2], "texture": "#kolo"},
				"east": {"uv": [4, 1, 5, 2], "texture": "#kolo"},
				"south": {"uv": [4, 1, 5, 2], "texture": "#kolo"},
				"west": {"uv": [4, 1, 5, 2], "texture": "#kolo"},
				"up": {"uv": [4, 1, 5, 2], "texture": "#kolo"},
				"down": {"uv": [4, 1, 5, 2], "texture": "#kolo"}
			}
		},
		{
			"name": "Element",
			"from": [16.5, 0.43, 7.75],
			"to": [17, 5.43, 8.25],
			"faces": {
				"north": {"uv": [4, 1, 5, 2], "texture": "#6"},
				"east": {"uv": [4, 1, 5, 2], "texture": "#6"},
				"south": {"uv": [4, 1, 5, 2], "texture": "#6"},
				"west": {"uv": [4, 1, 5, 2], "texture": "#6"},
				"up": {"uv": [4, 1, 5, 2], "texture": "#6"},
				"down": {"uv": [4, 1, 5, 2], "texture": "#6"}
			}
		},
		{
			"name": "Element",
			"from": [10.30294, -4.1097, 7.75],
			"to": [10.80294, 0.8903, 8.25],
			"rotation": {"angle": 45, "axis": "z", "origin": [8, 8, 8]},
			"faces": {
				"north": {"uv": [4, 1, 5, 2], "texture": "#6"},
				"east": {"uv": [4, 1, 5, 2], "texture": "#6"},
				"south": {"uv": [4, 1, 5, 2], "texture": "#6"},
				"west": {"uv": [4, 1, 5, 2], "texture": "#6"},
				"up": {"uv": [4, 1, 5, 2], "texture": "#6"},
				"down": {"uv": [4, 1, 5, 2], "texture": "#6"}
			}
		},
		{
			"name": "Element",
			"from": [8.18005, -2.03284, 7.75],
			"to": [13.18005, -1.53284, 8.25],
			"rotation": {"angle": 45, "axis": "z", "origin": [8, 8, 8]},
			"faces": {
				"north": {"uv": [4, 1, 5, 2], "rotation": 90, "texture": "#6"},
				"east": {"uv": [4, 1, 5, 2], "rotation": 270, "texture": "#6"},
				"south": {"uv": [4, 1, 5, 2], "rotation": 270, "texture": "#6"},
				"west": {"uv": [4, 1, 5, 2], "rotation": 270, "texture": "#6"},
				"up": {"uv": [4, 1, 5, 2], "rotation": 270, "texture": "#6"},
				"down": {"uv": [4, 1, 5, 2], "rotation": 270, "texture": "#6"}
			}
		},
		{
			"name": "Element",
			"from": [14.17, 2.6, 7.75],
			"to": [19.17, 3.1, 8.25],
			"faces": {
				"north": {"uv": [4, 1, 5, 2], "rotation": 90, "texture": "#6"},
				"east": {"uv": [4, 1, 5, 2], "rotation": 270, "texture": "#6"},
				"south": {"uv": [4, 1, 5, 2], "rotation": 270, "texture": "#6"},
				"west": {"uv": [4, 1, 5, 2], "rotation": 270, "texture": "#6"},
				"up": {"uv": [4, 1, 5, 2], "rotation": 270, "texture": "#6"},
				"down": {"uv": [4, 1, 5, 2], "rotation": 270, "texture": "#6"}
			}
		},
		{
			"name": "Element",
			"from": [15.205, 4.6, 7.25],
			"to": [18.205, 5.6, 8.75],
			"faces": {
				"north": {"uv": [4, 4, 5, 5], "texture": "#kolo"},
				"east": {"uv": [4, 4, 5, 5], "texture": "#kolo"},
				"south": {"uv": [4, 4, 5, 5], "texture": "#kolo"},
				"west": {"uv": [4, 4, 5, 5], "texture": "#kolo"},
				"up": {"uv": [4, 4, 5, 5], "rotation": 90, "texture": "#kolo"},
				"down": {"uv": [4, 4, 5, 5], "rotation": 270, "texture": "#kolo"}
			}
		},
		{
			"name": "Element",
			"from": [18.3, 1.76421, 7.25],
			"to": [19.3, 4.76421, 8.75],
			"rotation": {"angle": 0, "axis": "y", "origin": [9.41421, 7.16421, 8]},
			"faces": {
				"north": {"uv": [4, 4, 5, 5], "texture": "#kolo"},
				"east": {"uv": [4, 4, 5, 5], "texture": "#kolo"},
				"south": {"uv": [4, 4, 5, 5], "texture": "#kolo"},
				"west": {"uv": [4, 4, 5, 5], "texture": "#kolo"},
				"up": {"uv": [4, 4, 5, 5], "rotation": 90, "texture": "#kolo"},
				"down": {"uv": [4, 4, 5, 5], "rotation": 270, "texture": "#kolo"}
			}
		},
		{
			"name": "Element",
			"from": [14.1, 1.76421, 7.25],
			"to": [15.1, 4.76421, 8.75],
			"rotation": {"angle": 0, "axis": "y", "origin": [9.41421, 7.16421, 8]},
			"faces": {
				"north": {"uv": [4, 4, 5, 5], "texture": "#kolo"},
				"east": {"uv": [4, 4, 5, 5], "texture": "#kolo"},
				"south": {"uv": [4, 4, 5, 5], "texture": "#kolo"},
				"west": {"uv": [4, 4, 5, 5], "texture": "#kolo"},
				"up": {"uv": [4, 4, 5, 5], "rotation": 90, "texture": "#kolo"},
				"down": {"uv": [4, 4, 5, 5], "rotation": 270, "texture": "#kolo"}
			}
		},
		{
			"name": "Element",
			"from": [15.205, 0.35, 7.25],
			"to": [18.205, 1.35, 8.75],
			"faces": {
				"north": {"uv": [4, 4, 5, 5], "texture": "#kolo"},
				"east": {"uv": [4, 4, 5, 5], "texture": "#kolo"},
				"south": {"uv": [4, 4, 5, 5], "texture": "#kolo"},
				"west": {"uv": [4, 4, 5, 5], "texture": "#kolo"},
				"up": {"uv": [4, 4, 5, 5], "rotation": 90, "texture": "#kolo"},
				"down": {"uv": [4, 4, 5, 5], "rotation": 270, "texture": "#kolo"}
			}
		},
		{
			"name": "Element",
			"from": [7.4734, -0.99894, 7.25],
			"to": [9.4734, 0.00106, 8.75],
			"rotation": {"angle": 45, "axis": "z", "origin": [5.58068, 9.71918, 8]},
			"faces": {
				"north": {"uv": [4, 4, 5, 5], "texture": "#kolo"},
				"east": {"uv": [4, 4, 5, 5], "texture": "#kolo"},
				"south": {"uv": [4, 4, 5, 5], "texture": "#kolo"},
				"west": {"uv": [4, 4, 5, 5], "texture": "#kolo"},
				"up": {"uv": [4, 4, 5, 5], "rotation": 90, "texture": "#kolo"},
				"down": {"uv": [4, 4, 5, 5], "rotation": 270, "texture": "#kolo"}
			}
		},
		{
			"name": "Element",
			"from": [9.18051, -4.95605, 7.25],
			"to": [11.18051, -3.95605, 8.75],
			"rotation": {"angle": 45, "axis": "z", "origin": [7.28779, 8.5905, 8]},
			"faces": {
				"north": {"uv": [4, 4, 5, 5], "texture": "#kolo"},
				"east": {"uv": [4, 4, 5, 5], "texture": "#kolo"},
				"south": {"uv": [4, 4, 5, 5], "texture": "#kolo"},
				"west": {"uv": [4, 4, 5, 5], "texture": "#kolo"},
				"up": {"uv": [4, 4, 5, 5], "rotation": 90, "texture": "#kolo"},
				"down": {"uv": [4, 4, 5, 5], "rotation": 270, "texture": "#kolo"}
			}
		},
		{
			"name": "Element",
			"from": [10.21102, 11.1194, 7.25],
			"to": [12.21102, 12.1194, 8.75],
			"rotation": {"angle": -45, "axis": "z", "origin": [6.3384, -0.78989, 8]},
			"faces": {
				"north": {"uv": [4, 4, 5, 5], "texture": "#kolo"},
				"east": {"uv": [4, 4, 5, 5], "texture": "#kolo"},
				"south": {"uv": [4, 4, 5, 5], "texture": "#kolo"},
				"west": {"uv": [4, 4, 5, 5], "texture": "#kolo"},
				"up": {"uv": [4, 4, 5, 5], "rotation": 90, "texture": "#kolo"},
				"down": {"uv": [4, 4, 5, 5], "rotation": 270, "texture": "#kolo"}
			}
		},
		{
			"name": "Element",
			"from": [9.50391, 6.74808, 7.25],
			"to": [11.50391, 7.74808, 8.75],
			"rotation": {"angle": -45, "axis": "z", "origin": [5.63129, -0.91857, 8]},
			"faces": {
				"north": {"uv": [4, 4, 5, 5], "texture": "#kolo"},
				"east": {"uv": [4, 4, 5, 5], "texture": "#kolo"},
				"south": {"uv": [4, 4, 5, 5], "texture": "#kolo"},
				"west": {"uv": [4, 4, 5, 5], "texture": "#kolo"},
				"up": {"uv": [4, 4, 5, 5], "rotation": 90, "texture": "#kolo"},
				"down": {"uv": [4, 4, 5, 5], "rotation": 270, "texture": "#kolo"}
			}
		},
		{
			"name": "Element",
			"from": [15.205, 4.905, 7],
			"to": [18.205, 5.905, 9],
			"faces": {
				"north": {"uv": [1, 4, 2, 5], "texture": "#kolo"},
				"east": {"uv": [1, 4, 2, 5], "texture": "#kolo"},
				"south": {"uv": [1, 4, 2, 5], "texture": "#kolo"},
				"west": {"uv": [1, 4, 2, 5], "texture": "#kolo"},
				"up": {"uv": [1, 4, 2, 5], "rotation": 90, "texture": "#kolo"},
				"down": {"uv": [1, 4, 2, 5], "rotation": 270, "texture": "#kolo"}
			}
		},
		{
			"name": "Element",
			"from": [15.205, 0.07657, 7],
			"to": [18.205, 1.07657, 9],
			"rotation": {"angle": 0, "axis": "y", "origin": [9, 8.17157, 7.75]},
			"faces": {
				"north": {"uv": [1, 4, 2, 5], "texture": "#kolo"},
				"east": {"uv": [1, 4, 2, 5], "texture": "#kolo"},
				"south": {"uv": [1, 4, 2, 5], "texture": "#kolo"},
				"west": {"uv": [1, 4, 2, 5], "texture": "#kolo"},
				"up": {"uv": [1, 4, 2, 5], "rotation": 90, "texture": "#kolo"},
				"down": {"uv": [1, 4, 2, 5], "rotation": 270, "texture": "#kolo"}
			}
		},
		{
			"name": "Element",
			"from": [18.61921, 1.49079, 7],
			"to": [19.61921, 4.49079, 9],
			"rotation": {"angle": 0, "axis": "z", "origin": [-2.07579, 15.68579, 7.75]},
			"faces": {
				"north": {"uv": [1, 4, 2, 5], "rotation": 90, "texture": "#kolo"},
				"east": {"uv": [1, 4, 2, 5], "rotation": 180, "texture": "#kolo"},
				"south": {"uv": [1, 4, 2, 5], "rotation": 270, "texture": "#kolo"},
				"west": {"uv": [1, 4, 2, 5], "texture": "#kolo"},
				"up": {"uv": [1, 4, 2, 5], "rotation": 270, "texture": "#kolo"},
				"down": {"uv": [1, 4, 2, 5], "rotation": 270, "texture": "#kolo"}
			}
		},
		{
			"name": "Element",
			"from": [13.79079, 1.49079, 7],
			"to": [14.79079, 4.49079, 9],
			"rotation": {"angle": 0, "axis": "z", "origin": [1.09579, 15.68579, 7.75]},
			"faces": {
				"north": {"uv": [1, 4, 2, 5], "rotation": 90, "texture": "#kolo"},
				"east": {"uv": [1, 4, 2, 5], "rotation": 180, "texture": "#kolo"},
				"south": {"uv": [1, 4, 2, 5], "rotation": 270, "texture": "#kolo"},
				"west": {"uv": [1, 4, 2, 5], "texture": "#kolo"},
				"up": {"uv": [1, 4, 2, 5], "rotation": 270, "texture": "#kolo"},
				"down": {"uv": [1, 4, 2, 5], "rotation": 270, "texture": "#kolo"}
			}
		},
		{
			"name": "Element",
			"from": [2.70396, 2.01678, 7],
			"to": [4.70396, 3.01678, 9],
			"rotation": {"angle": 45, "axis": "z", "origin": [6.4681, 17.13676, 7.75]},
			"faces": {
				"north": {"uv": [1, 4, 2, 5], "texture": "#kolo"},
				"east": {"uv": [1, 4, 2, 5], "texture": "#kolo"},
				"south": {"uv": [1, 4, 2, 5], "texture": "#kolo"},
				"west": {"uv": [1, 4, 2, 5], "texture": "#kolo"},
				"up": {"uv": [1, 4, 2, 5], "rotation": 90, "texture": "#kolo"},
				"down": {"uv": [1, 4, 2, 5], "rotation": 270, "texture": "#kolo"}
			}
		},
		{
			"name": "Element",
			"from": [1.82528, -4.76139, 7],
			"to": [3.82528, -3.76139, 9],
			"rotation": {"angle": 45, "axis": "z", "origin": [4.17521, 17.42966, 7.75]},
			"faces": {
				"north": {"uv": [1, 4, 2, 5], "texture": "#kolo"},
				"east": {"uv": [1, 4, 2, 5], "texture": "#kolo"},
				"south": {"uv": [1, 4, 2, 5], "texture": "#kolo"},
				"west": {"uv": [1, 4, 2, 5], "texture": "#kolo"},
				"up": {"uv": [1, 4, 2, 5], "rotation": 90, "texture": "#kolo"},
				"down": {"uv": [1, 4, 2, 5], "rotation": 270, "texture": "#kolo"}
			}
		},
		{
			"name": "Element",
			"from": [10.08096, 7.96355, 7],
			"to": [12.08096, 8.96355, 9],
			"rotation": {"angle": -45, "axis": "z", "origin": [10.45098, -2.37231, 7.75]},
			"faces": {
				"north": {"uv": [1, 4, 2, 5], "texture": "#kolo"},
				"east": {"uv": [1, 4, 2, 5], "texture": "#kolo"},
				"south": {"uv": [1, 4, 2, 5], "texture": "#kolo"},
				"west": {"uv": [1, 4, 2, 5], "texture": "#kolo"},
				"up": {"uv": [1, 4, 2, 5], "rotation": 90, "texture": "#kolo"},
				"down": {"uv": [1, 4, 2, 5], "rotation": 270, "texture": "#kolo"}
			}
		},
		{
			"name": "Element",
			"from": [9.20228, 5.42802, 7],
			"to": [11.20228, 6.42802, 9],
			"rotation": {"angle": -45, "axis": "z", "origin": [6.74387, -2.07942, 7.75]},
			"faces": {
				"north": {"uv": [1, 4, 2, 5], "texture": "#kolo"},
				"east": {"uv": [1, 4, 2, 5], "texture": "#kolo"},
				"south": {"uv": [1, 4, 2, 5], "texture": "#kolo"},
				"west": {"uv": [1, 4, 2, 5], "texture": "#kolo"},
				"up": {"uv": [1, 4, 2, 5], "rotation": 90, "texture": "#kolo"},
				"down": {"uv": [1, 4, 2, 5], "rotation": 270, "texture": "#kolo"}
			}
		},
		{
			"name": "Element",
			"from": [-1.5, 0.43, 7.75],
			"to": [-1, 5.43, 8.25],
			"faces": {
				"north": {"uv": [4, 1, 5, 2], "texture": "#6"},
				"east": {"uv": [4, 1, 5, 2], "texture": "#6"},
				"south": {"uv": [4, 1, 5, 2], "texture": "#6"},
				"west": {"uv": [4, 1, 5, 2], "texture": "#6"},
				"up": {"uv": [4, 1, 5, 2], "texture": "#6"},
				"down": {"uv": [4, 1, 5, 2], "texture": "#6"}
			}
		},
		{
			"name": "Element",
			"from": [8.5, 4.43, 7.75],
			"to": [9, 7.43, 8.25],
			"faces": {
				"north": {"uv": [4, 1, 5, 2], "texture": "#block"},
				"east": {"uv": [4, 1, 5, 2], "texture": "#block"},
				"south": {"uv": [4, 1, 5, 2], "texture": "#block"},
				"west": {"uv": [4, 1, 5, 2], "texture": "#block"},
				"up": {"uv": [4, 1, 5, 2], "texture": "#block"},
				"down": {"uv": [4, 1, 5, 2], "texture": "#block"}
			}
		},
		{
			"name": "Element",
			"from": [7.5, 4.43, 7.75],
			"to": [8, 7.43, 8.25],
			"faces": {
				"north": {"uv": [4, 1, 5, 2], "texture": "#block"},
				"east": {"uv": [4, 1, 5, 2], "texture": "#block"},
				"south": {"uv": [4, 1, 5, 2], "texture": "#block"},
				"west": {"uv": [4, 1, 5, 2], "texture": "#block"},
				"up": {"uv": [4, 1, 5, 2], "texture": "#block"},
				"down": {"uv": [4, 1, 5, 2], "texture": "#block"}
			}
		},
		{
			"name": "Element",
			"from": [6.5, 4.43, 7.75],
			"to": [7, 7.43, 8.25],
			"faces": {
				"north": {"uv": [4, 1, 5, 2], "texture": "#block"},
				"east": {"uv": [4, 1, 5, 2], "texture": "#block"},
				"south": {"uv": [4, 1, 5, 2], "texture": "#block"},
				"west": {"uv": [4, 1, 5, 2], "texture": "#block"},
				"up": {"uv": [4, 1, 5, 2], "texture": "#block"},
				"down": {"uv": [4, 1, 5, 2], "texture": "#block"}
			}
		},
		{
			"name": "Element",
			"from": [5.5, 4.43, 7.75],
			"to": [6, 7.43, 8.25],
			"faces": {
				"north": {"uv": [4, 1, 5, 2], "texture": "#block"},
				"east": {"uv": [4, 1, 5, 2], "texture": "#block"},
				"south": {"uv": [4, 1, 5, 2], "texture": "#block"},
				"west": {"uv": [4, 1, 5, 2], "texture": "#block"},
				"up": {"uv": [4, 1, 5, 2], "texture": "#block"},
				"down": {"uv": [4, 1, 5, 2], "texture": "#block"}
			}
		},
		{
			"name": "Element",
			"from": [4.5, 5.43, 7.75],
			"to": [5, 7.43, 8.25],
			"faces": {
				"north": {"uv": [4, 1, 5, 2], "texture": "#block"},
				"east": {"uv": [4, 1, 5, 2], "texture": "#block"},
				"south": {"uv": [4, 1, 5, 2], "texture": "#block"},
				"west": {"uv": [4, 1, 5, 2], "texture": "#block"},
				"up": {"uv": [4, 1, 5, 2], "texture": "#block"},
				"down": {"uv": [4, 1, 5, 2], "texture": "#block"}
			}
		},
		{
			"name": "Element",
			"from": [3.5, 6.43, 7.75],
			"to": [4, 7.43, 8.25],
			"faces": {
				"north": {"uv": [4, 1, 5, 2], "texture": "#block"},
				"east": {"uv": [4, 1, 5, 2], "texture": "#block"},
				"south": {"uv": [4, 1, 5, 2], "texture": "#block"},
				"west": {"uv": [4, 1, 5, 2], "texture": "#block"},
				"up": {"uv": [4, 1, 5, 2], "texture": "#block"},
				"down": {"uv": [4, 1, 5, 2], "texture": "#block"}
			}
		},
		{
			"name": "Element",
			"from": [-2.42498, 8.61822, 7.75],
			"to": [-1.92498, 13.61822, 8.25],
			"rotation": {"angle": 45, "axis": "z", "origin": [8, 8, 8]},
			"faces": {
				"north": {"uv": [4, 1, 5, 2], "texture": "#6"},
				"east": {"uv": [4, 1, 5, 2], "texture": "#6"},
				"south": {"uv": [4, 1, 5, 2], "texture": "#6"},
				"west": {"uv": [4, 1, 5, 2], "texture": "#6"},
				"up": {"uv": [4, 1, 5, 2], "texture": "#6"},
				"down": {"uv": [4, 1, 5, 2], "texture": "#6"}
			}
		},
		{
			"name": "Element",
			"from": [-4.54787, 10.69508, 7.75],
			"to": [0.45213, 11.19508, 8.25],
			"rotation": {"angle": 45, "axis": "z", "origin": [8, 8, 8]},
			"faces": {
				"north": {"uv": [4, 1, 5, 2], "rotation": 90, "texture": "#6"},
				"east": {"uv": [4, 1, 5, 2], "rotation": 270, "texture": "#6"},
				"south": {"uv": [4, 1, 5, 2], "rotation": 270, "texture": "#6"},
				"west": {"uv": [4, 1, 5, 2], "rotation": 270, "texture": "#6"},
				"up": {"uv": [4, 1, 5, 2], "rotation": 270, "texture": "#6"},
				"down": {"uv": [4, 1, 5, 2], "rotation": 270, "texture": "#6"}
			}
		},
		{
			"name": "Element",
			"from": [-3.83, 2.6, 7.75],
			"to": [1.17, 3.1, 8.25],
			"faces": {
				"north": {"uv": [4, 1, 5, 2], "rotation": 90, "texture": "#6"},
				"east": {"uv": [4, 1, 5, 2], "rotation": 270, "texture": "#6"},
				"south": {"uv": [4, 1, 5, 2], "rotation": 270, "texture": "#6"},
				"west": {"uv": [4, 1, 5, 2], "rotation": 270, "texture": "#6"},
				"up": {"uv": [4, 1, 5, 2], "rotation": 270, "texture": "#6"},
				"down": {"uv": [4, 1, 5, 2], "rotation": 270, "texture": "#6"}
			}
		},
		{
			"name": "Element",
			"from": [-2.795, 4.6, 7.25],
			"to": [0.205, 5.6, 8.75],
			"faces": {
				"north": {"uv": [4, 4, 5, 5], "texture": "#kolo"},
				"east": {"uv": [4, 4, 5, 5], "texture": "#kolo"},
				"south": {"uv": [4, 4, 5, 5], "texture": "#kolo"},
				"west": {"uv": [4, 4, 5, 5], "texture": "#kolo"},
				"up": {"uv": [4, 4, 5, 5], "rotation": 90, "texture": "#kolo"},
				"down": {"uv": [4, 4, 5, 5], "rotation": 270, "texture": "#kolo"}
			}
		},
		{
			"name": "Element",
			"from": [0.3, 1.76421, 7.25],
			"to": [1.3, 4.76421, 8.75],
			"rotation": {"angle": 0, "axis": "y", "origin": [9.41421, 7.16421, 8]},
			"faces": {
				"north": {"uv": [4, 4, 5, 5], "texture": "#kolo"},
				"east": {"uv": [4, 4, 5, 5], "texture": "#kolo"},
				"south": {"uv": [4, 4, 5, 5], "texture": "#kolo"},
				"west": {"uv": [4, 4, 5, 5], "texture": "#kolo"},
				"up": {"uv": [4, 4, 5, 5], "rotation": 90, "texture": "#kolo"},
				"down": {"uv": [4, 4, 5, 5], "rotation": 270, "texture": "#kolo"}
			}
		},
		{
			"name": "Element",
			"from": [-3.9, 1.76421, 7.25],
			"to": [-2.9, 4.76421, 8.75],
			"rotation": {"angle": 0, "axis": "y", "origin": [9.41421, 7.16421, 8]},
			"faces": {
				"north": {"uv": [4, 4, 5, 5], "texture": "#kolo"},
				"east": {"uv": [4, 4, 5, 5], "texture": "#kolo"},
				"south": {"uv": [4, 4, 5, 5], "texture": "#kolo"},
				"west": {"uv": [4, 4, 5, 5], "texture": "#kolo"},
				"up": {"uv": [4, 4, 5, 5], "rotation": 90, "texture": "#kolo"},
				"down": {"uv": [4, 4, 5, 5], "rotation": 270, "texture": "#kolo"}
			}
		},
		{
			"name": "Element",
			"from": [-2.795, 0.35, 7.25],
			"to": [0.205, 1.35, 8.75],
			"faces": {
				"north": {"uv": [4, 4, 5, 5], "texture": "#kolo"},
				"east": {"uv": [4, 4, 5, 5], "texture": "#kolo"},
				"south": {"uv": [4, 4, 5, 5], "texture": "#kolo"},
				"west": {"uv": [4, 4, 5, 5], "texture": "#kolo"},
				"up": {"uv": [4, 4, 5, 5], "rotation": 90, "texture": "#kolo"},
				"down": {"uv": [4, 4, 5, 5], "rotation": 270, "texture": "#kolo"}
			}
		},
		{
			"name": "Element",
			"from": [-5.25452, 11.72898, 7.25],
			"to": [-3.25452, 12.72898, 8.75],
			"rotation": {"angle": 45, "axis": "z", "origin": [5.58068, 9.71918, 8]},
			"faces": {
				"north": {"uv": [4, 4, 5, 5], "texture": "#kolo"},
				"east": {"uv": [4, 4, 5, 5], "texture": "#kolo"},
				"south": {"uv": [4, 4, 5, 5], "texture": "#kolo"},
				"west": {"uv": [4, 4, 5, 5], "texture": "#kolo"},
				"up": {"uv": [4, 4, 5, 5], "rotation": 90, "texture": "#kolo"},
				"down": {"uv": [4, 4, 5, 5], "rotation": 270, "texture": "#kolo"}
			}
		},
		{
			"name": "Element",
			"from": [-3.54742, 7.77187, 7.25],
			"to": [-1.54742, 8.77187, 8.75],
			"rotation": {"angle": 45, "axis": "z", "origin": [7.28779, 8.5905, 8]},
			"faces": {
				"north": {"uv": [4, 4, 5, 5], "texture": "#kolo"},
				"east": {"uv": [4, 4, 5, 5], "texture": "#kolo"},
				"south": {"uv": [4, 4, 5, 5], "texture": "#kolo"},
				"west": {"uv": [4, 4, 5, 5], "texture": "#kolo"},
				"up": {"uv": [4, 4, 5, 5], "rotation": 90, "texture": "#kolo"},
				"down": {"uv": [4, 4, 5, 5], "rotation": 270, "texture": "#kolo"}
			}
		},
		{
			"name": "Element",
			"from": [-2.51691, -1.60852, 7.25],
			"to": [-0.51691, -0.60852, 8.75],
			"rotation": {"angle": -45, "axis": "z", "origin": [6.3384, -0.78989, 8]},
			"faces": {
				"north": {"uv": [4, 4, 5, 5], "texture": "#kolo"},
				"east": {"uv": [4, 4, 5, 5], "texture": "#kolo"},
				"south": {"uv": [4, 4, 5, 5], "texture": "#kolo"},
				"west": {"uv": [4, 4, 5, 5], "texture": "#kolo"},
				"up": {"uv": [4, 4, 5, 5], "rotation": 90, "texture": "#kolo"},
				"down": {"uv": [4, 4, 5, 5], "rotation": 270, "texture": "#kolo"}
			}
		},
		{
			"name": "Element",
			"from": [-3.22401, -5.97984, 7.25],
			"to": [-1.22401, -4.97984, 8.75],
			"rotation": {"angle": -45, "axis": "z", "origin": [5.63129, -0.91857, 8]},
			"faces": {
				"north": {"uv": [4, 4, 5, 5], "texture": "#kolo"},
				"east": {"uv": [4, 4, 5, 5], "texture": "#kolo"},
				"south": {"uv": [4, 4, 5, 5], "texture": "#kolo"},
				"west": {"uv": [4, 4, 5, 5], "texture": "#kolo"},
				"up": {"uv": [4, 4, 5, 5], "rotation": 90, "texture": "#kolo"},
				"down": {"uv": [4, 4, 5, 5], "rotation": 270, "texture": "#kolo"}
			}
		},
		{
			"name": "Element",
			"from": [-2.795, 4.905, 7],
			"to": [0.205, 5.905, 9],
			"faces": {
				"north": {"uv": [1, 4, 2, 5], "texture": "#kolo"},
				"east": {"uv": [1, 4, 2, 5], "texture": "#kolo"},
				"south": {"uv": [1, 4, 2, 5], "texture": "#kolo"},
				"west": {"uv": [1, 4, 2, 5], "texture": "#kolo"},
				"up": {"uv": [1, 4, 2, 5], "rotation": 90, "texture": "#kolo"},
				"down": {"uv": [1, 4, 2, 5], "rotation": 270, "texture": "#kolo"}
			}
		},
		{
			"name": "Element",
			"from": [-2.795, 0.07657, 7],
			"to": [0.205, 1.07657, 9],
			"rotation": {"angle": 0, "axis": "y", "origin": [9, 8.17157, 7.75]},
			"faces": {
				"north": {"uv": [1, 4, 2, 5], "texture": "#kolo"},
				"east": {"uv": [1, 4, 2, 5], "texture": "#kolo"},
				"south": {"uv": [1, 4, 2, 5], "texture": "#kolo"},
				"west": {"uv": [1, 4, 2, 5], "texture": "#kolo"},
				"up": {"uv": [1, 4, 2, 5], "rotation": 90, "texture": "#kolo"},
				"down": {"uv": [1, 4, 2, 5], "rotation": 270, "texture": "#kolo"}
			}
		},
		{
			"name": "Element",
			"from": [0.61921, 1.49079, 7],
			"to": [1.61921, 4.49079, 9],
			"rotation": {"angle": 0, "axis": "z", "origin": [-2.07579, 15.68579, 7.75]},
			"faces": {
				"north": {"uv": [1, 4, 2, 5], "rotation": 90, "texture": "#kolo"},
				"east": {"uv": [1, 4, 2, 5], "rotation": 180, "texture": "#kolo"},
				"south": {"uv": [1, 4, 2, 5], "rotation": 270, "texture": "#kolo"},
				"west": {"uv": [1, 4, 2, 5], "texture": "#kolo"},
				"up": {"uv": [1, 4, 2, 5], "rotation": 270, "texture": "#kolo"},
				"down": {"uv": [1, 4, 2, 5], "rotation": 270, "texture": "#kolo"}
			}
		},
		{
			"name": "Element",
			"from": [-4.20921, 1.49079, 7],
			"to": [-3.20921, 4.49079, 9],
			"rotation": {"angle": 0, "axis": "z", "origin": [1.09579, 15.68579, 7.75]},
			"faces": {
				"north": {"uv": [1, 4, 2, 5], "rotation": 90, "texture": "#kolo"},
				"east": {"uv": [1, 4, 2, 5], "rotation": 180, "texture": "#kolo"},
				"south": {"uv": [1, 4, 2, 5], "rotation": 270, "texture": "#kolo"},
				"west": {"uv": [1, 4, 2, 5], "texture": "#kolo"},
				"up": {"uv": [1, 4, 2, 5], "rotation": 270, "texture": "#kolo"},
				"down": {"uv": [1, 4, 2, 5], "rotation": 270, "texture": "#kolo"}
			}
		},
		{
			"name": "Element",
			"from": [-10.02396, 14.74471, 7],
			"to": [-8.02396, 15.74471, 9],
			"rotation": {"angle": 45, "axis": "z", "origin": [6.4681, 17.13676, 7.75]},
			"faces": {
				"north": {"uv": [1, 4, 2, 5], "texture": "#kolo"},
				"east": {"uv": [1, 4, 2, 5], "texture": "#kolo"},
				"south": {"uv": [1, 4, 2, 5], "texture": "#kolo"},
				"west": {"uv": [1, 4, 2, 5], "texture": "#kolo"},
				"up": {"uv": [1, 4, 2, 5], "rotation": 90, "texture": "#kolo"},
				"down": {"uv": [1, 4, 2, 5], "rotation": 270, "texture": "#kolo"}
			}
		},
		{
			"name": "Element",
			"from": [-10.90264, 7.96653, 7],
			"to": [-8.90264, 8.96653, 9],
			"rotation": {"angle": 45, "axis": "z", "origin": [4.17521, 17.42966, 7.75]},
			"faces": {
				"north": {"uv": [1, 4, 2, 5], "texture": "#kolo"},
				"east": {"uv": [1, 4, 2, 5], "texture": "#kolo"},
				"south": {"uv": [1, 4, 2, 5], "texture": "#kolo"},
				"west": {"uv": [1, 4, 2, 5], "texture": "#kolo"},
				"up": {"uv": [1, 4, 2, 5], "rotation": 90, "texture": "#kolo"},
				"down": {"uv": [1, 4, 2, 5], "rotation": 270, "texture": "#kolo"}
			}
		},
		{
			"name": "Element",
			"from": [-2.64697, -4.76437, 7],
			"to": [-0.64697, -3.76437, 9],
			"rotation": {"angle": -45, "axis": "z", "origin": [10.45098, -2.37231, 7.75]},
			"faces": {
				"north": {"uv": [1, 4, 2, 5], "texture": "#kolo"},
				"east": {"uv": [1, 4, 2, 5], "texture": "#kolo"},
				"south": {"uv": [1, 4, 2, 5], "texture": "#kolo"},
				"west": {"uv": [1, 4, 2, 5], "texture": "#kolo"},
				"up": {"uv": [1, 4, 2, 5], "rotation": 90, "texture": "#kolo"},
				"down": {"uv": [1, 4, 2, 5], "rotation": 270, "texture": "#kolo"}
			}
		},
		{
			"name": "Element",
			"from": [-3.52565, -7.2999, 7],
			"to": [-1.52565, -6.2999, 9],
			"rotation": {"angle": -45, "axis": "z", "origin": [6.74387, -2.07942, 7.75]},
			"faces": {
				"north": {"uv": [1, 4, 2, 5], "texture": "#kolo"},
				"east": {"uv": [1, 4, 2, 5], "texture": "#kolo"},
				"south": {"uv": [1, 4, 2, 5], "texture": "#kolo"},
				"west": {"uv": [1, 4, 2, 5], "texture": "#kolo"},
				"up": {"uv": [1, 4, 2, 5], "rotation": 90, "texture": "#kolo"},
				"down": {"uv": [1, 4, 2, 5], "rotation": 270, "texture": "#kolo"}
			}
		},
		{
			"from": [17.41407, 13.45657, 9.25],
			"to": [17.91407, 13.95657, 9.75],
			"rotation": {"angle": 22.5, "axis": "z", "origin": [25.94983, 7.43389, 17.5]},
			"faces": {
				"north": {"uv": [0, 0, 0.5, 0.5], "rotation": 270, "texture": "#block"},
				"east": {"uv": [0, 0, 0.5, 0.5], "rotation": 90, "texture": "#block"},
				"south": {"uv": [0, 0, 0.5, 0.5], "rotation": 90, "texture": "#block"},
				"west": {"uv": [0, 0, 0.5, 0.5], "rotation": 90, "texture": "#block"},
				"up": {"uv": [0, 0, 0.5, 0.5], "rotation": 90, "texture": "#block"},
				"down": {"uv": [0, 0, 0.5, 0.5], "rotation": 90, "texture": "#block"}
			}
		},
		{
			"from": [17.41407, 13.45657, 6.25],
			"to": [17.91407, 13.95657, 6.75],
			"rotation": {"angle": 22.5, "axis": "z", "origin": [25.94983, 7.43389, 17.5]},
			"faces": {
				"north": {"uv": [0, 0, 0.5, 0.5], "rotation": 270, "texture": "#block"},
				"east": {"uv": [0, 0, 0.5, 0.5], "rotation": 90, "texture": "#block"},
				"south": {"uv": [0, 0, 0.5, 0.5], "rotation": 90, "texture": "#block"},
				"west": {"uv": [0, 0, 0.5, 0.5], "rotation": 90, "texture": "#block"},
				"up": {"uv": [0, 0, 0.5, 0.5], "rotation": 90, "texture": "#block"},
				"down": {"uv": [0, 0, 0.5, 0.5], "rotation": 90, "texture": "#block"}
			}
		}
	],
	"display": {
		"gui": {
			"rotation": [41.75, 49.75, 0],
			"scale": [0.49, 0.49, 0.49]
		},
		"head": {
			"rotation": [0, -90, 0],
			"translation": [0, -20, 0],
			"scale": [3, 3, 3]
		}
	},
	"groups": [
		{
			"name": "moto",
			"origin": [0.69549, 13.34672, 7],
			"children": [0, 1, 2, 3, 4, 5, 6, 7, 8, 9, 10, 11, 12, 13, 14, 15, 16, 17, 18, 19, 20, 21, 22, 23, 24, 25, 26, 27, 28, 29, 30, 31, 32, 33, 34, 35, 36, 37, 38, 39, 40, 41, 42, 43]
		},
		{
			"name": "ruota",
			"origin": [8, 8, 8],
			"children": [44, 45, 46, 47, 48, 49, 50, 51, 52, 53, 54, 55, 56, 57, 58, 59, 60, 61, 62, 63, 64, 65]
		},
		{
			"name": "ruota",
			"origin": [8, 8, 8],
			"children": [66, 67, 68, 69, 70, 71, 72, 73, 74, 75, 76, 77, 78, 79, 80, 81, 82, 83, 84, 85, 86, 87, 88, 89, 90, 91]
		}, 92, 93]
}