{
	"credit": "made with blockbench",
	"ambientocclusion": false,
	"textures": {
		"1": "block/stripped_oak_log",
		"2": "block/oak_log",
		"3": "block/stripped_oak_log_top",
		"4": "block/stripped_spruce_log",
		"particle": "block/stripped_oak_log"
	},
	"elements": [
		{
			"from": [0, 14, 0],
			"to": [16, 15, 16],
			"rotation": {"angle": 0, "axis": "y", "origin": [8, 6, 8]},
			"faces": {
				"north": {"uv": [0, 0, 16, 1], "texture": "#4"},
				"east": {"uv": [0, 0, 16, 1], "texture": "#4"},
				"south": {"uv": [0, 0, 16, 1], "texture": "#4"},
				"west": {"uv": [0, 0, 16, 1], "texture": "#4"},
				"up": {"uv": [0, 0, 16, 16], "texture": "#3"},
				"down": {"uv": [0, 0, 16, 16], "texture": "#4"}
			}
		},
		{
			"from": [1, 15, 1],
			"to": [15, 16, 15],
			"rotation": {"angle": 0, "axis": "y", "origin": [8, 7, 8]},
			"faces": {
				"north": {"uv": [0, 0, 16, 1], "texture": "#4"},
				"east": {"uv": [0, 0, 16, 1], "texture": "#4"},
				"south": {"uv": [0, 0, 16, 1], "texture": "#4"},
				"west": {"uv": [0, 0, 16, 1], "texture": "#4"},
				"up": {"uv": [1, 1, 15, 15], "texture": "#3"},
				"down": {"uv": [0, 0, 16, 16], "texture": "#4"}
			}
		},
		{
			"from": [0, 15, 0],
			"to": [1, 16, 16],
			"rotation": {"angle": 0, "axis": "y", "origin": [8, 6, 8]},
			"faces": {
				"north": {"uv": [15, 0, 16, 1], "texture": "#4"},
				"east": {"uv": [0, 0, 16, 1], "texture": "#4"},
				"south": {"uv": [0, 0, 1, 1], "texture": "#4"},
				"west": {"uv": [0, 0, 16, 1], "texture": "#4"},
				"up": {"uv": [0, 0, 1, 16], "texture": "#4"},
				"down": {"uv": [0, 0, 1, 16], "texture": "#missing"}
			}
		},
		{
			"from": [1, 15, 0],
			"to": [16, 16, 1],
			"rotation": {"angle": 0, "axis": "y", "origin": [8, 6, 8]},
			"faces": {
				"north": {"uv": [0, 0, 15, 1], "texture": "#4"},
				"east": {"uv": [15, 0, 16, 1], "texture": "#4"},
				"south": {"uv": [1, 0, 15, 1], "texture": "#4"},
				"west": {"uv": [0, 0, 1, 1], "texture": "#missing"},
				"up": {"uv": [1, 0, 16, 1], "texture": "#4"},
				"down": {"uv": [0, 0, 15, 1], "texture": "#missing"}
			}
		},
		{
			"from": [1, 15, 15],
			"to": [16, 16, 16],
			"rotation": {"angle": 0, "axis": "y", "origin": [8, 6, 8]},
			"faces": {
				"north": {"uv": [1, 0, 15, 1], "texture": "#4"},
				"east": {"uv": [0, 0, 1, 1], "texture": "#4"},
				"south": {"uv": [1, 0, 16, 1], "texture": "#4"},
				"west": {"uv": [0, 0, 1, 1], "texture": "#missing"},
				"up": {"uv": [1, 0, 16, 1], "texture": "#4"},
				"down": {"uv": [0, 0, 15, 1], "texture": "#missing"}
			}
		},
		{
			"from": [15, 15, 1],
			"to": [16, 16, 15],
			"rotation": {"angle": 0, "axis": "y", "origin": [8, 6, 8]},
			"faces": {
				"north": {"uv": [0, 0, 1, 1], "texture": "#missing"},
				"east": {"uv": [1, 0, 15, 1], "texture": "#4"},
				"south": {"uv": [0, 0, 1, 1], "texture": "#missing"},
				"west": {"uv": [1, 0, 15, 1], "texture": "#4"},
				"up": {"uv": [0, 1, 1, 15], "texture": "#4"},
				"down": {"uv": [0, 0, 1, 14], "texture": "#missing"}
			}
		},
		{
			"from": [0, 0, 0],
			"to": [2, 14, 2],
			"rotation": {"angle": 0, "axis": "y", "origin": [7, 8, 7]},
			"faces": {
				"north": {"uv": [0, 0, 2, 14], "texture": "#2"},
				"east": {"uv": [0, 0, 2, 14], "texture": "#2"},
				"south": {"uv": [0, 0, 2, 14], "texture": "#2"},
				"west": {"uv": [0, 0, 2, 14], "texture": "#2"},
				"up": {"uv": [0, 0, 2, 2], "texture": "#2"},
				"down": {"uv": [0, 0, 2, 2], "texture": "#2"}
			}
		},
		{
			"from": [0, 0, 14],
			"to": [2, 14, 16],
			"rotation": {"angle": 0, "axis": "y", "origin": [7, 8, 9]},
			"faces": {
				"north": {"uv": [0, 0, 2, 14], "texture": "#2"},
				"east": {"uv": [0, 0, 2, 14], "texture": "#2"},
				"south": {"uv": [0, 0, 2, 14], "texture": "#2"},
				"west": {"uv": [0, 0, 2, 14], "texture": "#2"},
				"up": {"uv": [0, 0, 2, 2], "texture": "#2"},
				"down": {"uv": [0, 0, 2, 2], "texture": "#2"}
			}
		},
		{
			"from": [14, 0, 0],
			"to": [16, 14, 2],
			"rotation": {"angle": 0, "axis": "y", "origin": [9, 8, 7]},
			"faces": {
				"north": {"uv": [0, 0, 2, 14], "texture": "#2"},
				"east": {"uv": [0, 0, 2, 14], "texture": "#2"},
				"south": {"uv": [0, 0, 2, 14], "texture": "#2"},
				"west": {"uv": [0, 0, 2, 14], "texture": "#2"},
				"up": {"uv": [0, 0, 2, 2], "texture": "#2"},
				"down": {"uv": [0, 0, 2, 2], "texture": "#2"}
			}
		},
		{
			"from": [14, 0, 14],
			"to": [16, 14, 16],
			"rotation": {"angle": 0, "axis": "y", "origin": [9, 8, 9]},
			"faces": {
				"north": {"uv": [0, 0, 2, 14], "texture": "#2"},
				"east": {"uv": [0, 0, 2, 14], "texture": "#2"},
				"south": {"uv": [0, 0, 2, 14], "texture": "#2"},
				"west": {"uv": [0, 0, 2, 14], "texture": "#2"},
				"up": {"uv": [0, 0, 2, 2], "texture": "#2"},
				"down": {"uv": [0, 0, 2, 2], "texture": "#2"}
			}
		},
		{
			"from": [-7, 14, 0.25],
			"to": [-1, 15, 1.75],
			"rotation": {"angle": 45, "axis": "z", "origin": [2, 22, 8]},
			"faces": {
				"north": {"uv": [0, 0, 6, 1], "texture": "#1"},
				"east": {"uv": [0, 0, 1.5, 1], "texture": "#1"},
				"south": {"uv": [0, 0, 6, 1], "texture": "#1"},
				"west": {"uv": [0, 0, 1.5, 1], "texture": "#1"},
				"up": {"uv": [0, 0, 6, 1.5], "texture": "#1"},
				"down": {"uv": [0, 0, 6, 1.5], "texture": "#1"}
			}
		},
		{
			"from": [-7, 14, 14.25],
			"to": [-1, 15, 15.75],
			"rotation": {"angle": 45, "axis": "z", "origin": [2, 22, 22]},
			"faces": {
				"north": {"uv": [0, 0, 6, 1], "texture": "#1"},
				"east": {"uv": [0, 0, 1.5, 1], "texture": "#1"},
				"south": {"uv": [0, 0, 6, 1], "texture": "#1"},
				"west": {"uv": [0, 0, 1.5, 1], "texture": "#1"},
				"up": {"uv": [0, 0, 6, 1.5], "texture": "#1"},
				"down": {"uv": [0, 0, 6, 1.5], "texture": "#1"}
			}
		},
		{
			"from": [4.5, 12, 0.25],
			"to": [10.5, 13, 1.75],
			"rotation": {"angle": -45, "axis": "z", "origin": [10, 6, 8]},
			"faces": {
				"north": {"uv": [0, 0, 6, 1], "texture": "#1"},
				"east": {"uv": [0, 0, 1.5, 1], "texture": "#1"},
				"south": {"uv": [0, 0, 6, 1], "texture": "#1"},
				"west": {"uv": [0, 0, 1.5, 1], "texture": "#1"},
				"up": {"uv": [0, 0, 6, 1.5], "texture": "#1"},
				"down": {"uv": [0, 0, 6, 1.5], "texture": "#1"}
			}
		},
		{
			"from": [4.5, 12, 14.25],
			"to": [10.5, 13, 15.75],
			"rotation": {"angle": -45, "axis": "z", "origin": [10, 6, 22]},
			"faces": {
				"north": {"uv": [0, 0, 6, 1], "texture": "#1"},
				"east": {"uv": [0, 0, 1.5, 1], "texture": "#1"},
				"south": {"uv": [0, 0, 6, 1], "texture": "#1"},
				"west": {"uv": [0, 0, 1.5, 1], "texture": "#1"},
				"up": {"uv": [0, 0, 6, 1.5], "texture": "#1"},
				"down": {"uv": [0, 0, 6, 1.5], "texture": "#1"}
			}
		},
		{
			"from": [0.25, 11, 4],
			"to": [1.75, 12, 10],
			"rotation": {"angle": 45, "axis": "x", "origin": [8, 5, 11]},
			"faces": {
				"north": {"uv": [0, 0, 1.5, 1], "texture": "#1"},
				"east": {"uv": [0, 0, 6, 1], "texture": "#1"},
				"south": {"uv": [0, 0, 1.5, 1], "texture": "#1"},
				"west": {"uv": [0, 0, 6, 1], "texture": "#1"},
				"up": {"uv": [0, 0, 1.5, 6], "texture": "#1"},
				"down": {"uv": [0, 0, 1.5, 6], "texture": "#1"}
			}
		},
		{
			"from": [14.25, 11, 4],
			"to": [15.75, 12, 10],
			"rotation": {"angle": 45, "axis": "x", "origin": [22, 5, 11]},
			"faces": {
				"north": {"uv": [0, 0, 1.5, 1], "texture": "#1"},
				"east": {"uv": [0, 0, 6, 1], "texture": "#1"},
				"south": {"uv": [0, 0, 1.5, 1], "texture": "#1"},
				"west": {"uv": [0, 0, 6, 1], "texture": "#1"},
				"up": {"uv": [0, 0, 1.5, 6], "texture": "#1"},
				"down": {"uv": [0, 0, 1.5, 6], "texture": "#1"}
			}
		},
		{
			"from": [0.25, 16, 0],
			"to": [1.75, 17, 6],
			"rotation": {"angle": -45, "axis": "x", "origin": [8, 14, 8]},
			"faces": {
				"north": {"uv": [0, 0, 1.5, 1], "texture": "#1"},
				"east": {"uv": [0, 0, 6, 1], "texture": "#1"},
				"south": {"uv": [0, 0, 1.5, 1], "texture": "#1"},
				"west": {"uv": [0, 0, 6, 1], "texture": "#1"},
				"up": {"uv": [0, 0, 1.5, 6], "texture": "#1"},
				"down": {"uv": [0, 0, 1.5, 6], "texture": "#1"}
			}
		},
		{
			"from": [14.25, 16, 0],
			"to": [15.75, 17, 6],
			"rotation": {"angle": -45, "axis": "x", "origin": [22, 14, 8]},
			"faces": {
				"north": {"uv": [0, 0, 1.5, 1], "texture": "#1"},
				"east": {"uv": [0, 0, 6, 1], "texture": "#1"},
				"south": {"uv": [0, 0, 1.5, 1], "texture": "#1"},
				"west": {"uv": [0, 0, 6, 1], "texture": "#1"},
				"up": {"uv": [0, 0, 1.5, 6], "texture": "#1"},
				"down": {"uv": [0, 0, 1.5, 6], "texture": "#1"}
			}
		}
	],
	"display": {
		"thirdperson_righthand": {
			"translation": [0, 0, -0.5],
			"scale": [0.25, 0.25, 0.25]
		},
		"thirdperson_lefthand": {
			"translation": [0, 0, -0.5],
			"scale": [0.25, 0.25, 0.25]
		},
		"firstperson_righthand": {
			"rotation": [0, -90, 0],
			"translation": [2.5, 0, 0],
			"scale": [0.3, 0.3, 0.3]
		},
		"firstperson_lefthand": {
			"rotation": [0, -90, 0],
			"translation": [2.5, 0, 0],
			"scale": [0.3, 0.3, 0.3]
		},
		"ground": {
			"scale": [0.3, 0.3, 0.3]
		},
		"gui": {
			"rotation": [45, 135, 0],
			"translation": [-0.25, -0.75, 15.5],
			"scale": [0.53, 0.53, 0.53]
		},
		"fixed": {
			"scale": [0.5, 0.5, 0.5]
		}
	},
	"groups": [
		{
			"name": "soppiano",
			"origin": [8, 8, 8],
			"children": [0, 1, 2, 3, 4, 5]
		},
		{
			"name": "gambe",
			"origin": [8, 8, 8],
			"children": [6, 7, 8, 9]
		},
		{
			"name": "nonso",
			"origin": [2, 22, 8],
			"children": [10, 11, 12, 13, 14, 15, 16, 17]
		}
	]
}
