{
    "parent": "builtin/entity",
    "textures": {
        "particle": "block/dark_oak_planks"
    },
    "overrides": [
        { "predicate": { "blocking": 0 }, "model": "item/shield" },
        { "predicate": { "blocking": 1 }, "model": "item/shield_blocking" },
		
		{"predicate": { "blocking": 0, "custom_model_data":1}, "model": "new_shield/1"},
		{"predicate": { "blocking": 1, "custom_model_data":1}, "model": "new_shield/1_blocking"},
		{"predicate": { "blocking": 0, "custom_model_data":2}, "model": "new_shield/2"},
		{"predicate": { "blocking": 1, "custom_model_data":2}, "model": "new_shield/2_blocking"},
		{"predicate": { "blocking": 0, "custom_model_data":3}, "model": "new_shield/3"},
		{"predicate": { "blocking": 1, "custom_model_data":3}, "model": "new_shield/3_blocking"},
		{"predicate": { "blocking": 0, "custom_model_data":4}, "model": "new_shield/4"},
		{"predicate": { "blocking": 1, "custom_model_data":4}, "model": "new_shield/4_blocking"},
		{"predicate": { "blocking": 0, "custom_model_data":5}, "model": "new_shield/5"},
		{"predicate": { "blocking": 1, "custom_model_data":5}, "model": "new_shield/5_blocking"},
		{"predicate": { "blocking": 0, "custom_model_data":6}, "model": "new_shield/6"},
		{"predicate": { "blocking": 1, "custom_model_data":6}, "model": "new_shield/6_blocking"},
		{"predicate": { "blocking": 0, "custom_model_data":7}, "model": "new_shield/7"},
		{"predicate": { "blocking": 1, "custom_model_data":7}, "model": "new_shield/7_blocking"},
		{"predicate": { "blocking": 0, "custom_model_data":8}, "model": "new_shield/8"},
		{"predicate": { "blocking": 1, "custom_model_data":8}, "model": "new_shield/8_blocking"},
		{"predicate": { "blocking": 0, "custom_model_data":9}, "model": "new_shield/9"},
		{"predicate": { "blocking": 1, "custom_model_data":9}, "model": "new_shield/9_blocking"},
		{"predicate": { "blocking": 0, "custom_model_data":10}, "model": "new_shield/10"},
		{"predicate": { "blocking": 1, "custom_model_data":10}, "model": "new_shield/10_blocking"},
		{"predicate": { "blocking": 0, "custom_model_data":11}, "model": "new_shield/11"},
		{"predicate": { "blocking": 1, "custom_model_data":11}, "model": "new_shield/11_blocking"},
		{"predicate": { "blocking": 0, "custom_model_data":12}, "model": "new_shield/12"},
		{"predicate": { "blocking": 1, "custom_model_data":12}, "model": "new_shield/12_blocking"},
		{"predicate": { "blocking": 0, "custom_model_data":13}, "model": "new_shield/13"},
		{"predicate": { "blocking": 1, "custom_model_data":13}, "model": "new_shield/13_blocking"},
		{"predicate": { "blocking": 0, "custom_model_data":14}, "model": "new_shield/14"},
		{"predicate": { "blocking": 1, "custom_model_data":14}, "model": "new_shield/14_blocking"},
		{"predicate": { "blocking": 0, "custom_model_data":15}, "model": "new_shield/15"},
		{"predicate": { "blocking": 1, "custom_model_data":15}, "model": "new_shield/15_blocking"},
		{"predicate": { "blocking": 0, "custom_model_data":16}, "model": "new_shield/16"},
		{"predicate": { "blocking": 1, "custom_model_data":16}, "model": "new_shield/16_blocking"},
		{"predicate": { "blocking": 0, "custom_model_data":17}, "model": "new_shield/17"},
		{"predicate": { "blocking": 1, "custom_model_data":17}, "model": "new_shield/17_blocking"},
		{"predicate": { "blocking": 0, "custom_model_data":18}, "model": "new_shield/18"},
		{"predicate": { "blocking": 1, "custom_model_data":18}, "model": "new_shield/18_blocking"},
		{"predicate": { "blocking": 0, "custom_model_data":19}, "model": "new_shield/19"},
		{"predicate": { "blocking": 1, "custom_model_data":19}, "model": "new_shield/19_blocking"},
		{"predicate": { "blocking": 0, "custom_model_data":20}, "model": "new_shield/20"},
		{"predicate": { "blocking": 1, "custom_model_data":20}, "model": "new_shield/20_blocking"},
		{"predicate": { "blocking": 0, "custom_model_data":21}, "model": "new_shield/21"},
		{"predicate": { "blocking": 1, "custom_model_data":21}, "model": "new_shield/21_blocking"},
		{"predicate": { "blocking": 0, "custom_model_data":22}, "model": "new_shield/22"},
		{"predicate": { "blocking": 1, "custom_model_data":22}, "model": "new_shield/22_blocking"},
		{"predicate": { "blocking": 0, "custom_model_data":23}, "model": "new_shield/23"},
		{"predicate": { "blocking": 1, "custom_model_data":23}, "model": "new_shield/23_blocking"},
		{"predicate": { "blocking": 0, "custom_model_data":24}, "model": "new_shield/24"},
		{"predicate": { "blocking": 1, "custom_model_data":24}, "model": "new_shield/24_blocking"},
		{"predicate": { "blocking": 0, "custom_model_data":25}, "model": "new_shield/25"},
		{"predicate": { "blocking": 1, "custom_model_data":25}, "model": "new_shield/25_blocking"},
		{"predicate": { "blocking": 0, "custom_model_data":26}, "model": "new_shield/26"},
		{"predicate": { "blocking": 1, "custom_model_data":26}, "model": "new_shield/26_blocking"},
		{"predicate": { "blocking": 0, "custom_model_data":27}, "model": "new_shield/27"},
		{"predicate": { "blocking": 1, "custom_model_data":27}, "model": "new_shield/27_blocking"},
		{"predicate": { "blocking": 0, "custom_model_data":28}, "model": "new_shield/28"},
		{"predicate": { "blocking": 1, "custom_model_data":28}, "model": "new_shield/28_blocking"},
		{"predicate": { "blocking": 0, "custom_model_data":29}, "model": "new_shield/29"},
		{"predicate": { "blocking": 1, "custom_model_data":29}, "model": "new_shield/29_blocking"},
		{"predicate": { "blocking": 0, "custom_model_data":30}, "model": "new_shield/30"},
		{"predicate": { "blocking": 1, "custom_model_data":30}, "model": "new_shield/30_blocking"},
		{"predicate": { "blocking": 0, "custom_model_data":31}, "model": "new_shield/31"},
		{"predicate": { "blocking": 1, "custom_model_data":31}, "model": "new_shield/31_blocking"},
		{"predicate": { "blocking": 0, "custom_model_data":32}, "model": "new_shield/32"},
		{"predicate": { "blocking": 1, "custom_model_data":32}, "model": "new_shield/32_blocking"},
		{"predicate": { "blocking": 0, "custom_model_data":33}, "model": "new_shield/33"},
		{"predicate": { "blocking": 1, "custom_model_data":33}, "model": "new_shield/33_blocking"},
		{"predicate": { "blocking": 0, "custom_model_data":34}, "model": "new_shield/34"},
		{"predicate": { "blocking": 1, "custom_model_data":34}, "model": "new_shield/34_blocking"},
		{"predicate": { "blocking": 0, "custom_model_data":35}, "model": "new_shield/35"},
		{"predicate": { "blocking": 1, "custom_model_data":35}, "model": "new_shield/35_blocking"},
		{"predicate": { "blocking": 0, "custom_model_data":36}, "model": "new_shield/36"},
		{"predicate": { "blocking": 1, "custom_model_data":36}, "model": "new_shield/36_blocking"},
		{"predicate": { "blocking": 0, "custom_model_data":37}, "model": "new_shield/37"},
		{"predicate": { "blocking": 1, "custom_model_data":37}, "model": "new_shield/37_blocking"},
		{"predicate": { "blocking": 0, "custom_model_data":38}, "model": "new_shield/38"},
		{"predicate": { "blocking": 1, "custom_model_data":38}, "model": "new_shield/38_blocking"},
		{"predicate": { "blocking": 0, "custom_model_data":39}, "model": "new_shield/39"},
		{"predicate": { "blocking": 1, "custom_model_data":39}, "model": "new_shield/39_blocking"},
		{"predicate": { "blocking": 0, "custom_model_data":40}, "model": "new_shield/40"},
		{"predicate": { "blocking": 1, "custom_model_data":40}, "model": "new_shield/40_blocking"},
		{"predicate": { "blocking": 0, "custom_model_data":41}, "model": "new_shield/41"},
		{"predicate": { "blocking": 1, "custom_model_data":41}, "model": "new_shield/41_blocking"},
		{"predicate": { "blocking": 0, "custom_model_data":42}, "model": "new_shield/42"},
		{"predicate": { "blocking": 1, "custom_model_data":42}, "model": "new_shield/42_blocking"},
		{"predicate": { "blocking": 0, "custom_model_data":43}, "model": "new_shield/43"},
		{"predicate": { "blocking": 1, "custom_model_data":43}, "model": "new_shield/43_blocking"},
		{"predicate": { "blocking": 0, "custom_model_data":44}, "model": "new_shield/44"},
		{"predicate": { "blocking": 1, "custom_model_data":44}, "model": "new_shield/44_blocking"},
		{"predicate": { "blocking": 0, "custom_model_data":45}, "model": "new_shield/45"},
		{"predicate": { "blocking": 1, "custom_model_data":45}, "model": "new_shield/45_blocking"},
		{"predicate": { "blocking": 0, "custom_model_data":46}, "model": "new_shield/46"},
		{"predicate": { "blocking": 1, "custom_model_data":46}, "model": "new_shield/46_blocking"},
		{"predicate": { "blocking": 0, "custom_model_data":47}, "model": "new_shield/47"},
		{"predicate": { "blocking": 1, "custom_model_data":47}, "model": "new_shield/47_blocking"},
		{"predicate": { "blocking": 0, "custom_model_data":48}, "model": "new_shield/48"},
		{"predicate": { "blocking": 1, "custom_model_data":48}, "model": "new_shield/48_blocking"},
		{"predicate": { "blocking": 0, "custom_model_data":49}, "model": "new_shield/49"},
		{"predicate": { "blocking": 1, "custom_model_data":49}, "model": "new_shield/49_blocking"},
		{"predicate": { "blocking": 0, "custom_model_data":50}, "model": "new_shield/50"},
		{"predicate": { "blocking": 1, "custom_model_data":50}, "model": "new_shield/50_blocking"},
		{"predicate": { "blocking": 0, "custom_model_data":51}, "model": "new_shield/51"},
		{"predicate": { "blocking": 1, "custom_model_data":51}, "model": "new_shield/51_blocking"},
		{"predicate": { "blocking": 0, "custom_model_data":52}, "model": "new_shield/52"},
		{"predicate": { "blocking": 1, "custom_model_data":52}, "model": "new_shield/52_blocking"},
		{"predicate": { "blocking": 0, "custom_model_data":53}, "model": "new_shield/53"},
		{"predicate": { "blocking": 1, "custom_model_data":53}, "model": "new_shield/53_blocking"},
		{"predicate": { "blocking": 0, "custom_model_data":54}, "model": "new_shield/54"},
		{"predicate": { "blocking": 1, "custom_model_data":54}, "model": "new_shield/54_blocking"},
		{"predicate": { "blocking": 0, "custom_model_data":55}, "model": "new_shield/55"},
		{"predicate": { "blocking": 1, "custom_model_data":55}, "model": "new_shield/55_blocking"},
		{"predicate": { "blocking": 0, "custom_model_data":56}, "model": "new_shield/56"},
		{"predicate": { "blocking": 1, "custom_model_data":56}, "model": "new_shield/56_blocking"},
		{"predicate": { "blocking": 0, "custom_model_data":57}, "model": "new_shield/57"},
		{"predicate": { "blocking": 1, "custom_model_data":57}, "model": "new_shield/57_blocking"},
		{"predicate": { "blocking": 0, "custom_model_data":58}, "model": "new_shield/58"},
		{"predicate": { "blocking": 1, "custom_model_data":58}, "model": "new_shield/58_blocking"},
		{"predicate": { "blocking": 0, "custom_model_data":59}, "model": "new_shield/59"},
		{"predicate": { "blocking": 1, "custom_model_data":59}, "model": "new_shield/59_blocking"},
		{"predicate": { "blocking": 0, "custom_model_data":60}, "model": "new_shield/60"},
		{"predicate": { "blocking": 1, "custom_model_data":60}, "model": "new_shield/60_blocking"},
		{"predicate": { "blocking": 0, "custom_model_data":61}, "model": "new_shield/61"},
		{"predicate": { "blocking": 1, "custom_model_data":61}, "model": "new_shield/61_blocking"},
		{"predicate": { "blocking": 0, "custom_model_data":62}, "model": "new_shield/62"},
		{"predicate": { "blocking": 1, "custom_model_data":62}, "model": "new_shield/62_blocking"},
		{"predicate": { "blocking": 0, "custom_model_data":63}, "model": "new_shield/63"},
		{"predicate": { "blocking": 1, "custom_model_data":63}, "model": "new_shield/63_blocking"},
		{"predicate": { "blocking": 0, "custom_model_data":64}, "model": "new_shield/64"},
		{"predicate": { "blocking": 1, "custom_model_data":64}, "model": "new_shield/64_blocking"},
		{"predicate": { "blocking": 0, "custom_model_data":65}, "model": "new_shield/65"},
		{"predicate": { "blocking": 1, "custom_model_data":65}, "model": "new_shield/65_blocking"},
		{"predicate": { "blocking": 0, "custom_model_data":66}, "model": "new_shield/66"},
		{"predicate": { "blocking": 1, "custom_model_data":66}, "model": "new_shield/66_blocking"},
		{"predicate": { "blocking": 0, "custom_model_data":67}, "model": "new_shield/67"},
		{"predicate": { "blocking": 1, "custom_model_data":67}, "model": "new_shield/67_blocking"},
		{"predicate": { "blocking": 0, "custom_model_data":68}, "model": "new_shield/68"},
		{"predicate": { "blocking": 1, "custom_model_data":68}, "model": "new_shield/68_blocking"},
		{"predicate": { "blocking": 0, "custom_model_data":69}, "model": "new_shield/69"},
		{"predicate": { "blocking": 1, "custom_model_data":69}, "model": "new_shield/69_blocking"},
		{"predicate": { "blocking": 0, "custom_model_data":70}, "model": "new_shield/70"},
		{"predicate": { "blocking": 1, "custom_model_data":70}, "model": "new_shield/70_blocking"},
		{"predicate": { "blocking": 0, "custom_model_data":71}, "model": "new_shield/71"},
		{"predicate": { "blocking": 1, "custom_model_data":71}, "model": "new_shield/71_blocking"},
		{"predicate": { "blocking": 0, "custom_model_data":72}, "model": "new_shield/72"},
		{"predicate": { "blocking": 1, "custom_model_data":72}, "model": "new_shield/72_blocking"},
		{"predicate": { "blocking": 0, "custom_model_data":73}, "model": "new_shield/73"},
		{"predicate": { "blocking": 1, "custom_model_data":73}, "model": "new_shield/73_blocking"},
		{"predicate": { "blocking": 0, "custom_model_data":74}, "model": "new_shield/74"},
		{"predicate": { "blocking": 1, "custom_model_data":74}, "model": "new_shield/74_blocking"},
		{"predicate": { "blocking": 0, "custom_model_data":75}, "model": "new_shield/75"},
		{"predicate": { "blocking": 1, "custom_model_data":75}, "model": "new_shield/75_blocking"},
		{"predicate": { "blocking": 0, "custom_model_data":76}, "model": "new_shield/76"},
		{"predicate": { "blocking": 1, "custom_model_data":76}, "model": "new_shield/76_blocking"},
		{"predicate": { "blocking": 0, "custom_model_data":77}, "model": "new_shield/77"},
		{"predicate": { "blocking": 1, "custom_model_data":77}, "model": "new_shield/77_blocking"},
		{"predicate": { "blocking": 0, "custom_model_data":78}, "model": "new_shield/78"},
		{"predicate": { "blocking": 1, "custom_model_data":78}, "model": "new_shield/78_blocking"},
		{"predicate": { "blocking": 0, "custom_model_data":79}, "model": "new_shield/79"},
		{"predicate": { "blocking": 1, "custom_model_data":79}, "model": "new_shield/79_blocking"},
		{"predicate": { "blocking": 0, "custom_model_data":80}, "model": "new_shield/80"},
		{"predicate": { "blocking": 1, "custom_model_data":80}, "model": "new_shield/80_blocking"},
		{"predicate": { "blocking": 0, "custom_model_data":81}, "model": "new_shield/81"},
		{"predicate": { "blocking": 1, "custom_model_data":81}, "model": "new_shield/81_blocking"},
		{"predicate": { "blocking": 0, "custom_model_data":82}, "model": "new_shield/82"},
		{"predicate": { "blocking": 1, "custom_model_data":82}, "model": "new_shield/82_blocking"},
		{"predicate": { "blocking": 0, "custom_model_data":83}, "model": "new_shield/83"},
		{"predicate": { "blocking": 1, "custom_model_data":83}, "model": "new_shield/83_blocking"},
		{"predicate": { "blocking": 0, "custom_model_data":84}, "model": "new_shield/84"},
		{"predicate": { "blocking": 1, "custom_model_data":84}, "model": "new_shield/84_blocking"},
		{"predicate": { "blocking": 0, "custom_model_data":85}, "model": "new_shield/85"},
		{"predicate": { "blocking": 1, "custom_model_data":85}, "model": "new_shield/85_blocking"},
		{"predicate": { "blocking": 0, "custom_model_data":86}, "model": "new_shield/86"},
		{"predicate": { "blocking": 1, "custom_model_data":86}, "model": "new_shield/86_blocking"},
		{"predicate": { "blocking": 0, "custom_model_data":87}, "model": "new_shield/87"},
		{"predicate": { "blocking": 1, "custom_model_data":87}, "model": "new_shield/87_blocking"},
		{"predicate": { "blocking": 0, "custom_model_data":88}, "model": "new_shield/88"},
		{"predicate": { "blocking": 1, "custom_model_data":88}, "model": "new_shield/88_blocking"},
		{"predicate": { "blocking": 0, "custom_model_data":89}, "model": "new_shield/89"},
		{"predicate": { "blocking": 1, "custom_model_data":89}, "model": "new_shield/89_blocking"},
		{"predicate": { "blocking": 0, "custom_model_data":90}, "model": "new_shield/90"},
		{"predicate": { "blocking": 1, "custom_model_data":90}, "model": "new_shield/90_blocking"},
		{"predicate": { "blocking": 0, "custom_model_data":91}, "model": "new_shield/91"},
		{"predicate": { "blocking": 1, "custom_model_data":91}, "model": "new_shield/91_blocking"},
		{"predicate": { "blocking": 0, "custom_model_data":92}, "model": "new_shield/92"},
		{"predicate": { "blocking": 1, "custom_model_data":92}, "model": "new_shield/92_blocking"},
		{"predicate": { "blocking": 0, "custom_model_data":93}, "model": "new_shield/93"},
		{"predicate": { "blocking": 1, "custom_model_data":93}, "model": "new_shield/93_blocking"},
		{"predicate": { "blocking": 0, "custom_model_data":94}, "model": "new_shield/94"},
		{"predicate": { "blocking": 1, "custom_model_data":94}, "model": "new_shield/94_blocking"},
		{"predicate": { "blocking": 0, "custom_model_data":95}, "model": "new_shield/95"},
		{"predicate": { "blocking": 1, "custom_model_data":95}, "model": "new_shield/95_blocking"},
		{"predicate": { "blocking": 0, "custom_model_data":96}, "model": "new_shield/96"},
		{"predicate": { "blocking": 1, "custom_model_data":96}, "model": "new_shield/96_blocking"},
		{"predicate": { "blocking": 0, "custom_model_data":97}, "model": "new_shield/97"},
		{"predicate": { "blocking": 1, "custom_model_data":97}, "model": "new_shield/97_blocking"},
		{"predicate": { "blocking": 0, "custom_model_data":98}, "model": "new_shield/98"},
		{"predicate": { "blocking": 1, "custom_model_data":98}, "model": "new_shield/98_blocking"},
		{"predicate": { "blocking": 0, "custom_model_data":99}, "model": "new_shield/99"},
		{"predicate": { "blocking": 1, "custom_model_data":99}, "model": "new_shield/99_blocking"},
		{"predicate": { "blocking": 0, "custom_model_data":100}, "model": "new_shield/100"},
		{"predicate": { "blocking": 1, "custom_model_data":100}, "model": "new_shield/100_blocking"},
		{"predicate": { "blocking": 0, "custom_model_data":101}, "model": "new_shield/101"},
		{"predicate": { "blocking": 1, "custom_model_data":101}, "model": "new_shield/101_blocking"},
		{"predicate": { "blocking": 0, "custom_model_data":102}, "model": "new_shield/102"},
		{"predicate": { "blocking": 1, "custom_model_data":102}, "model": "new_shield/102_blocking"},
		{"predicate": { "blocking": 0, "custom_model_data":103}, "model": "new_shield/103"},
		{"predicate": { "blocking": 1, "custom_model_data":103}, "model": "new_shield/103_blocking"},
		{"predicate": { "blocking": 0, "custom_model_data":104}, "model": "new_shield/104"},
		{"predicate": { "blocking": 1, "custom_model_data":104}, "model": "new_shield/104_blocking"},
		{"predicate": { "blocking": 0, "custom_model_data":105}, "model": "new_shield/105"},
		{"predicate": { "blocking": 1, "custom_model_data":105}, "model": "new_shield/105_blocking"},
		{"predicate": { "blocking": 0, "custom_model_data":106}, "model": "new_shield/106"},
		{"predicate": { "blocking": 1, "custom_model_data":106}, "model": "new_shield/106_blocking"},
		{"predicate": { "blocking": 0, "custom_model_data":107}, "model": "new_shield/107"},
		{"predicate": { "blocking": 1, "custom_model_data":107}, "model": "new_shield/107_blocking"},
		{"predicate": { "blocking": 0, "custom_model_data":108}, "model": "new_shield/108"},
		{"predicate": { "blocking": 1, "custom_model_data":108}, "model": "new_shield/108_blocking"},
		{"predicate": { "blocking": 0, "custom_model_data":109}, "model": "new_shield/109"},
		{"predicate": { "blocking": 1, "custom_model_data":109}, "model": "new_shield/109_blocking"},
		{"predicate": { "blocking": 0, "custom_model_data":110}, "model": "new_shield/110"},
		{"predicate": { "blocking": 1, "custom_model_data":110}, "model": "new_shield/110_blocking"},
		{"predicate": { "blocking": 0, "custom_model_data":111}, "model": "new_shield/111"},
		{"predicate": { "blocking": 1, "custom_model_data":111}, "model": "new_shield/111_blocking"},
		{"predicate": { "blocking": 0, "custom_model_data":112}, "model": "new_shield/112"},
		{"predicate": { "blocking": 1, "custom_model_data":112}, "model": "new_shield/112_blocking"},
		{"predicate": { "blocking": 0, "custom_model_data":113}, "model": "new_shield/113"},
		{"predicate": { "blocking": 1, "custom_model_data":113}, "model": "new_shield/113_blocking"},
		{"predicate": { "blocking": 0, "custom_model_data":114}, "model": "new_shield/114"},
		{"predicate": { "blocking": 1, "custom_model_data":114}, "model": "new_shield/114_blocking"},
		{"predicate": { "blocking": 0, "custom_model_data":115}, "model": "new_shield/115"},
		{"predicate": { "blocking": 1, "custom_model_data":115}, "model": "new_shield/115_blocking"},
		{"predicate": { "blocking": 0, "custom_model_data":116}, "model": "new_shield/116"},
		{"predicate": { "blocking": 1, "custom_model_data":116}, "model": "new_shield/116_blocking"},
		{"predicate": { "blocking": 0, "custom_model_data":117}, "model": "new_shield/117"},
		{"predicate": { "blocking": 1, "custom_model_data":117}, "model": "new_shield/117_blocking"},
		{"predicate": { "blocking": 0, "custom_model_data":118}, "model": "new_shield/118"},
		{"predicate": { "blocking": 1, "custom_model_data":118}, "model": "new_shield/118_blocking"},
		{"predicate": { "blocking": 0, "custom_model_data":119}, "model": "new_shield/119"},
		{"predicate": { "blocking": 1, "custom_model_data":119}, "model": "new_shield/119_blocking"},
		{"predicate": { "blocking": 0, "custom_model_data":120}, "model": "new_shield/120"},
		{"predicate": { "blocking": 1, "custom_model_data":120}, "model": "new_shield/120_blocking"},
		{"predicate": { "blocking": 0, "custom_model_data":121}, "model": "new_shield/121"},
		{"predicate": { "blocking": 1, "custom_model_data":121}, "model": "new_shield/121_blocking"},
		{"predicate": { "blocking": 0, "custom_model_data":122}, "model": "new_shield/122"},
		{"predicate": { "blocking": 1, "custom_model_data":122}, "model": "new_shield/122_blocking"},
		{"predicate": { "blocking": 0, "custom_model_data":123}, "model": "new_shield/123"},
		{"predicate": { "blocking": 1, "custom_model_data":123}, "model": "new_shield/123_blocking"},
		{"predicate": { "blocking": 0, "custom_model_data":124}, "model": "new_shield/124"},
		{"predicate": { "blocking": 1, "custom_model_data":124}, "model": "new_shield/124_blocking"},
		{"predicate": { "blocking": 0, "custom_model_data":125}, "model": "new_shield/125"},
		{"predicate": { "blocking": 1, "custom_model_data":125}, "model": "new_shield/125_blocking"},
		{"predicate": { "blocking": 0, "custom_model_data":126}, "model": "new_shield/126"},
		{"predicate": { "blocking": 1, "custom_model_data":126}, "model": "new_shield/126_blocking"},
		{"predicate": { "blocking": 0, "custom_model_data":127}, "model": "new_shield/127"},
		{"predicate": { "blocking": 1, "custom_model_data":127}, "model": "new_shield/127_blocking"},
		{"predicate": { "blocking": 0, "custom_model_data":128}, "model": "new_shield/128"},
		{"predicate": { "blocking": 1, "custom_model_data":128}, "model": "new_shield/128_blocking"},
		{"predicate": { "blocking": 0, "custom_model_data":129}, "model": "new_shield/129"},
		{"predicate": { "blocking": 1, "custom_model_data":129}, "model": "new_shield/129_blocking"},
		{"predicate": { "blocking": 0, "custom_model_data":130}, "model": "new_shield/130"},
		{"predicate": { "blocking": 1, "custom_model_data":130}, "model": "new_shield/130_blocking"},
		{"predicate": { "blocking": 0, "custom_model_data":131}, "model": "new_shield/131"},
		{"predicate": { "blocking": 1, "custom_model_data":131}, "model": "new_shield/131_blocking"},
		{"predicate": { "blocking": 0, "custom_model_data":132}, "model": "new_shield/132"},
		{"predicate": { "blocking": 1, "custom_model_data":132}, "model": "new_shield/132_blocking"},
		{"predicate": { "blocking": 0, "custom_model_data":133}, "model": "new_shield/133"},
		{"predicate": { "blocking": 1, "custom_model_data":133}, "model": "new_shield/133_blocking"},
		{"predicate": { "blocking": 0, "custom_model_data":134}, "model": "new_shield/134"},
		{"predicate": { "blocking": 1, "custom_model_data":134}, "model": "new_shield/134_blocking"},
		{"predicate": { "blocking": 0, "custom_model_data":135}, "model": "new_shield/135"},
		{"predicate": { "blocking": 1, "custom_model_data":135}, "model": "new_shield/135_blocking"},
		{"predicate": { "blocking": 0, "custom_model_data":136}, "model": "new_shield/136"},
		{"predicate": { "blocking": 1, "custom_model_data":136}, "model": "new_shield/136_blocking"},
		{"predicate": { "blocking": 0, "custom_model_data":137}, "model": "new_shield/137"},
		{"predicate": { "blocking": 1, "custom_model_data":137}, "model": "new_shield/137_blocking"},
		{"predicate": { "blocking": 0, "custom_model_data":138}, "model": "new_shield/138"},
		{"predicate": { "blocking": 1, "custom_model_data":138}, "model": "new_shield/138_blocking"},
		{"predicate": { "blocking": 0, "custom_model_data":139}, "model": "new_shield/139"},
		{"predicate": { "blocking": 1, "custom_model_data":139}, "model": "new_shield/139_blocking"},
		{"predicate": { "blocking": 0, "custom_model_data":140}, "model": "new_shield/140"},
		{"predicate": { "blocking": 1, "custom_model_data":140}, "model": "new_shield/140_blocking"},
		{"predicate": { "blocking": 0, "custom_model_data":141}, "model": "new_shield/141"},
		{"predicate": { "blocking": 1, "custom_model_data":141}, "model": "new_shield/141_blocking"},
		{"predicate": { "blocking": 0, "custom_model_data":142}, "model": "new_shield/142"},
		{"predicate": { "blocking": 1, "custom_model_data":142}, "model": "new_shield/142_blocking"},
		{"predicate": { "blocking": 0, "custom_model_data":143}, "model": "new_shield/143"},
		{"predicate": { "blocking": 1, "custom_model_data":143}, "model": "new_shield/143_blocking"},
		{"predicate": { "blocking": 0, "custom_model_data":144}, "model": "new_shield/144"},
		{"predicate": { "blocking": 1, "custom_model_data":144}, "model": "new_shield/144_blocking"},
		{"predicate": { "blocking": 0, "custom_model_data":145}, "model": "new_shield/145"},
		{"predicate": { "blocking": 1, "custom_model_data":145}, "model": "new_shield/145_blocking"},
		{"predicate": { "blocking": 0, "custom_model_data":146}, "model": "new_shield/146"},
		{"predicate": { "blocking": 1, "custom_model_data":146}, "model": "new_shield/146_blocking"},
		{"predicate": { "blocking": 0, "custom_model_data":147}, "model": "new_shield/147"},
		{"predicate": { "blocking": 1, "custom_model_data":147}, "model": "new_shield/147_blocking"},
		{"predicate": { "blocking": 0, "custom_model_data":148}, "model": "new_shield/148"},
		{"predicate": { "blocking": 1, "custom_model_data":148}, "model": "new_shield/148_blocking"},
		{"predicate": { "blocking": 0, "custom_model_data":149}, "model": "new_shield/149"},
		{"predicate": { "blocking": 1, "custom_model_data":149}, "model": "new_shield/149_blocking"},
		{"predicate": { "blocking": 0, "custom_model_data":150}, "model": "new_shield/150"},
		{"predicate": { "blocking": 1, "custom_model_data":150}, "model": "new_shield/150_blocking"},
		{"predicate": { "blocking": 0, "custom_model_data":151}, "model": "new_shield/151"},
		{"predicate": { "blocking": 1, "custom_model_data":151}, "model": "new_shield/151_blocking"},
		{"predicate": { "blocking": 0, "custom_model_data":152}, "model": "new_shield/152"},
		{"predicate": { "blocking": 1, "custom_model_data":152}, "model": "new_shield/152_blocking"},
		{"predicate": { "blocking": 0, "custom_model_data":153}, "model": "new_shield/153"},
		{"predicate": { "blocking": 1, "custom_model_data":153}, "model": "new_shield/153_blocking"},
		{"predicate": { "blocking": 0, "custom_model_data":154}, "model": "new_shield/154"},
		{"predicate": { "blocking": 1, "custom_model_data":154}, "model": "new_shield/154_blocking"},
		{"predicate": { "blocking": 0, "custom_model_data":155}, "model": "new_shield/155"},
		{"predicate": { "blocking": 1, "custom_model_data":155}, "model": "new_shield/155_blocking"},
		{"predicate": { "blocking": 0, "custom_model_data":156}, "model": "new_shield/156"},
		{"predicate": { "blocking": 1, "custom_model_data":156}, "model": "new_shield/156_blocking"},
		{"predicate": { "blocking": 0, "custom_model_data":157}, "model": "new_shield/157"},
		{"predicate": { "blocking": 1, "custom_model_data":157}, "model": "new_shield/157_blocking"},
		{"predicate": { "blocking": 0, "custom_model_data":158}, "model": "new_shield/158"},
		{"predicate": { "blocking": 1, "custom_model_data":158}, "model": "new_shield/158_blocking"},
		{"predicate": { "blocking": 0, "custom_model_data":159}, "model": "new_shield/159"},
		{"predicate": { "blocking": 1, "custom_model_data":159}, "model": "new_shield/159_blocking"},
		{"predicate": { "blocking": 0, "custom_model_data":160}, "model": "new_shield/160"},
		{"predicate": { "blocking": 1, "custom_model_data":160}, "model": "new_shield/160_blocking"},
		{"predicate": { "blocking": 0, "custom_model_data":161}, "model": "new_shield/161"},
		{"predicate": { "blocking": 1, "custom_model_data":161}, "model": "new_shield/161_blocking"},
		{"predicate": { "blocking": 0, "custom_model_data":162}, "model": "new_shield/162"},
		{"predicate": { "blocking": 1, "custom_model_data":162}, "model": "new_shield/162_blocking"},
		{"predicate": { "blocking": 0, "custom_model_data":163}, "model": "new_shield/163"},
		{"predicate": { "blocking": 1, "custom_model_data":163}, "model": "new_shield/163_blocking"},
		{"predicate": { "blocking": 0, "custom_model_data":164}, "model": "new_shield/164"},
		{"predicate": { "blocking": 1, "custom_model_data":164}, "model": "new_shield/164_blocking"},
		{"predicate": { "blocking": 0, "custom_model_data":165}, "model": "new_shield/165"},
		{"predicate": { "blocking": 1, "custom_model_data":165}, "model": "new_shield/165_blocking"},
		{"predicate": { "blocking": 0, "custom_model_data":166}, "model": "new_shield/166"},
		{"predicate": { "blocking": 1, "custom_model_data":166}, "model": "new_shield/166_blocking"},
		{"predicate": { "blocking": 0, "custom_model_data":167}, "model": "new_shield/167"},
		{"predicate": { "blocking": 1, "custom_model_data":167}, "model": "new_shield/167_blocking"},
		{"predicate": { "blocking": 0, "custom_model_data":168}, "model": "new_shield/168"},
		{"predicate": { "blocking": 1, "custom_model_data":168}, "model": "new_shield/168_blocking"},
		{"predicate": { "blocking": 0, "custom_model_data":169}, "model": "new_shield/169"},
		{"predicate": { "blocking": 1, "custom_model_data":169}, "model": "new_shield/169_blocking"},
		{"predicate": { "blocking": 0, "custom_model_data":170}, "model": "new_shield/170"},
		{"predicate": { "blocking": 1, "custom_model_data":170}, "model": "new_shield/170_blocking"},
		{"predicate": { "blocking": 0, "custom_model_data":171}, "model": "new_shield/171"},
		{"predicate": { "blocking": 1, "custom_model_data":171}, "model": "new_shield/171_blocking"},
		{"predicate": { "blocking": 0, "custom_model_data":172}, "model": "new_shield/172"},
		{"predicate": { "blocking": 1, "custom_model_data":172}, "model": "new_shield/172_blocking"},
		{"predicate": { "blocking": 0, "custom_model_data":173}, "model": "new_shield/173"},
		{"predicate": { "blocking": 1, "custom_model_data":173}, "model": "new_shield/173_blocking"},
		{"predicate": { "blocking": 0, "custom_model_data":174}, "model": "new_shield/174"},
		{"predicate": { "blocking": 1, "custom_model_data":174}, "model": "new_shield/174_blocking"},
		{"predicate": { "blocking": 0, "custom_model_data":175}, "model": "new_shield/175"},
		{"predicate": { "blocking": 1, "custom_model_data":175}, "model": "new_shield/175_blocking"},
		{"predicate": { "blocking": 0, "custom_model_data":176}, "model": "new_shield/176"},
		{"predicate": { "blocking": 1, "custom_model_data":176}, "model": "new_shield/176_blocking"},
		{"predicate": { "blocking": 0, "custom_model_data":177}, "model": "new_shield/177"},
		{"predicate": { "blocking": 1, "custom_model_data":177}, "model": "new_shield/177_blocking"},
		{"predicate": { "blocking": 0, "custom_model_data":178}, "model": "new_shield/178"},
		{"predicate": { "blocking": 1, "custom_model_data":178}, "model": "new_shield/178_blocking"},
		{"predicate": { "blocking": 0, "custom_model_data":179}, "model": "new_shield/179"},
		{"predicate": { "blocking": 1, "custom_model_data":179}, "model": "new_shield/179_blocking"},
		{"predicate": { "blocking": 0, "custom_model_data":180}, "model": "new_shield/180"},
		{"predicate": { "blocking": 1, "custom_model_data":180}, "model": "new_shield/180_blocking"},
		{"predicate": { "blocking": 0, "custom_model_data":181}, "model": "new_shield/181"},
		{"predicate": { "blocking": 1, "custom_model_data":181}, "model": "new_shield/181_blocking"},
		{"predicate": { "blocking": 0, "custom_model_data":182}, "model": "new_shield/182"},
		{"predicate": { "blocking": 1, "custom_model_data":182}, "model": "new_shield/182_blocking"},
		{"predicate": { "blocking": 0, "custom_model_data":183}, "model": "new_shield/183"},
		{"predicate": { "blocking": 1, "custom_model_data":183}, "model": "new_shield/183_blocking"},
		{"predicate": { "blocking": 0, "custom_model_data":184}, "model": "new_shield/184"},
		{"predicate": { "blocking": 1, "custom_model_data":184}, "model": "new_shield/184_blocking"},
		{"predicate": { "blocking": 0, "custom_model_data":185}, "model": "new_shield/185"},
		{"predicate": { "blocking": 1, "custom_model_data":185}, "model": "new_shield/185_blocking"},
		{"predicate": { "blocking": 0, "custom_model_data":186}, "model": "new_shield/186"},
		{"predicate": { "blocking": 1, "custom_model_data":186}, "model": "new_shield/186_blocking"},
		{"predicate": { "blocking": 0, "custom_model_data":187}, "model": "new_shield/187"},
		{"predicate": { "blocking": 1, "custom_model_data":187}, "model": "new_shield/187_blocking"},
		{"predicate": { "blocking": 0, "custom_model_data":188}, "model": "new_shield/188"},
		{"predicate": { "blocking": 1, "custom_model_data":188}, "model": "new_shield/188_blocking"},
		{"predicate": { "blocking": 0, "custom_model_data":189}, "model": "new_shield/189"},
		{"predicate": { "blocking": 1, "custom_model_data":189}, "model": "new_shield/189_blocking"},
		{"predicate": { "blocking": 0, "custom_model_data":190}, "model": "new_shield/190"},
		{"predicate": { "blocking": 1, "custom_model_data":190}, "model": "new_shield/190_blocking"},
		{"predicate": { "blocking": 0, "custom_model_data":191}, "model": "new_shield/191"},
		{"predicate": { "blocking": 1, "custom_model_data":191}, "model": "new_shield/191_blocking"},
		{"predicate": { "blocking": 0, "custom_model_data":192}, "model": "new_shield/192"},
		{"predicate": { "blocking": 1, "custom_model_data":192}, "model": "new_shield/192_blocking"},
		{"predicate": { "blocking": 0, "custom_model_data":193}, "model": "new_shield/193"},
		{"predicate": { "blocking": 1, "custom_model_data":193}, "model": "new_shield/193_blocking"},
		{"predicate": { "blocking": 0, "custom_model_data":194}, "model": "new_shield/194"},
		{"predicate": { "blocking": 1, "custom_model_data":194}, "model": "new_shield/194_blocking"},
		{"predicate": { "blocking": 0, "custom_model_data":195}, "model": "new_shield/195"},
		{"predicate": { "blocking": 1, "custom_model_data":195}, "model": "new_shield/195_blocking"},
		{"predicate": { "blocking": 0, "custom_model_data":196}, "model": "new_shield/196"},
		{"predicate": { "blocking": 1, "custom_model_data":196}, "model": "new_shield/196_blocking"},
		{"predicate": { "blocking": 0, "custom_model_data":197}, "model": "new_shield/197"},
		{"predicate": { "blocking": 1, "custom_model_data":197}, "model": "new_shield/197_blocking"},
		{"predicate": { "blocking": 0, "custom_model_data":198}, "model": "new_shield/198"},
		{"predicate": { "blocking": 1, "custom_model_data":198}, "model": "new_shield/198_blocking"},
		{"predicate": { "blocking": 0, "custom_model_data":199}, "model": "new_shield/199"},
		{"predicate": { "blocking": 1, "custom_model_data":199}, "model": "new_shield/199_blocking"},
		{"predicate": { "blocking": 0, "custom_model_data":200}, "model": "new_shield/200"},
		{"predicate": { "blocking": 1, "custom_model_data":200}, "model": "new_shield/200_blocking"},
		{"predicate": { "blocking": 0, "custom_model_data":201}, "model": "new_shield/201"},
		{"predicate": { "blocking": 1, "custom_model_data":201}, "model": "new_shield/201_blocking"},
		{"predicate": { "blocking": 0, "custom_model_data":202}, "model": "new_shield/202"},
		{"predicate": { "blocking": 1, "custom_model_data":202}, "model": "new_shield/202_blocking"},
		{"predicate": { "blocking": 0, "custom_model_data":203}, "model": "new_shield/203"},
		{"predicate": { "blocking": 1, "custom_model_data":203}, "model": "new_shield/203_blocking"},
		{"predicate": { "blocking": 0, "custom_model_data":204}, "model": "new_shield/204"},
		{"predicate": { "blocking": 1, "custom_model_data":204}, "model": "new_shield/204_blocking"},
		{"predicate": { "blocking": 0, "custom_model_data":205}, "model": "new_shield/205"},
		{"predicate": { "blocking": 1, "custom_model_data":205}, "model": "new_shield/205_blocking"},
		{"predicate": { "blocking": 0, "custom_model_data":206}, "model": "new_shield/206"},
		{"predicate": { "blocking": 1, "custom_model_data":206}, "model": "new_shield/206_blocking"},
		{"predicate": { "blocking": 0, "custom_model_data":207}, "model": "new_shield/207"},
		{"predicate": { "blocking": 1, "custom_model_data":207}, "model": "new_shield/207_blocking"},
		{"predicate": { "blocking": 0, "custom_model_data":208}, "model": "new_shield/208"},
		{"predicate": { "blocking": 1, "custom_model_data":208}, "model": "new_shield/208_blocking"},
		{"predicate": { "blocking": 0, "custom_model_data":209}, "model": "new_shield/209"},
		{"predicate": { "blocking": 1, "custom_model_data":209}, "model": "new_shield/209_blocking"},
		{"predicate": { "blocking": 0, "custom_model_data":210}, "model": "new_shield/210"},
		{"predicate": { "blocking": 1, "custom_model_data":210}, "model": "new_shield/210_blocking"},
		{"predicate": { "blocking": 0, "custom_model_data":211}, "model": "new_shield/211"},
		{"predicate": { "blocking": 1, "custom_model_data":211}, "model": "new_shield/211_blocking"},
		{"predicate": { "blocking": 0, "custom_model_data":212}, "model": "new_shield/212"},
		{"predicate": { "blocking": 1, "custom_model_data":212}, "model": "new_shield/212_blocking"},
		{"predicate": { "blocking": 0, "custom_model_data":213}, "model": "new_shield/213"},
		{"predicate": { "blocking": 1, "custom_model_data":213}, "model": "new_shield/213_blocking"},
		{"predicate": { "blocking": 0, "custom_model_data":214}, "model": "new_shield/214"},
		{"predicate": { "blocking": 1, "custom_model_data":214}, "model": "new_shield/214_blocking"},
		{"predicate": { "blocking": 0, "custom_model_data":215}, "model": "new_shield/215"},
		{"predicate": { "blocking": 1, "custom_model_data":215}, "model": "new_shield/215_blocking"},
		{"predicate": { "blocking": 0, "custom_model_data":216}, "model": "new_shield/216"},
		{"predicate": { "blocking": 1, "custom_model_data":216}, "model": "new_shield/216_blocking"},
		{"predicate": { "blocking": 0, "custom_model_data":217}, "model": "new_shield/217"},
		{"predicate": { "blocking": 1, "custom_model_data":217}, "model": "new_shield/217_blocking"},
		{"predicate": { "blocking": 0, "custom_model_data":218}, "model": "new_shield/218"},
		{"predicate": { "blocking": 1, "custom_model_data":218}, "model": "new_shield/218_blocking"},
		{"predicate": { "blocking": 0, "custom_model_data":219}, "model": "new_shield/219"},
		{"predicate": { "blocking": 1, "custom_model_data":219}, "model": "new_shield/219_blocking"},
		{"predicate": { "blocking": 0, "custom_model_data":220}, "model": "new_shield/220"},
		{"predicate": { "blocking": 1, "custom_model_data":220}, "model": "new_shield/220_blocking"},
		{"predicate": { "blocking": 0, "custom_model_data":221}, "model": "new_shield/221"},
		{"predicate": { "blocking": 1, "custom_model_data":221}, "model": "new_shield/221_blocking"},
		{"predicate": { "blocking": 0, "custom_model_data":222}, "model": "new_shield/222"},
		{"predicate": { "blocking": 1, "custom_model_data":222}, "model": "new_shield/222_blocking"},
		{"predicate": { "blocking": 0, "custom_model_data":223}, "model": "new_shield/223"},
		{"predicate": { "blocking": 1, "custom_model_data":223}, "model": "new_shield/223_blocking"},
		{"predicate": { "blocking": 0, "custom_model_data":224}, "model": "new_shield/224"},
		{"predicate": { "blocking": 1, "custom_model_data":224}, "model": "new_shield/224_blocking"},
		{"predicate": { "blocking": 0, "custom_model_data":225}, "model": "new_shield/225"},
		{"predicate": { "blocking": 1, "custom_model_data":225}, "model": "new_shield/225_blocking"},
		{"predicate": { "blocking": 0, "custom_model_data":226}, "model": "new_shield/226"},
		{"predicate": { "blocking": 1, "custom_model_data":226}, "model": "new_shield/226_blocking"},
		{"predicate": { "blocking": 0, "custom_model_data":227}, "model": "new_shield/227"},
		{"predicate": { "blocking": 1, "custom_model_data":227}, "model": "new_shield/227_blocking"},
		{"predicate": { "blocking": 0, "custom_model_data":228}, "model": "new_shield/228"},
		{"predicate": { "blocking": 1, "custom_model_data":228}, "model": "new_shield/228_blocking"},
		{"predicate": { "blocking": 0, "custom_model_data":229}, "model": "new_shield/229"},
		{"predicate": { "blocking": 1, "custom_model_data":229}, "model": "new_shield/229_blocking"},
		{"predicate": { "blocking": 0, "custom_model_data":230}, "model": "new_shield/230"},
		{"predicate": { "blocking": 1, "custom_model_data":230}, "model": "new_shield/230_blocking"},
		{"predicate": { "blocking": 0, "custom_model_data":231}, "model": "new_shield/231"},
		{"predicate": { "blocking": 1, "custom_model_data":231}, "model": "new_shield/231_blocking"},
		{"predicate": { "blocking": 0, "custom_model_data":232}, "model": "new_shield/232"},
		{"predicate": { "blocking": 1, "custom_model_data":232}, "model": "new_shield/232_blocking"},
		{"predicate": { "blocking": 0, "custom_model_data":233}, "model": "new_shield/233"},
		{"predicate": { "blocking": 1, "custom_model_data":233}, "model": "new_shield/233_blocking"},
		{"predicate": { "blocking": 0, "custom_model_data":234}, "model": "new_shield/234"},
		{"predicate": { "blocking": 1, "custom_model_data":234}, "model": "new_shield/234_blocking"},
		{"predicate": { "blocking": 0, "custom_model_data":235}, "model": "new_shield/235"},
		{"predicate": { "blocking": 1, "custom_model_data":235}, "model": "new_shield/235_blocking"},
		{"predicate": { "blocking": 0, "custom_model_data":236}, "model": "new_shield/236"},
		{"predicate": { "blocking": 1, "custom_model_data":236}, "model": "new_shield/236_blocking"},
		{"predicate": { "blocking": 0, "custom_model_data":237}, "model": "new_shield/237"},
		{"predicate": { "blocking": 1, "custom_model_data":237}, "model": "new_shield/237_blocking"},
		{"predicate": { "blocking": 0, "custom_model_data":238}, "model": "new_shield/238"},
		{"predicate": { "blocking": 1, "custom_model_data":238}, "model": "new_shield/238_blocking"},
		{"predicate": { "blocking": 0, "custom_model_data":239}, "model": "new_shield/239"},
		{"predicate": { "blocking": 1, "custom_model_data":239}, "model": "new_shield/239_blocking"},
		{"predicate": { "blocking": 0, "custom_model_data":240}, "model": "new_shield/240"},
		{"predicate": { "blocking": 1, "custom_model_data":240}, "model": "new_shield/240_blocking"},
		{"predicate": { "blocking": 0, "custom_model_data":241}, "model": "new_shield/241"},
		{"predicate": { "blocking": 1, "custom_model_data":241}, "model": "new_shield/241_blocking"},
		{"predicate": { "blocking": 0, "custom_model_data":242}, "model": "new_shield/242"},
		{"predicate": { "blocking": 1, "custom_model_data":242}, "model": "new_shield/242_blocking"},
		{"predicate": { "blocking": 0, "custom_model_data":243}, "model": "new_shield/243"},
		{"predicate": { "blocking": 1, "custom_model_data":243}, "model": "new_shield/243_blocking"},
		{"predicate": { "blocking": 0, "custom_model_data":244}, "model": "new_shield/244"},
		{"predicate": { "blocking": 1, "custom_model_data":244}, "model": "new_shield/244_blocking"},
		{"predicate": { "blocking": 0, "custom_model_data":245}, "model": "new_shield/245"},
		{"predicate": { "blocking": 1, "custom_model_data":245}, "model": "new_shield/245_blocking"},
		{"predicate": { "blocking": 0, "custom_model_data":246}, "model": "new_shield/246"},
		{"predicate": { "blocking": 1, "custom_model_data":246}, "model": "new_shield/246_blocking"},
		{"predicate": { "blocking": 0, "custom_model_data":247}, "model": "new_shield/247"},
		{"predicate": { "blocking": 1, "custom_model_data":247}, "model": "new_shield/247_blocking"},
		{"predicate": { "blocking": 0, "custom_model_data":248}, "model": "new_shield/248"},
		{"predicate": { "blocking": 1, "custom_model_data":248}, "model": "new_shield/248_blocking"},
		{"predicate": { "blocking": 0, "custom_model_data":249}, "model": "new_shield/249"},
		{"predicate": { "blocking": 1, "custom_model_data":249}, "model": "new_shield/249_blocking"},
		{"predicate": { "blocking": 0, "custom_model_data":250}, "model": "new_shield/250"},
		{"predicate": { "blocking": 1, "custom_model_data":250}, "model": "new_shield/250_blocking"},
		{"predicate": { "blocking": 0, "custom_model_data":251}, "model": "new_shield/251"},
		{"predicate": { "blocking": 1, "custom_model_data":251}, "model": "new_shield/251_blocking"},
		{"predicate": { "blocking": 0, "custom_model_data":252}, "model": "new_shield/252"},
		{"predicate": { "blocking": 1, "custom_model_data":252}, "model": "new_shield/252_blocking"},
		{"predicate": { "blocking": 0, "custom_model_data":253}, "model": "new_shield/253"},
		{"predicate": { "blocking": 1, "custom_model_data":253}, "model": "new_shield/253_blocking"},
		{"predicate": { "blocking": 0, "custom_model_data":254}, "model": "new_shield/254"},
		{"predicate": { "blocking": 1, "custom_model_data":254}, "model": "new_shield/254_blocking"},
		{"predicate": { "blocking": 0, "custom_model_data":255}, "model": "new_shield/255"},
		{"predicate": { "blocking": 1, "custom_model_data":255}, "model": "new_shield/255_blocking"},
		{"predicate": { "blocking": 0, "custom_model_data":256}, "model": "new_shield/256"},
		{"predicate": { "blocking": 1, "custom_model_data":256}, "model": "new_shield/256_blocking"},
		{"predicate": { "blocking": 0, "custom_model_data":257}, "model": "new_shield/257"},
		{"predicate": { "blocking": 1, "custom_model_data":257}, "model": "new_shield/257_blocking"},
		{"predicate": { "blocking": 0, "custom_model_data":258}, "model": "new_shield/258"},
		{"predicate": { "blocking": 1, "custom_model_data":258}, "model": "new_shield/258_blocking"},
		{"predicate": { "blocking": 0, "custom_model_data":259}, "model": "new_shield/259"},
		{"predicate": { "blocking": 1, "custom_model_data":259}, "model": "new_shield/259_blocking"},
		{"predicate": { "blocking": 0, "custom_model_data":260}, "model": "new_shield/260"},
		{"predicate": { "blocking": 1, "custom_model_data":260}, "model": "new_shield/260_blocking"},
		{"predicate": { "blocking": 0, "custom_model_data":261}, "model": "new_shield/261"},
		{"predicate": { "blocking": 1, "custom_model_data":261}, "model": "new_shield/261_blocking"},
		{"predicate": { "blocking": 0, "custom_model_data":262}, "model": "new_shield/262"},
		{"predicate": { "blocking": 1, "custom_model_data":262}, "model": "new_shield/262_blocking"},
		{"predicate": { "blocking": 0, "custom_model_data":263}, "model": "new_shield/263"},
		{"predicate": { "blocking": 1, "custom_model_data":263}, "model": "new_shield/263_blocking"},
		{"predicate": { "blocking": 0, "custom_model_data":264}, "model": "new_shield/264"},
		{"predicate": { "blocking": 1, "custom_model_data":264}, "model": "new_shield/264_blocking"},
		{"predicate": { "blocking": 0, "custom_model_data":265}, "model": "new_shield/265"},
		{"predicate": { "blocking": 1, "custom_model_data":265}, "model": "new_shield/265_blocking"},
		{"predicate": { "blocking": 0, "custom_model_data":266}, "model": "new_shield/266"},
		{"predicate": { "blocking": 1, "custom_model_data":266}, "model": "new_shield/266_blocking"},
		{"predicate": { "blocking": 0, "custom_model_data":267}, "model": "new_shield/267"},
		{"predicate": { "blocking": 1, "custom_model_data":267}, "model": "new_shield/267_blocking"},
		{"predicate": { "blocking": 0, "custom_model_data":268}, "model": "new_shield/268"},
		{"predicate": { "blocking": 1, "custom_model_data":268}, "model": "new_shield/268_blocking"},
		{"predicate": { "blocking": 0, "custom_model_data":269}, "model": "new_shield/269"},
		{"predicate": { "blocking": 1, "custom_model_data":269}, "model": "new_shield/269_blocking"},
		{"predicate": { "blocking": 0, "custom_model_data":270}, "model": "new_shield/270"},
		{"predicate": { "blocking": 1, "custom_model_data":270}, "model": "new_shield/270_blocking"},
		{"predicate": { "blocking": 0, "custom_model_data":271}, "model": "new_shield/271"},
		{"predicate": { "blocking": 1, "custom_model_data":271}, "model": "new_shield/271_blocking"},
		{"predicate": { "blocking": 0, "custom_model_data":272}, "model": "new_shield/272"},
		{"predicate": { "blocking": 1, "custom_model_data":272}, "model": "new_shield/272_blocking"},
		{"predicate": { "blocking": 0, "custom_model_data":273}, "model": "new_shield/273"},
		{"predicate": { "blocking": 1, "custom_model_data":273}, "model": "new_shield/273_blocking"},
		{"predicate": { "blocking": 0, "custom_model_data":274}, "model": "new_shield/274"},
		{"predicate": { "blocking": 1, "custom_model_data":274}, "model": "new_shield/274_blocking"},
		{"predicate": { "blocking": 0, "custom_model_data":275}, "model": "new_shield/275"},
		{"predicate": { "blocking": 1, "custom_model_data":275}, "model": "new_shield/275_blocking"},
		{"predicate": { "blocking": 0, "custom_model_data":276}, "model": "new_shield/276"},
		{"predicate": { "blocking": 1, "custom_model_data":276}, "model": "new_shield/276_blocking"},
		{"predicate": { "blocking": 0, "custom_model_data":277}, "model": "new_shield/277"},
		{"predicate": { "blocking": 1, "custom_model_data":277}, "model": "new_shield/277_blocking"},
		{"predicate": { "blocking": 0, "custom_model_data":278}, "model": "new_shield/278"},
		{"predicate": { "blocking": 1, "custom_model_data":278}, "model": "new_shield/278_blocking"},
		{"predicate": { "blocking": 0, "custom_model_data":279}, "model": "new_shield/279"},
		{"predicate": { "blocking": 1, "custom_model_data":279}, "model": "new_shield/279_blocking"},
		{"predicate": { "blocking": 0, "custom_model_data":280}, "model": "new_shield/280"},
		{"predicate": { "blocking": 1, "custom_model_data":280}, "model": "new_shield/280_blocking"},
		{"predicate": { "blocking": 0, "custom_model_data":281}, "model": "new_shield/281"},
		{"predicate": { "blocking": 1, "custom_model_data":281}, "model": "new_shield/281_blocking"},
		{"predicate": { "blocking": 0, "custom_model_data":282}, "model": "new_shield/282"},
		{"predicate": { "blocking": 1, "custom_model_data":282}, "model": "new_shield/282_blocking"},
		{"predicate": { "blocking": 0, "custom_model_data":283}, "model": "new_shield/283"},
		{"predicate": { "blocking": 1, "custom_model_data":283}, "model": "new_shield/283_blocking"},
		{"predicate": { "blocking": 0, "custom_model_data":284}, "model": "new_shield/284"},
		{"predicate": { "blocking": 1, "custom_model_data":284}, "model": "new_shield/284_blocking"},
		{"predicate": { "blocking": 0, "custom_model_data":285}, "model": "new_shield/285"},
		{"predicate": { "blocking": 1, "custom_model_data":285}, "model": "new_shield/285_blocking"},
		{"predicate": { "blocking": 0, "custom_model_data":286}, "model": "new_shield/286"},
		{"predicate": { "blocking": 1, "custom_model_data":286}, "model": "new_shield/286_blocking"},
		{"predicate": { "blocking": 0, "custom_model_data":287}, "model": "new_shield/287"},
		{"predicate": { "blocking": 1, "custom_model_data":287}, "model": "new_shield/287_blocking"},
		{"predicate": { "blocking": 0, "custom_model_data":288}, "model": "new_shield/288"},
		{"predicate": { "blocking": 1, "custom_model_data":288}, "model": "new_shield/288_blocking"},
		{"predicate": { "blocking": 0, "custom_model_data":289}, "model": "new_shield/289"},
		{"predicate": { "blocking": 1, "custom_model_data":289}, "model": "new_shield/289_blocking"},
		{"predicate": { "blocking": 0, "custom_model_data":290}, "model": "new_shield/290"},
		{"predicate": { "blocking": 1, "custom_model_data":290}, "model": "new_shield/290_blocking"},
		{"predicate": { "blocking": 0, "custom_model_data":291}, "model": "new_shield/291"},
		{"predicate": { "blocking": 1, "custom_model_data":291}, "model": "new_shield/291_blocking"},
		{"predicate": { "blocking": 0, "custom_model_data":292}, "model": "new_shield/292"},
		{"predicate": { "blocking": 1, "custom_model_data":292}, "model": "new_shield/292_blocking"},
		{"predicate": { "blocking": 0, "custom_model_data":293}, "model": "new_shield/293"},
		{"predicate": { "blocking": 1, "custom_model_data":293}, "model": "new_shield/293_blocking"},
		{"predicate": { "blocking": 0, "custom_model_data":294}, "model": "new_shield/294"},
		{"predicate": { "blocking": 1, "custom_model_data":294}, "model": "new_shield/294_blocking"},
		{"predicate": { "blocking": 0, "custom_model_data":295}, "model": "new_shield/295"},
		{"predicate": { "blocking": 1, "custom_model_data":295}, "model": "new_shield/295_blocking"},
		{"predicate": { "blocking": 0, "custom_model_data":296}, "model": "new_shield/296"},
		{"predicate": { "blocking": 1, "custom_model_data":296}, "model": "new_shield/296_blocking"},
		{"predicate": { "blocking": 0, "custom_model_data":297}, "model": "new_shield/297"},
		{"predicate": { "blocking": 1, "custom_model_data":297}, "model": "new_shield/297_blocking"},
		{"predicate": { "blocking": 0, "custom_model_data":298}, "model": "new_shield/298"},
		{"predicate": { "blocking": 1, "custom_model_data":298}, "model": "new_shield/298_blocking"},
		{"predicate": { "blocking": 0, "custom_model_data":299}, "model": "new_shield/299"},
		{"predicate": { "blocking": 1, "custom_model_data":299}, "model": "new_shield/299_blocking"},
		{"predicate": { "blocking": 0, "custom_model_data":300}, "model": "new_shield/300"},
		{"predicate": { "blocking": 1, "custom_model_data":300}, "model": "new_shield/300_blocking"},
		{"predicate": { "blocking": 0, "custom_model_data":301}, "model": "new_shield/301"},
		{"predicate": { "blocking": 1, "custom_model_data":301}, "model": "new_shield/301_blocking"},
		{"predicate": { "blocking": 0, "custom_model_data":302}, "model": "new_shield/302"},
		{"predicate": { "blocking": 1, "custom_model_data":302}, "model": "new_shield/302_blocking"},
		{"predicate": { "blocking": 0, "custom_model_data":303}, "model": "new_shield/303"},
		{"predicate": { "blocking": 1, "custom_model_data":303}, "model": "new_shield/303_blocking"},
		{"predicate": { "blocking": 0, "custom_model_data":304}, "model": "new_shield/304"},
		{"predicate": { "blocking": 1, "custom_model_data":304}, "model": "new_shield/304_blocking"},
		{"predicate": { "blocking": 0, "custom_model_data":305}, "model": "new_shield/305"},
		{"predicate": { "blocking": 1, "custom_model_data":305}, "model": "new_shield/305_blocking"},
		{"predicate": { "blocking": 0, "custom_model_data":306}, "model": "new_shield/306"},
		{"predicate": { "blocking": 1, "custom_model_data":306}, "model": "new_shield/306_blocking"},
		{"predicate": { "blocking": 0, "custom_model_data":307}, "model": "new_shield/307"},
		{"predicate": { "blocking": 1, "custom_model_data":307}, "model": "new_shield/307_blocking"},
		{"predicate": { "blocking": 0, "custom_model_data":308}, "model": "new_shield/308"},
		{"predicate": { "blocking": 1, "custom_model_data":308}, "model": "new_shield/308_blocking"},
		{"predicate": { "blocking": 0, "custom_model_data":309}, "model": "new_shield/309"},
		{"predicate": { "blocking": 1, "custom_model_data":309}, "model": "new_shield/309_blocking"},
		{"predicate": { "blocking": 0, "custom_model_data":310}, "model": "new_shield/310"},
		{"predicate": { "blocking": 1, "custom_model_data":310}, "model": "new_shield/310_blocking"},
		{"predicate": { "blocking": 0, "custom_model_data":311}, "model": "new_shield/311"},
		{"predicate": { "blocking": 1, "custom_model_data":311}, "model": "new_shield/311_blocking"},
		{"predicate": { "blocking": 0, "custom_model_data":312}, "model": "new_shield/312"},
		{"predicate": { "blocking": 1, "custom_model_data":312}, "model": "new_shield/312_blocking"},
		{"predicate": { "blocking": 0, "custom_model_data":313}, "model": "new_shield/313"},
		{"predicate": { "blocking": 1, "custom_model_data":313}, "model": "new_shield/313_blocking"},
		{"predicate": { "blocking": 0, "custom_model_data":314}, "model": "new_shield/314"},
		{"predicate": { "blocking": 1, "custom_model_data":314}, "model": "new_shield/314_blocking"},
		{"predicate": { "blocking": 0, "custom_model_data":315}, "model": "new_shield/315"},
		{"predicate": { "blocking": 1, "custom_model_data":315}, "model": "new_shield/315_blocking"},
		{"predicate": { "blocking": 0, "custom_model_data":316}, "model": "new_shield/316"},
		{"predicate": { "blocking": 1, "custom_model_data":316}, "model": "new_shield/316_blocking"},
		{"predicate": { "blocking": 0, "custom_model_data":317}, "model": "new_shield/317"},
		{"predicate": { "blocking": 1, "custom_model_data":317}, "model": "new_shield/317_blocking"},
		{"predicate": { "blocking": 0, "custom_model_data":318}, "model": "new_shield/318"},
		{"predicate": { "blocking": 1, "custom_model_data":318}, "model": "new_shield/318_blocking"},
		{"predicate": { "blocking": 0, "custom_model_data":319}, "model": "new_shield/319"},
		{"predicate": { "blocking": 1, "custom_model_data":319}, "model": "new_shield/319_blocking"},
		{"predicate": { "blocking": 0, "custom_model_data":320}, "model": "new_shield/320"},
		{"predicate": { "blocking": 1, "custom_model_data":320}, "model": "new_shield/320_blocking"},
		{"predicate": { "blocking": 0, "custom_model_data":321}, "model": "new_shield/321"},
		{"predicate": { "blocking": 1, "custom_model_data":321}, "model": "new_shield/321_blocking"},
		{"predicate": { "blocking": 0, "custom_model_data":322}, "model": "new_shield/322"},
		{"predicate": { "blocking": 1, "custom_model_data":322}, "model": "new_shield/322_blocking"},
		{"predicate": { "blocking": 0, "custom_model_data":323}, "model": "new_shield/323"},
		{"predicate": { "blocking": 1, "custom_model_data":323}, "model": "new_shield/323_blocking"},
		{"predicate": { "blocking": 0, "custom_model_data":324}, "model": "new_shield/324"},
		{"predicate": { "blocking": 1, "custom_model_data":324}, "model": "new_shield/324_blocking"},
		{"predicate": { "blocking": 0, "custom_model_data":325}, "model": "new_shield/325"},
		{"predicate": { "blocking": 1, "custom_model_data":325}, "model": "new_shield/325_blocking"},
		{"predicate": { "blocking": 0, "custom_model_data":326}, "model": "new_shield/326"},
		{"predicate": { "blocking": 1, "custom_model_data":326}, "model": "new_shield/326_blocking"},
		{"predicate": { "blocking": 0, "custom_model_data":327}, "model": "new_shield/327"},
		{"predicate": { "blocking": 1, "custom_model_data":327}, "model": "new_shield/327_blocking"},
		{"predicate": { "blocking": 0, "custom_model_data":328}, "model": "new_shield/328"},
		{"predicate": { "blocking": 1, "custom_model_data":328}, "model": "new_shield/328_blocking"},
		{"predicate": { "blocking": 0, "custom_model_data":329}, "model": "new_shield/329"},
		{"predicate": { "blocking": 1, "custom_model_data":329}, "model": "new_shield/329_blocking"},
		{"predicate": { "blocking": 0, "custom_model_data":330}, "model": "new_shield/330"},
		{"predicate": { "blocking": 1, "custom_model_data":330}, "model": "new_shield/330_blocking"},
		{"predicate": { "blocking": 0, "custom_model_data":331}, "model": "new_shield/331"},
		{"predicate": { "blocking": 1, "custom_model_data":331}, "model": "new_shield/331_blocking"},
		{"predicate": { "blocking": 0, "custom_model_data":332}, "model": "new_shield/332"},
		{"predicate": { "blocking": 1, "custom_model_data":332}, "model": "new_shield/332_blocking"},
		{"predicate": { "blocking": 0, "custom_model_data":333}, "model": "new_shield/333"},
		{"predicate": { "blocking": 1, "custom_model_data":333}, "model": "new_shield/333_blocking"},
		{"predicate": { "blocking": 0, "custom_model_data":334}, "model": "new_shield/334"},
		{"predicate": { "blocking": 1, "custom_model_data":334}, "model": "new_shield/334_blocking"},
		{"predicate": { "blocking": 0, "custom_model_data":335}, "model": "new_shield/335"},
		{"predicate": { "blocking": 1, "custom_model_data":335}, "model": "new_shield/335_blocking"},
		{"predicate": { "blocking": 0, "custom_model_data":336}, "model": "new_shield/336"},
		{"predicate": { "blocking": 1, "custom_model_data":336}, "model": "new_shield/336_blocking"},
		{"predicate": { "blocking": 0, "custom_model_data":337}, "model": "new_shield/337"},
		{"predicate": { "blocking": 1, "custom_model_data":337}, "model": "new_shield/337_blocking"},
		{"predicate": { "blocking": 0, "custom_model_data":338}, "model": "new_shield/338"},
		{"predicate": { "blocking": 1, "custom_model_data":338}, "model": "new_shield/338_blocking"},
		{"predicate": { "blocking": 0, "custom_model_data":339}, "model": "new_shield/339"},
		{"predicate": { "blocking": 1, "custom_model_data":339}, "model": "new_shield/339_blocking"},
		{"predicate": { "blocking": 0, "custom_model_data":340}, "model": "new_shield/340"},
		{"predicate": { "blocking": 1, "custom_model_data":340}, "model": "new_shield/340_blocking"},
		{"predicate": { "blocking": 0, "custom_model_data":341}, "model": "new_shield/341"},
		{"predicate": { "blocking": 1, "custom_model_data":341}, "model": "new_shield/341_blocking"},
		{"predicate": { "blocking": 0, "custom_model_data":342}, "model": "new_shield/342"},
		{"predicate": { "blocking": 1, "custom_model_data":342}, "model": "new_shield/342_blocking"},
		{"predicate": { "blocking": 0, "custom_model_data":343}, "model": "new_shield/343"},
		{"predicate": { "blocking": 1, "custom_model_data":343}, "model": "new_shield/343_blocking"},
		{"predicate": { "blocking": 0, "custom_model_data":344}, "model": "new_shield/344"},
		{"predicate": { "blocking": 1, "custom_model_data":344}, "model": "new_shield/344_blocking"},
		{"predicate": { "blocking": 0, "custom_model_data":345}, "model": "new_shield/345"},
		{"predicate": { "blocking": 1, "custom_model_data":345}, "model": "new_shield/345_blocking"},
		{"predicate": { "blocking": 0, "custom_model_data":346}, "model": "new_shield/346"},
		{"predicate": { "blocking": 1, "custom_model_data":346}, "model": "new_shield/346_blocking"},
		{"predicate": { "blocking": 0, "custom_model_data":347}, "model": "new_shield/347"},
		{"predicate": { "blocking": 1, "custom_model_data":347}, "model": "new_shield/347_blocking"},
		{"predicate": { "blocking": 0, "custom_model_data":348}, "model": "new_shield/348"},
		{"predicate": { "blocking": 1, "custom_model_data":348}, "model": "new_shield/348_blocking"},
		{"predicate": { "blocking": 0, "custom_model_data":349}, "model": "new_shield/349"},
		{"predicate": { "blocking": 1, "custom_model_data":349}, "model": "new_shield/349_blocking"},
		{"predicate": { "blocking": 0, "custom_model_data":350}, "model": "new_shield/350"},
		{"predicate": { "blocking": 1, "custom_model_data":350}, "model": "new_shield/350_blocking"},
		{"predicate": { "blocking": 0, "custom_model_data":351}, "model": "new_shield/351"},
		{"predicate": { "blocking": 1, "custom_model_data":351}, "model": "new_shield/351_blocking"},
		{"predicate": { "blocking": 0, "custom_model_data":352}, "model": "new_shield/352"},
		{"predicate": { "blocking": 1, "custom_model_data":352}, "model": "new_shield/352_blocking"},
		{"predicate": { "blocking": 0, "custom_model_data":353}, "model": "new_shield/353"},
		{"predicate": { "blocking": 1, "custom_model_data":353}, "model": "new_shield/353_blocking"},
		{"predicate": { "blocking": 0, "custom_model_data":354}, "model": "new_shield/354"},
		{"predicate": { "blocking": 1, "custom_model_data":354}, "model": "new_shield/354_blocking"},
		{"predicate": { "blocking": 0, "custom_model_data":355}, "model": "new_shield/355"},
		{"predicate": { "blocking": 1, "custom_model_data":355}, "model": "new_shield/355_blocking"},
		{"predicate": { "blocking": 0, "custom_model_data":356}, "model": "new_shield/356"},
		{"predicate": { "blocking": 1, "custom_model_data":356}, "model": "new_shield/356_blocking"},
		{"predicate": { "blocking": 0, "custom_model_data":357}, "model": "new_shield/357"},
		{"predicate": { "blocking": 1, "custom_model_data":357}, "model": "new_shield/357_blocking"},
		{"predicate": { "blocking": 0, "custom_model_data":358}, "model": "new_shield/358"},
		{"predicate": { "blocking": 1, "custom_model_data":358}, "model": "new_shield/358_blocking"},
		{"predicate": { "blocking": 0, "custom_model_data":359}, "model": "new_shield/359"},
		{"predicate": { "blocking": 1, "custom_model_data":359}, "model": "new_shield/359_blocking"},
		{"predicate": { "blocking": 0, "custom_model_data":360}, "model": "new_shield/360"},
		{"predicate": { "blocking": 1, "custom_model_data":360}, "model": "new_shield/360_blocking"},
		{"predicate": { "blocking": 0, "custom_model_data":361}, "model": "new_shield/361"},
		{"predicate": { "blocking": 1, "custom_model_data":361}, "model": "new_shield/361_blocking"},
		{"predicate": { "blocking": 0, "custom_model_data":362}, "model": "new_shield/362"},
		{"predicate": { "blocking": 1, "custom_model_data":362}, "model": "new_shield/362_blocking"},
		{"predicate": { "blocking": 0, "custom_model_data":363}, "model": "new_shield/363"},
		{"predicate": { "blocking": 1, "custom_model_data":363}, "model": "new_shield/363_blocking"},
		{"predicate": { "blocking": 0, "custom_model_data":364}, "model": "new_shield/364"},
		{"predicate": { "blocking": 1, "custom_model_data":364}, "model": "new_shield/364_blocking"},
		{"predicate": { "blocking": 0, "custom_model_data":365}, "model": "new_shield/365"},
		{"predicate": { "blocking": 1, "custom_model_data":365}, "model": "new_shield/365_blocking"},
		{"predicate": { "blocking": 0, "custom_model_data":366}, "model": "new_shield/366"},
		{"predicate": { "blocking": 1, "custom_model_data":366}, "model": "new_shield/366_blocking"},
		{"predicate": { "blocking": 0, "custom_model_data":367}, "model": "new_shield/367"},
		{"predicate": { "blocking": 1, "custom_model_data":367}, "model": "new_shield/367_blocking"},
		{"predicate": { "blocking": 0, "custom_model_data":368}, "model": "new_shield/368"},
		{"predicate": { "blocking": 1, "custom_model_data":368}, "model": "new_shield/368_blocking"},
		{"predicate": { "blocking": 0, "custom_model_data":369}, "model": "new_shield/369"},
		{"predicate": { "blocking": 1, "custom_model_data":369}, "model": "new_shield/369_blocking"},
		{"predicate": { "blocking": 0, "custom_model_data":370}, "model": "new_shield/370"},
		{"predicate": { "blocking": 1, "custom_model_data":370}, "model": "new_shield/370_blocking"},
		{"predicate": { "blocking": 0, "custom_model_data":371}, "model": "new_shield/371"},
		{"predicate": { "blocking": 1, "custom_model_data":371}, "model": "new_shield/371_blocking"},
		{"predicate": { "blocking": 0, "custom_model_data":372}, "model": "new_shield/372"},
		{"predicate": { "blocking": 1, "custom_model_data":372}, "model": "new_shield/372_blocking"},
		{"predicate": { "blocking": 0, "custom_model_data":373}, "model": "new_shield/373"},
		{"predicate": { "blocking": 1, "custom_model_data":373}, "model": "new_shield/373_blocking"},
		{"predicate": { "blocking": 0, "custom_model_data":374}, "model": "new_shield/374"},
		{"predicate": { "blocking": 1, "custom_model_data":374}, "model": "new_shield/374_blocking"},
		{"predicate": { "blocking": 0, "custom_model_data":375}, "model": "new_shield/375"},
		{"predicate": { "blocking": 1, "custom_model_data":375}, "model": "new_shield/375_blocking"},
		{"predicate": { "blocking": 0, "custom_model_data":376}, "model": "new_shield/376"},
		{"predicate": { "blocking": 1, "custom_model_data":376}, "model": "new_shield/376_blocking"},
		{"predicate": { "blocking": 0, "custom_model_data":377}, "model": "new_shield/377"},
		{"predicate": { "blocking": 1, "custom_model_data":377}, "model": "new_shield/377_blocking"},
		{"predicate": { "blocking": 0, "custom_model_data":378}, "model": "new_shield/378"},
		{"predicate": { "blocking": 1, "custom_model_data":378}, "model": "new_shield/378_blocking"},
		{"predicate": { "blocking": 0, "custom_model_data":379}, "model": "new_shield/379"},
		{"predicate": { "blocking": 1, "custom_model_data":379}, "model": "new_shield/379_blocking"},
		{"predicate": { "blocking": 0, "custom_model_data":380}, "model": "new_shield/380"},
		{"predicate": { "blocking": 1, "custom_model_data":380}, "model": "new_shield/380_blocking"},
		{"predicate": { "blocking": 0, "custom_model_data":381}, "model": "new_shield/381"},
		{"predicate": { "blocking": 1, "custom_model_data":381}, "model": "new_shield/381_blocking"},
		{"predicate": { "blocking": 0, "custom_model_data":382}, "model": "new_shield/382"},
		{"predicate": { "blocking": 1, "custom_model_data":382}, "model": "new_shield/382_blocking"},
		{"predicate": { "blocking": 0, "custom_model_data":383}, "model": "new_shield/383"},
		{"predicate": { "blocking": 1, "custom_model_data":383}, "model": "new_shield/383_blocking"},
		{"predicate": { "blocking": 0, "custom_model_data":384}, "model": "new_shield/384"},
		{"predicate": { "blocking": 1, "custom_model_data":384}, "model": "new_shield/384_blocking"},
		{"predicate": { "blocking": 0, "custom_model_data":385}, "model": "new_shield/385"},
		{"predicate": { "blocking": 1, "custom_model_data":385}, "model": "new_shield/385_blocking"},
		{"predicate": { "blocking": 0, "custom_model_data":386}, "model": "new_shield/386"},
		{"predicate": { "blocking": 1, "custom_model_data":386}, "model": "new_shield/386_blocking"},
		{"predicate": { "blocking": 0, "custom_model_data":387}, "model": "new_shield/387"},
		{"predicate": { "blocking": 1, "custom_model_data":387}, "model": "new_shield/387_blocking"},
		{"predicate": { "blocking": 0, "custom_model_data":388}, "model": "new_shield/388"},
		{"predicate": { "blocking": 1, "custom_model_data":388}, "model": "new_shield/388_blocking"},
		{"predicate": { "blocking": 0, "custom_model_data":389}, "model": "new_shield/389"},
		{"predicate": { "blocking": 1, "custom_model_data":389}, "model": "new_shield/389_blocking"},
		{"predicate": { "blocking": 0, "custom_model_data":390}, "model": "new_shield/390"},
		{"predicate": { "blocking": 1, "custom_model_data":390}, "model": "new_shield/390_blocking"},
		{"predicate": { "blocking": 0, "custom_model_data":391}, "model": "new_shield/391"},
		{"predicate": { "blocking": 1, "custom_model_data":391}, "model": "new_shield/391_blocking"},
		{"predicate": { "blocking": 0, "custom_model_data":392}, "model": "new_shield/392"},
		{"predicate": { "blocking": 1, "custom_model_data":392}, "model": "new_shield/392_blocking"},
		{"predicate": { "blocking": 0, "custom_model_data":393}, "model": "new_shield/393"},
		{"predicate": { "blocking": 1, "custom_model_data":393}, "model": "new_shield/393_blocking"},
		{"predicate": { "blocking": 0, "custom_model_data":394}, "model": "new_shield/394"},
		{"predicate": { "blocking": 1, "custom_model_data":394}, "model": "new_shield/394_blocking"},
		{"predicate": { "blocking": 0, "custom_model_data":395}, "model": "new_shield/395"},
		{"predicate": { "blocking": 1, "custom_model_data":395}, "model": "new_shield/395_blocking"},
		{"predicate": { "blocking": 0, "custom_model_data":396}, "model": "new_shield/396"},
		{"predicate": { "blocking": 1, "custom_model_data":396}, "model": "new_shield/396_blocking"},
		{"predicate": { "blocking": 0, "custom_model_data":397}, "model": "new_shield/397"},
		{"predicate": { "blocking": 1, "custom_model_data":397}, "model": "new_shield/397_blocking"},
		{"predicate": { "blocking": 0, "custom_model_data":398}, "model": "new_shield/398"},
		{"predicate": { "blocking": 1, "custom_model_data":398}, "model": "new_shield/398_blocking"},
		{"predicate": { "blocking": 0, "custom_model_data":399}, "model": "new_shield/399"},
		{"predicate": { "blocking": 1, "custom_model_data":399}, "model": "new_shield/399_blocking"},
		{"predicate": { "blocking": 0, "custom_model_data":400}, "model": "new_shield/400"},
		{"predicate": { "blocking": 1, "custom_model_data":400}, "model": "new_shield/400_blocking"},
		{"predicate": { "blocking": 0, "custom_model_data":401}, "model": "new_shield/401"},
		{"predicate": { "blocking": 1, "custom_model_data":401}, "model": "new_shield/401_blocking"},
		{"predicate": { "blocking": 0, "custom_model_data":402}, "model": "new_shield/402"},
		{"predicate": { "blocking": 1, "custom_model_data":402}, "model": "new_shield/402_blocking"},
		{"predicate": { "blocking": 0, "custom_model_data":403}, "model": "new_shield/403"},
		{"predicate": { "blocking": 1, "custom_model_data":403}, "model": "new_shield/403_blocking"},
		{"predicate": { "blocking": 0, "custom_model_data":404}, "model": "new_shield/404"},
		{"predicate": { "blocking": 1, "custom_model_data":404}, "model": "new_shield/404_blocking"},
		{"predicate": { "blocking": 0, "custom_model_data":405}, "model": "new_shield/405"},
		{"predicate": { "blocking": 1, "custom_model_data":405}, "model": "new_shield/405_blocking"},
		{"predicate": { "blocking": 0, "custom_model_data":406}, "model": "new_shield/406"},
		{"predicate": { "blocking": 1, "custom_model_data":406}, "model": "new_shield/406_blocking"},
		{"predicate": { "blocking": 0, "custom_model_data":407}, "model": "new_shield/407"},
		{"predicate": { "blocking": 1, "custom_model_data":407}, "model": "new_shield/407_blocking"},
		{"predicate": { "blocking": 0, "custom_model_data":408}, "model": "new_shield/408"},
		{"predicate": { "blocking": 1, "custom_model_data":408}, "model": "new_shield/408_blocking"},
		{"predicate": { "blocking": 0, "custom_model_data":409}, "model": "new_shield/409"},
		{"predicate": { "blocking": 1, "custom_model_data":409}, "model": "new_shield/409_blocking"},
		{"predicate": { "blocking": 0, "custom_model_data":410}, "model": "new_shield/410"},
		{"predicate": { "blocking": 1, "custom_model_data":410}, "model": "new_shield/410_blocking"},
		{"predicate": { "blocking": 0, "custom_model_data":411}, "model": "new_shield/411"},
		{"predicate": { "blocking": 1, "custom_model_data":411}, "model": "new_shield/411_blocking"},
		{"predicate": { "blocking": 0, "custom_model_data":412}, "model": "new_shield/412"},
		{"predicate": { "blocking": 1, "custom_model_data":412}, "model": "new_shield/412_blocking"},
		{"predicate": { "blocking": 0, "custom_model_data":413}, "model": "new_shield/413"},
		{"predicate": { "blocking": 1, "custom_model_data":413}, "model": "new_shield/413_blocking"},
		{"predicate": { "blocking": 0, "custom_model_data":414}, "model": "new_shield/414"},
		{"predicate": { "blocking": 1, "custom_model_data":414}, "model": "new_shield/414_blocking"},
		{"predicate": { "blocking": 0, "custom_model_data":415}, "model": "new_shield/415"},
		{"predicate": { "blocking": 1, "custom_model_data":415}, "model": "new_shield/415_blocking"},
		{"predicate": { "blocking": 0, "custom_model_data":416}, "model": "new_shield/416"},
		{"predicate": { "blocking": 1, "custom_model_data":416}, "model": "new_shield/416_blocking"},
		{"predicate": { "blocking": 0, "custom_model_data":417}, "model": "new_shield/417"},
		{"predicate": { "blocking": 1, "custom_model_data":417}, "model": "new_shield/417_blocking"},
		{"predicate": { "blocking": 0, "custom_model_data":418}, "model": "new_shield/418"},
		{"predicate": { "blocking": 1, "custom_model_data":418}, "model": "new_shield/418_blocking"},
		{"predicate": { "blocking": 0, "custom_model_data":419}, "model": "new_shield/419"},
		{"predicate": { "blocking": 1, "custom_model_data":419}, "model": "new_shield/419_blocking"},
		{"predicate": { "blocking": 0, "custom_model_data":420}, "model": "new_shield/420"},
		{"predicate": { "blocking": 1, "custom_model_data":420}, "model": "new_shield/420_blocking"},
		{"predicate": { "blocking": 0, "custom_model_data":421}, "model": "new_shield/421"},
		{"predicate": { "blocking": 1, "custom_model_data":421}, "model": "new_shield/421_blocking"},
		{"predicate": { "blocking": 0, "custom_model_data":422}, "model": "new_shield/422"},
		{"predicate": { "blocking": 1, "custom_model_data":422}, "model": "new_shield/422_blocking"},
		{"predicate": { "blocking": 0, "custom_model_data":423}, "model": "new_shield/423"},
		{"predicate": { "blocking": 1, "custom_model_data":423}, "model": "new_shield/423_blocking"},
		{"predicate": { "blocking": 0, "custom_model_data":424}, "model": "new_shield/424"},
		{"predicate": { "blocking": 1, "custom_model_data":424}, "model": "new_shield/424_blocking"},
		{"predicate": { "blocking": 0, "custom_model_data":425}, "model": "new_shield/425"},
		{"predicate": { "blocking": 1, "custom_model_data":425}, "model": "new_shield/425_blocking"},
		{"predicate": { "blocking": 0, "custom_model_data":426}, "model": "new_shield/426"},
		{"predicate": { "blocking": 1, "custom_model_data":426}, "model": "new_shield/426_blocking"},
		{"predicate": { "blocking": 0, "custom_model_data":427}, "model": "new_shield/427"},
		{"predicate": { "blocking": 1, "custom_model_data":427}, "model": "new_shield/427_blocking"},
		{"predicate": { "blocking": 0, "custom_model_data":428}, "model": "new_shield/428"},
		{"predicate": { "blocking": 1, "custom_model_data":428}, "model": "new_shield/428_blocking"},
		{"predicate": { "blocking": 0, "custom_model_data":429}, "model": "new_shield/429"},
		{"predicate": { "blocking": 1, "custom_model_data":429}, "model": "new_shield/429_blocking"},
		{"predicate": { "blocking": 0, "custom_model_data":430}, "model": "new_shield/430"},
		{"predicate": { "blocking": 1, "custom_model_data":430}, "model": "new_shield/430_blocking"},
		{"predicate": { "blocking": 0, "custom_model_data":431}, "model": "new_shield/431"},
		{"predicate": { "blocking": 1, "custom_model_data":431}, "model": "new_shield/431_blocking"},
		{"predicate": { "blocking": 0, "custom_model_data":432}, "model": "new_shield/432"},
		{"predicate": { "blocking": 1, "custom_model_data":432}, "model": "new_shield/432_blocking"},
		{"predicate": { "blocking": 0, "custom_model_data":433}, "model": "new_shield/433"},
		{"predicate": { "blocking": 1, "custom_model_data":433}, "model": "new_shield/433_blocking"},
		{"predicate": { "blocking": 0, "custom_model_data":434}, "model": "new_shield/434"},
		{"predicate": { "blocking": 1, "custom_model_data":434}, "model": "new_shield/434_blocking"},
		{"predicate": { "blocking": 0, "custom_model_data":435}, "model": "new_shield/435"},
		{"predicate": { "blocking": 1, "custom_model_data":435}, "model": "new_shield/435_blocking"},
		{"predicate": { "blocking": 0, "custom_model_data":436}, "model": "new_shield/436"},
		{"predicate": { "blocking": 1, "custom_model_data":436}, "model": "new_shield/436_blocking"},
		{"predicate": { "blocking": 0, "custom_model_data":437}, "model": "new_shield/437"},
		{"predicate": { "blocking": 1, "custom_model_data":437}, "model": "new_shield/437_blocking"},
		{"predicate": { "blocking": 0, "custom_model_data":438}, "model": "new_shield/438"},
		{"predicate": { "blocking": 1, "custom_model_data":438}, "model": "new_shield/438_blocking"},
		{"predicate": { "blocking": 0, "custom_model_data":439}, "model": "new_shield/439"},
		{"predicate": { "blocking": 1, "custom_model_data":439}, "model": "new_shield/439_blocking"},
		{"predicate": { "blocking": 0, "custom_model_data":440}, "model": "new_shield/440"},
		{"predicate": { "blocking": 1, "custom_model_data":440}, "model": "new_shield/440_blocking"},
		{"predicate": { "blocking": 0, "custom_model_data":441}, "model": "new_shield/441"},
		{"predicate": { "blocking": 1, "custom_model_data":441}, "model": "new_shield/441_blocking"},
		{"predicate": { "blocking": 0, "custom_model_data":442}, "model": "new_shield/442"},
		{"predicate": { "blocking": 1, "custom_model_data":442}, "model": "new_shield/442_blocking"},
		{"predicate": { "blocking": 0, "custom_model_data":443}, "model": "new_shield/443"},
		{"predicate": { "blocking": 1, "custom_model_data":443}, "model": "new_shield/443_blocking"},
		{"predicate": { "blocking": 0, "custom_model_data":444}, "model": "new_shield/444"},
		{"predicate": { "blocking": 1, "custom_model_data":444}, "model": "new_shield/444_blocking"},
		{"predicate": { "blocking": 0, "custom_model_data":445}, "model": "new_shield/445"},
		{"predicate": { "blocking": 1, "custom_model_data":445}, "model": "new_shield/445_blocking"},
		{"predicate": { "blocking": 0, "custom_model_data":446}, "model": "new_shield/446"},
		{"predicate": { "blocking": 1, "custom_model_data":446}, "model": "new_shield/446_blocking"},
		{"predicate": { "blocking": 0, "custom_model_data":447}, "model": "new_shield/447"},
		{"predicate": { "blocking": 1, "custom_model_data":447}, "model": "new_shield/447_blocking"},
		{"predicate": { "blocking": 0, "custom_model_data":448}, "model": "new_shield/448"},
		{"predicate": { "blocking": 1, "custom_model_data":448}, "model": "new_shield/448_blocking"},
		{"predicate": { "blocking": 0, "custom_model_data":449}, "model": "new_shield/449"},
		{"predicate": { "blocking": 1, "custom_model_data":449}, "model": "new_shield/449_blocking"},
		{"predicate": { "blocking": 0, "custom_model_data":450}, "model": "new_shield/450"},
		{"predicate": { "blocking": 1, "custom_model_data":450}, "model": "new_shield/450_blocking"},
		{"predicate": { "blocking": 0, "custom_model_data":451}, "model": "new_shield/451"},
		{"predicate": { "blocking": 1, "custom_model_data":451}, "model": "new_shield/451_blocking"},
		{"predicate": { "blocking": 0, "custom_model_data":452}, "model": "new_shield/452"},
		{"predicate": { "blocking": 1, "custom_model_data":452}, "model": "new_shield/452_blocking"},
		{"predicate": { "blocking": 0, "custom_model_data":453}, "model": "new_shield/453"},
		{"predicate": { "blocking": 1, "custom_model_data":453}, "model": "new_shield/453_blocking"},
		{"predicate": { "blocking": 0, "custom_model_data":454}, "model": "new_shield/454"},
		{"predicate": { "blocking": 1, "custom_model_data":454}, "model": "new_shield/454_blocking"},
		{"predicate": { "blocking": 0, "custom_model_data":455}, "model": "new_shield/455"},
		{"predicate": { "blocking": 1, "custom_model_data":455}, "model": "new_shield/455_blocking"},
		{"predicate": { "blocking": 0, "custom_model_data":456}, "model": "new_shield/456"},
		{"predicate": { "blocking": 1, "custom_model_data":456}, "model": "new_shield/456_blocking"},
		{"predicate": { "blocking": 0, "custom_model_data":457}, "model": "new_shield/457"},
		{"predicate": { "blocking": 1, "custom_model_data":457}, "model": "new_shield/457_blocking"},
		{"predicate": { "blocking": 0, "custom_model_data":458}, "model": "new_shield/458"},
		{"predicate": { "blocking": 1, "custom_model_data":458}, "model": "new_shield/458_blocking"},
		{"predicate": { "blocking": 0, "custom_model_data":459}, "model": "new_shield/459"},
		{"predicate": { "blocking": 1, "custom_model_data":459}, "model": "new_shield/459_blocking"},
		{"predicate": { "blocking": 0, "custom_model_data":460}, "model": "new_shield/460"},
		{"predicate": { "blocking": 1, "custom_model_data":460}, "model": "new_shield/460_blocking"},
		{"predicate": { "blocking": 0, "custom_model_data":461}, "model": "new_shield/461"},
		{"predicate": { "blocking": 1, "custom_model_data":461}, "model": "new_shield/461_blocking"},
		{"predicate": { "blocking": 0, "custom_model_data":462}, "model": "new_shield/462"},
		{"predicate": { "blocking": 1, "custom_model_data":462}, "model": "new_shield/462_blocking"},
		{"predicate": { "blocking": 0, "custom_model_data":463}, "model": "new_shield/463"},
		{"predicate": { "blocking": 1, "custom_model_data":463}, "model": "new_shield/463_blocking"},
		{"predicate": { "blocking": 0, "custom_model_data":464}, "model": "new_shield/464"},
		{"predicate": { "blocking": 1, "custom_model_data":464}, "model": "new_shield/464_blocking"},
		{"predicate": { "blocking": 0, "custom_model_data":465}, "model": "new_shield/465"},
		{"predicate": { "blocking": 1, "custom_model_data":465}, "model": "new_shield/465_blocking"},
		{"predicate": { "blocking": 0, "custom_model_data":466}, "model": "new_shield/466"},
		{"predicate": { "blocking": 1, "custom_model_data":466}, "model": "new_shield/466_blocking"},
		{"predicate": { "blocking": 0, "custom_model_data":467}, "model": "new_shield/467"},
		{"predicate": { "blocking": 1, "custom_model_data":467}, "model": "new_shield/467_blocking"},
		{"predicate": { "blocking": 0, "custom_model_data":468}, "model": "new_shield/468"},
		{"predicate": { "blocking": 1, "custom_model_data":468}, "model": "new_shield/468_blocking"},
		{"predicate": { "blocking": 0, "custom_model_data":469}, "model": "new_shield/469"},
		{"predicate": { "blocking": 1, "custom_model_data":469}, "model": "new_shield/469_blocking"},
		{"predicate": { "blocking": 0, "custom_model_data":470}, "model": "new_shield/470"},
		{"predicate": { "blocking": 1, "custom_model_data":470}, "model": "new_shield/470_blocking"},
		{"predicate": { "blocking": 0, "custom_model_data":471}, "model": "new_shield/471"},
		{"predicate": { "blocking": 1, "custom_model_data":471}, "model": "new_shield/471_blocking"},
		{"predicate": { "blocking": 0, "custom_model_data":472}, "model": "new_shield/472"},
		{"predicate": { "blocking": 1, "custom_model_data":472}, "model": "new_shield/472_blocking"},
		{"predicate": { "blocking": 0, "custom_model_data":473}, "model": "new_shield/473"},
		{"predicate": { "blocking": 1, "custom_model_data":473}, "model": "new_shield/473_blocking"},
		{"predicate": { "blocking": 0, "custom_model_data":474}, "model": "new_shield/474"},
		{"predicate": { "blocking": 1, "custom_model_data":474}, "model": "new_shield/474_blocking"},
		{"predicate": { "blocking": 0, "custom_model_data":475}, "model": "new_shield/475"},
		{"predicate": { "blocking": 1, "custom_model_data":475}, "model": "new_shield/475_blocking"},
		{"predicate": { "blocking": 0, "custom_model_data":476}, "model": "new_shield/476"},
		{"predicate": { "blocking": 1, "custom_model_data":476}, "model": "new_shield/476_blocking"},
		{"predicate": { "blocking": 0, "custom_model_data":477}, "model": "new_shield/477"},
		{"predicate": { "blocking": 1, "custom_model_data":477}, "model": "new_shield/477_blocking"},
		{"predicate": { "blocking": 0, "custom_model_data":478}, "model": "new_shield/478"},
		{"predicate": { "blocking": 1, "custom_model_data":478}, "model": "new_shield/478_blocking"},
		{"predicate": { "blocking": 0, "custom_model_data":479}, "model": "new_shield/479"},
		{"predicate": { "blocking": 1, "custom_model_data":479}, "model": "new_shield/479_blocking"},
		{"predicate": { "blocking": 0, "custom_model_data":480}, "model": "new_shield/480"},
		{"predicate": { "blocking": 1, "custom_model_data":480}, "model": "new_shield/480_blocking"},
		{"predicate": { "blocking": 0, "custom_model_data":481}, "model": "new_shield/481"},
		{"predicate": { "blocking": 1, "custom_model_data":481}, "model": "new_shield/481_blocking"},
		{"predicate": { "blocking": 0, "custom_model_data":482}, "model": "new_shield/482"},
		{"predicate": { "blocking": 1, "custom_model_data":482}, "model": "new_shield/482_blocking"},
		{"predicate": { "blocking": 0, "custom_model_data":483}, "model": "new_shield/483"},
		{"predicate": { "blocking": 1, "custom_model_data":483}, "model": "new_shield/483_blocking"},
		{"predicate": { "blocking": 0, "custom_model_data":484}, "model": "new_shield/484"},
		{"predicate": { "blocking": 1, "custom_model_data":484}, "model": "new_shield/484_blocking"},
		{"predicate": { "blocking": 0, "custom_model_data":485}, "model": "new_shield/485"},
		{"predicate": { "blocking": 1, "custom_model_data":485}, "model": "new_shield/485_blocking"},
		{"predicate": { "blocking": 0, "custom_model_data":486}, "model": "new_shield/486"},
		{"predicate": { "blocking": 1, "custom_model_data":486}, "model": "new_shield/486_blocking"},
		{"predicate": { "blocking": 0, "custom_model_data":487}, "model": "new_shield/487"},
		{"predicate": { "blocking": 1, "custom_model_data":487}, "model": "new_shield/487_blocking"},
		{"predicate": { "blocking": 0, "custom_model_data":488}, "model": "new_shield/488"},
		{"predicate": { "blocking": 1, "custom_model_data":488}, "model": "new_shield/488_blocking"},
		{"predicate": { "blocking": 0, "custom_model_data":489}, "model": "new_shield/489"},
		{"predicate": { "blocking": 1, "custom_model_data":489}, "model": "new_shield/489_blocking"},
		{"predicate": { "blocking": 0, "custom_model_data":490}, "model": "new_shield/490"},
		{"predicate": { "blocking": 1, "custom_model_data":490}, "model": "new_shield/490_blocking"},
		{"predicate": { "blocking": 0, "custom_model_data":491}, "model": "new_shield/491"},
		{"predicate": { "blocking": 1, "custom_model_data":491}, "model": "new_shield/491_blocking"},
		{"predicate": { "blocking": 0, "custom_model_data":492}, "model": "new_shield/492"},
		{"predicate": { "blocking": 1, "custom_model_data":492}, "model": "new_shield/492_blocking"},
		{"predicate": { "blocking": 0, "custom_model_data":493}, "model": "new_shield/493"},
		{"predicate": { "blocking": 1, "custom_model_data":493}, "model": "new_shield/493_blocking"},
		{"predicate": { "blocking": 0, "custom_model_data":494}, "model": "new_shield/494"},
		{"predicate": { "blocking": 1, "custom_model_data":494}, "model": "new_shield/494_blocking"},
		{"predicate": { "blocking": 0, "custom_model_data":495}, "model": "new_shield/495"},
		{"predicate": { "blocking": 1, "custom_model_data":495}, "model": "new_shield/495_blocking"},
		{"predicate": { "blocking": 0, "custom_model_data":496}, "model": "new_shield/496"},
		{"predicate": { "blocking": 1, "custom_model_data":496}, "model": "new_shield/496_blocking"},
		{"predicate": { "blocking": 0, "custom_model_data":497}, "model": "new_shield/497"},
		{"predicate": { "blocking": 1, "custom_model_data":497}, "model": "new_shield/497_blocking"},
		{"predicate": { "blocking": 0, "custom_model_data":498}, "model": "new_shield/498"},
		{"predicate": { "blocking": 1, "custom_model_data":498}, "model": "new_shield/498_blocking"},
		{"predicate": { "blocking": 0, "custom_model_data":499}, "model": "new_shield/499"},
		{"predicate": { "blocking": 1, "custom_model_data":499}, "model": "new_shield/499_blocking"}
    ],
    "display": {
        "thirdperson_righthand": {
            "rotation": [ 0, 90, 0 ],
            "translation": [ 10, 6, -4 ],
            "scale": [ 1, 1, 1 ]
        },
        "thirdperson_lefthand": {
            "rotation": [ 0, 90, 0 ],
            "translation": [ 10, 6, 12 ],
            "scale": [ 1, 1, 1 ]
        },
        "firstperson_righthand": {
            "rotation": [ 0, 180, 5 ],
            "translation": [ -10, 2, -10 ],
            "scale": [ 1.25, 1.25, 1.25 ]
        },
        "firstperson_lefthand": {
            "rotation": [ 0, 180, 5 ],
            "translation": [ 10, 0, -10 ],
            "scale": [ 1.25, 1.25, 1.25 ]
        },
        "gui": {
            "rotation": [ 15, -25, -5 ],
            "translation": [ 2, 3, 0 ],
            "scale": [ 0.65, 0.65, 0.65 ]
        },
        "fixed": {
            "rotation": [ 0, 180, 0 ],
            "translation": [ -2, 4, -5],
            "scale":[ 0.5, 0.5, 0.5]
        },
        "ground": {
            "rotation": [ 0, 0, 0 ],
            "translation": [ 4, 4, 2],
            "scale":[ 0.25, 0.25, 0.25]
        }
    }
}
