{
    "parent": "item/generated",
    "textures": {
        "layer0": "item/totem_of_undying"
    },
	
	
	"overrides": [
		{"predicate": {"custom_model_data":1}, "model": "new_totem_of_undying/1"},
		{"predicate": {"custom_model_data":2}, "model": "new_totem_of_undying/2"},
		{"predicate": {"custom_model_data":3}, "model": "new_totem_of_undying/3"},
		{"predicate": {"custom_model_data":4}, "model": "new_totem_of_undying/4"},
		{"predicate": {"custom_model_data":5}, "model": "new_totem_of_undying/5"},
		{"predicate": {"custom_model_data":6}, "model": "new_totem_of_undying/6"},
		{"predicate": {"custom_model_data":7}, "model": "new_totem_of_undying/7"},
		{"predicate": {"custom_model_data":8}, "model": "new_totem_of_undying/8"},
		{"predicate": {"custom_model_data":9}, "model": "new_totem_of_undying/9"},
		{"predicate": {"custom_model_data":10}, "model": "new_totem_of_undying/10"},
		{"predicate": {"custom_model_data":11}, "model": "new_totem_of_undying/11"},
		{"predicate": {"custom_model_data":12}, "model": "new_totem_of_undying/12"},
		{"predicate": {"custom_model_data":13}, "model": "new_totem_of_undying/13"},
		{"predicate": {"custom_model_data":14}, "model": "new_totem_of_undying/14"},
		{"predicate": {"custom_model_data":15}, "model": "new_totem_of_undying/15"},
		{"predicate": {"custom_model_data":16}, "model": "new_totem_of_undying/16"},
		{"predicate": {"custom_model_data":17}, "model": "new_totem_of_undying/17"},
		{"predicate": {"custom_model_data":18}, "model": "new_totem_of_undying/18"},
		{"predicate": {"custom_model_data":19}, "model": "new_totem_of_undying/19"},
		{"predicate": {"custom_model_data":20}, "model": "new_totem_of_undying/20"},
		{"predicate": {"custom_model_data":21}, "model": "new_totem_of_undying/21"},
		{"predicate": {"custom_model_data":22}, "model": "new_totem_of_undying/22"},
		{"predicate": {"custom_model_data":23}, "model": "new_totem_of_undying/23"},
		{"predicate": {"custom_model_data":24}, "model": "new_totem_of_undying/24"},
		{"predicate": {"custom_model_data":25}, "model": "new_totem_of_undying/25"},
		{"predicate": {"custom_model_data":26}, "model": "new_totem_of_undying/26"},
		{"predicate": {"custom_model_data":27}, "model": "new_totem_of_undying/27"},
		{"predicate": {"custom_model_data":28}, "model": "new_totem_of_undying/28"},
		{"predicate": {"custom_model_data":29}, "model": "new_totem_of_undying/29"},
		{"predicate": {"custom_model_data":30}, "model": "new_totem_of_undying/30"},
		{"predicate": {"custom_model_data":31}, "model": "new_totem_of_undying/31"},
		{"predicate": {"custom_model_data":32}, "model": "new_totem_of_undying/32"},
		{"predicate": {"custom_model_data":33}, "model": "new_totem_of_undying/33"},
		{"predicate": {"custom_model_data":34}, "model": "new_totem_of_undying/34"},
		{"predicate": {"custom_model_data":35}, "model": "new_totem_of_undying/35"},
		{"predicate": {"custom_model_data":36}, "model": "new_totem_of_undying/36"},
		{"predicate": {"custom_model_data":37}, "model": "new_totem_of_undying/37"},
		{"predicate": {"custom_model_data":38}, "model": "new_totem_of_undying/38"},
		{"predicate": {"custom_model_data":39}, "model": "new_totem_of_undying/39"},
		{"predicate": {"custom_model_data":40}, "model": "new_totem_of_undying/40"},
		{"predicate": {"custom_model_data":41}, "model": "new_totem_of_undying/41"},
		{"predicate": {"custom_model_data":42}, "model": "new_totem_of_undying/42"},
		{"predicate": {"custom_model_data":43}, "model": "new_totem_of_undying/43"},
		{"predicate": {"custom_model_data":44}, "model": "new_totem_of_undying/44"},
		{"predicate": {"custom_model_data":45}, "model": "new_totem_of_undying/45"},
		{"predicate": {"custom_model_data":46}, "model": "new_totem_of_undying/46"},
		{"predicate": {"custom_model_data":47}, "model": "new_totem_of_undying/47"},
		{"predicate": {"custom_model_data":48}, "model": "new_totem_of_undying/48"},
		{"predicate": {"custom_model_data":49}, "model": "new_totem_of_undying/49"},
		{"predicate": {"custom_model_data":50}, "model": "new_totem_of_undying/50"},
		{"predicate": {"custom_model_data":51}, "model": "new_totem_of_undying/51"},
		{"predicate": {"custom_model_data":52}, "model": "new_totem_of_undying/52"},
		{"predicate": {"custom_model_data":53}, "model": "new_totem_of_undying/53"},
		{"predicate": {"custom_model_data":54}, "model": "new_totem_of_undying/54"},
		{"predicate": {"custom_model_data":55}, "model": "new_totem_of_undying/55"},
		{"predicate": {"custom_model_data":56}, "model": "new_totem_of_undying/56"},
		{"predicate": {"custom_model_data":57}, "model": "new_totem_of_undying/57"},
		{"predicate": {"custom_model_data":58}, "model": "new_totem_of_undying/58"},
		{"predicate": {"custom_model_data":59}, "model": "new_totem_of_undying/59"},
		{"predicate": {"custom_model_data":60}, "model": "new_totem_of_undying/60"},
		{"predicate": {"custom_model_data":61}, "model": "new_totem_of_undying/61"},
		{"predicate": {"custom_model_data":62}, "model": "new_totem_of_undying/62"},
		{"predicate": {"custom_model_data":63}, "model": "new_totem_of_undying/63"},
		{"predicate": {"custom_model_data":64}, "model": "new_totem_of_undying/64"},
		{"predicate": {"custom_model_data":65}, "model": "new_totem_of_undying/65"},
		{"predicate": {"custom_model_data":66}, "model": "new_totem_of_undying/66"},
		{"predicate": {"custom_model_data":67}, "model": "new_totem_of_undying/67"},
		{"predicate": {"custom_model_data":68}, "model": "new_totem_of_undying/68"},
		{"predicate": {"custom_model_data":69}, "model": "new_totem_of_undying/69"},
		{"predicate": {"custom_model_data":70}, "model": "new_totem_of_undying/70"},
		{"predicate": {"custom_model_data":71}, "model": "new_totem_of_undying/71"},
		{"predicate": {"custom_model_data":72}, "model": "new_totem_of_undying/72"},
		{"predicate": {"custom_model_data":73}, "model": "new_totem_of_undying/73"},
		{"predicate": {"custom_model_data":74}, "model": "new_totem_of_undying/74"},
		{"predicate": {"custom_model_data":75}, "model": "new_totem_of_undying/75"},
		{"predicate": {"custom_model_data":76}, "model": "new_totem_of_undying/76"},
		{"predicate": {"custom_model_data":77}, "model": "new_totem_of_undying/77"},
		{"predicate": {"custom_model_data":78}, "model": "new_totem_of_undying/78"},
		{"predicate": {"custom_model_data":79}, "model": "new_totem_of_undying/79"},
		{"predicate": {"custom_model_data":80}, "model": "new_totem_of_undying/80"},
		{"predicate": {"custom_model_data":81}, "model": "new_totem_of_undying/81"},
		{"predicate": {"custom_model_data":82}, "model": "new_totem_of_undying/82"},
		{"predicate": {"custom_model_data":83}, "model": "new_totem_of_undying/83"},
		{"predicate": {"custom_model_data":84}, "model": "new_totem_of_undying/84"},
		{"predicate": {"custom_model_data":85}, "model": "new_totem_of_undying/85"},
		{"predicate": {"custom_model_data":86}, "model": "new_totem_of_undying/86"},
		{"predicate": {"custom_model_data":87}, "model": "new_totem_of_undying/87"},
		{"predicate": {"custom_model_data":88}, "model": "new_totem_of_undying/88"},
		{"predicate": {"custom_model_data":89}, "model": "new_totem_of_undying/89"},
		{"predicate": {"custom_model_data":90}, "model": "new_totem_of_undying/90"},
		{"predicate": {"custom_model_data":91}, "model": "new_totem_of_undying/91"},
		{"predicate": {"custom_model_data":92}, "model": "new_totem_of_undying/92"},
		{"predicate": {"custom_model_data":93}, "model": "new_totem_of_undying/93"},
		{"predicate": {"custom_model_data":94}, "model": "new_totem_of_undying/94"},
		{"predicate": {"custom_model_data":95}, "model": "new_totem_of_undying/95"},
		{"predicate": {"custom_model_data":96}, "model": "new_totem_of_undying/96"},
		{"predicate": {"custom_model_data":97}, "model": "new_totem_of_undying/97"},
		{"predicate": {"custom_model_data":98}, "model": "new_totem_of_undying/98"},
		{"predicate": {"custom_model_data":99}, "model": "new_totem_of_undying/99"},
		{"predicate": {"custom_model_data":100}, "model": "new_totem_of_undying/100"},
		{"predicate": {"custom_model_data":101}, "model": "new_totem_of_undying/101"},
		{"predicate": {"custom_model_data":102}, "model": "new_totem_of_undying/102"},
		{"predicate": {"custom_model_data":103}, "model": "new_totem_of_undying/103"},
		{"predicate": {"custom_model_data":104}, "model": "new_totem_of_undying/104"},
		{"predicate": {"custom_model_data":105}, "model": "new_totem_of_undying/105"},
		{"predicate": {"custom_model_data":106}, "model": "new_totem_of_undying/106"},
		{"predicate": {"custom_model_data":107}, "model": "new_totem_of_undying/107"},
		{"predicate": {"custom_model_data":108}, "model": "new_totem_of_undying/108"},
		{"predicate": {"custom_model_data":109}, "model": "new_totem_of_undying/109"},
		{"predicate": {"custom_model_data":110}, "model": "new_totem_of_undying/110"},
		{"predicate": {"custom_model_data":111}, "model": "new_totem_of_undying/111"},
		{"predicate": {"custom_model_data":112}, "model": "new_totem_of_undying/112"},
		{"predicate": {"custom_model_data":113}, "model": "new_totem_of_undying/113"},
		{"predicate": {"custom_model_data":114}, "model": "new_totem_of_undying/114"},
		{"predicate": {"custom_model_data":115}, "model": "new_totem_of_undying/115"},
		{"predicate": {"custom_model_data":116}, "model": "new_totem_of_undying/116"},
		{"predicate": {"custom_model_data":117}, "model": "new_totem_of_undying/117"},
		{"predicate": {"custom_model_data":118}, "model": "new_totem_of_undying/118"},
		{"predicate": {"custom_model_data":119}, "model": "new_totem_of_undying/119"},
		{"predicate": {"custom_model_data":120}, "model": "new_totem_of_undying/120"},
		{"predicate": {"custom_model_data":121}, "model": "new_totem_of_undying/121"},
		{"predicate": {"custom_model_data":122}, "model": "new_totem_of_undying/122"},
		{"predicate": {"custom_model_data":123}, "model": "new_totem_of_undying/123"},
		{"predicate": {"custom_model_data":124}, "model": "new_totem_of_undying/124"},
		{"predicate": {"custom_model_data":125}, "model": "new_totem_of_undying/125"},
		{"predicate": {"custom_model_data":126}, "model": "new_totem_of_undying/126"},
		{"predicate": {"custom_model_data":127}, "model": "new_totem_of_undying/127"},
		{"predicate": {"custom_model_data":128}, "model": "new_totem_of_undying/128"},
		{"predicate": {"custom_model_data":129}, "model": "new_totem_of_undying/129"},
		{"predicate": {"custom_model_data":130}, "model": "new_totem_of_undying/130"},
		{"predicate": {"custom_model_data":131}, "model": "new_totem_of_undying/131"},
		{"predicate": {"custom_model_data":132}, "model": "new_totem_of_undying/132"},
		{"predicate": {"custom_model_data":133}, "model": "new_totem_of_undying/133"},
		{"predicate": {"custom_model_data":134}, "model": "new_totem_of_undying/134"},
		{"predicate": {"custom_model_data":135}, "model": "new_totem_of_undying/135"},
		{"predicate": {"custom_model_data":136}, "model": "new_totem_of_undying/136"},
		{"predicate": {"custom_model_data":137}, "model": "new_totem_of_undying/137"},
		{"predicate": {"custom_model_data":138}, "model": "new_totem_of_undying/138"},
		{"predicate": {"custom_model_data":139}, "model": "new_totem_of_undying/139"},
		{"predicate": {"custom_model_data":140}, "model": "new_totem_of_undying/140"},
		{"predicate": {"custom_model_data":141}, "model": "new_totem_of_undying/141"},
		{"predicate": {"custom_model_data":142}, "model": "new_totem_of_undying/142"},
		{"predicate": {"custom_model_data":143}, "model": "new_totem_of_undying/143"},
		{"predicate": {"custom_model_data":144}, "model": "new_totem_of_undying/144"},
		{"predicate": {"custom_model_data":145}, "model": "new_totem_of_undying/145"},
		{"predicate": {"custom_model_data":146}, "model": "new_totem_of_undying/146"},
		{"predicate": {"custom_model_data":147}, "model": "new_totem_of_undying/147"},
		{"predicate": {"custom_model_data":148}, "model": "new_totem_of_undying/148"},
		{"predicate": {"custom_model_data":149}, "model": "new_totem_of_undying/149"},
		{"predicate": {"custom_model_data":150}, "model": "new_totem_of_undying/150"},
		{"predicate": {"custom_model_data":151}, "model": "new_totem_of_undying/151"},
		{"predicate": {"custom_model_data":152}, "model": "new_totem_of_undying/152"},
		{"predicate": {"custom_model_data":153}, "model": "new_totem_of_undying/153"},
		{"predicate": {"custom_model_data":154}, "model": "new_totem_of_undying/154"},
		{"predicate": {"custom_model_data":155}, "model": "new_totem_of_undying/155"},
		{"predicate": {"custom_model_data":156}, "model": "new_totem_of_undying/156"},
		{"predicate": {"custom_model_data":157}, "model": "new_totem_of_undying/157"},
		{"predicate": {"custom_model_data":158}, "model": "new_totem_of_undying/158"},
		{"predicate": {"custom_model_data":159}, "model": "new_totem_of_undying/159"},
		{"predicate": {"custom_model_data":160}, "model": "new_totem_of_undying/160"},
		{"predicate": {"custom_model_data":161}, "model": "new_totem_of_undying/161"},
		{"predicate": {"custom_model_data":162}, "model": "new_totem_of_undying/162"},
		{"predicate": {"custom_model_data":163}, "model": "new_totem_of_undying/163"},
		{"predicate": {"custom_model_data":164}, "model": "new_totem_of_undying/164"},
		{"predicate": {"custom_model_data":165}, "model": "new_totem_of_undying/165"},
		{"predicate": {"custom_model_data":166}, "model": "new_totem_of_undying/166"},
		{"predicate": {"custom_model_data":167}, "model": "new_totem_of_undying/167"},
		{"predicate": {"custom_model_data":168}, "model": "new_totem_of_undying/168"},
		{"predicate": {"custom_model_data":169}, "model": "new_totem_of_undying/169"},
		{"predicate": {"custom_model_data":170}, "model": "new_totem_of_undying/170"},
		{"predicate": {"custom_model_data":171}, "model": "new_totem_of_undying/171"},
		{"predicate": {"custom_model_data":172}, "model": "new_totem_of_undying/172"},
		{"predicate": {"custom_model_data":173}, "model": "new_totem_of_undying/173"},
		{"predicate": {"custom_model_data":174}, "model": "new_totem_of_undying/174"},
		{"predicate": {"custom_model_data":175}, "model": "new_totem_of_undying/175"},
		{"predicate": {"custom_model_data":176}, "model": "new_totem_of_undying/176"},
		{"predicate": {"custom_model_data":177}, "model": "new_totem_of_undying/177"},
		{"predicate": {"custom_model_data":178}, "model": "new_totem_of_undying/178"},
		{"predicate": {"custom_model_data":179}, "model": "new_totem_of_undying/179"},
		{"predicate": {"custom_model_data":180}, "model": "new_totem_of_undying/180"},
		{"predicate": {"custom_model_data":181}, "model": "new_totem_of_undying/181"},
		{"predicate": {"custom_model_data":182}, "model": "new_totem_of_undying/182"},
		{"predicate": {"custom_model_data":183}, "model": "new_totem_of_undying/183"},
		{"predicate": {"custom_model_data":184}, "model": "new_totem_of_undying/184"},
		{"predicate": {"custom_model_data":185}, "model": "new_totem_of_undying/185"},
		{"predicate": {"custom_model_data":186}, "model": "new_totem_of_undying/186"},
		{"predicate": {"custom_model_data":187}, "model": "new_totem_of_undying/187"},
		{"predicate": {"custom_model_data":188}, "model": "new_totem_of_undying/188"},
		{"predicate": {"custom_model_data":189}, "model": "new_totem_of_undying/189"},
		{"predicate": {"custom_model_data":190}, "model": "new_totem_of_undying/190"},
		{"predicate": {"custom_model_data":191}, "model": "new_totem_of_undying/191"},
		{"predicate": {"custom_model_data":192}, "model": "new_totem_of_undying/192"},
		{"predicate": {"custom_model_data":193}, "model": "new_totem_of_undying/193"},
		{"predicate": {"custom_model_data":194}, "model": "new_totem_of_undying/194"},
		{"predicate": {"custom_model_data":195}, "model": "new_totem_of_undying/195"},
		{"predicate": {"custom_model_data":196}, "model": "new_totem_of_undying/196"},
		{"predicate": {"custom_model_data":197}, "model": "new_totem_of_undying/197"},
		{"predicate": {"custom_model_data":198}, "model": "new_totem_of_undying/198"},
		{"predicate": {"custom_model_data":199}, "model": "new_totem_of_undying/199"},
		{"predicate": {"custom_model_data":200}, "model": "new_totem_of_undying/200"},
		{"predicate": {"custom_model_data":201}, "model": "new_totem_of_undying/201"},
		{"predicate": {"custom_model_data":202}, "model": "new_totem_of_undying/202"},
		{"predicate": {"custom_model_data":203}, "model": "new_totem_of_undying/203"},
		{"predicate": {"custom_model_data":204}, "model": "new_totem_of_undying/204"},
		{"predicate": {"custom_model_data":205}, "model": "new_totem_of_undying/205"},
		{"predicate": {"custom_model_data":206}, "model": "new_totem_of_undying/206"},
		{"predicate": {"custom_model_data":207}, "model": "new_totem_of_undying/207"},
		{"predicate": {"custom_model_data":208}, "model": "new_totem_of_undying/208"},
		{"predicate": {"custom_model_data":209}, "model": "new_totem_of_undying/209"},
		{"predicate": {"custom_model_data":210}, "model": "new_totem_of_undying/210"},
		{"predicate": {"custom_model_data":211}, "model": "new_totem_of_undying/211"},
		{"predicate": {"custom_model_data":212}, "model": "new_totem_of_undying/212"},
		{"predicate": {"custom_model_data":213}, "model": "new_totem_of_undying/213"},
		{"predicate": {"custom_model_data":214}, "model": "new_totem_of_undying/214"},
		{"predicate": {"custom_model_data":215}, "model": "new_totem_of_undying/215"},
		{"predicate": {"custom_model_data":216}, "model": "new_totem_of_undying/216"},
		{"predicate": {"custom_model_data":217}, "model": "new_totem_of_undying/217"},
		{"predicate": {"custom_model_data":218}, "model": "new_totem_of_undying/218"},
		{"predicate": {"custom_model_data":219}, "model": "new_totem_of_undying/219"},
		{"predicate": {"custom_model_data":220}, "model": "new_totem_of_undying/220"},
		{"predicate": {"custom_model_data":221}, "model": "new_totem_of_undying/221"},
		{"predicate": {"custom_model_data":222}, "model": "new_totem_of_undying/222"},
		{"predicate": {"custom_model_data":223}, "model": "new_totem_of_undying/223"},
		{"predicate": {"custom_model_data":224}, "model": "new_totem_of_undying/224"},
		{"predicate": {"custom_model_data":225}, "model": "new_totem_of_undying/225"},
		{"predicate": {"custom_model_data":226}, "model": "new_totem_of_undying/226"},
		{"predicate": {"custom_model_data":227}, "model": "new_totem_of_undying/227"},
		{"predicate": {"custom_model_data":228}, "model": "new_totem_of_undying/228"},
		{"predicate": {"custom_model_data":229}, "model": "new_totem_of_undying/229"},
		{"predicate": {"custom_model_data":230}, "model": "new_totem_of_undying/230"},
		{"predicate": {"custom_model_data":231}, "model": "new_totem_of_undying/231"},
		{"predicate": {"custom_model_data":232}, "model": "new_totem_of_undying/232"},
		{"predicate": {"custom_model_data":233}, "model": "new_totem_of_undying/233"},
		{"predicate": {"custom_model_data":234}, "model": "new_totem_of_undying/234"},
		{"predicate": {"custom_model_data":235}, "model": "new_totem_of_undying/235"},
		{"predicate": {"custom_model_data":236}, "model": "new_totem_of_undying/236"},
		{"predicate": {"custom_model_data":237}, "model": "new_totem_of_undying/237"},
		{"predicate": {"custom_model_data":238}, "model": "new_totem_of_undying/238"},
		{"predicate": {"custom_model_data":239}, "model": "new_totem_of_undying/239"},
		{"predicate": {"custom_model_data":240}, "model": "new_totem_of_undying/240"},
		{"predicate": {"custom_model_data":241}, "model": "new_totem_of_undying/241"},
		{"predicate": {"custom_model_data":242}, "model": "new_totem_of_undying/242"},
		{"predicate": {"custom_model_data":243}, "model": "new_totem_of_undying/243"},
		{"predicate": {"custom_model_data":244}, "model": "new_totem_of_undying/244"},
		{"predicate": {"custom_model_data":245}, "model": "new_totem_of_undying/245"},
		{"predicate": {"custom_model_data":246}, "model": "new_totem_of_undying/246"},
		{"predicate": {"custom_model_data":247}, "model": "new_totem_of_undying/247"},
		{"predicate": {"custom_model_data":248}, "model": "new_totem_of_undying/248"},
		{"predicate": {"custom_model_data":249}, "model": "new_totem_of_undying/249"},
		{"predicate": {"custom_model_data":250}, "model": "new_totem_of_undying/250"},
		{"predicate": {"custom_model_data":251}, "model": "new_totem_of_undying/251"},
		{"predicate": {"custom_model_data":252}, "model": "new_totem_of_undying/252"},
		{"predicate": {"custom_model_data":253}, "model": "new_totem_of_undying/253"},
		{"predicate": {"custom_model_data":254}, "model": "new_totem_of_undying/254"},
		{"predicate": {"custom_model_data":255}, "model": "new_totem_of_undying/255"},
		{"predicate": {"custom_model_data":256}, "model": "new_totem_of_undying/256"},
		{"predicate": {"custom_model_data":257}, "model": "new_totem_of_undying/257"},
		{"predicate": {"custom_model_data":258}, "model": "new_totem_of_undying/258"},
		{"predicate": {"custom_model_data":259}, "model": "new_totem_of_undying/259"},
		{"predicate": {"custom_model_data":260}, "model": "new_totem_of_undying/260"},
		{"predicate": {"custom_model_data":261}, "model": "new_totem_of_undying/261"},
		{"predicate": {"custom_model_data":262}, "model": "new_totem_of_undying/262"},
		{"predicate": {"custom_model_data":263}, "model": "new_totem_of_undying/263"},
		{"predicate": {"custom_model_data":264}, "model": "new_totem_of_undying/264"},
		{"predicate": {"custom_model_data":265}, "model": "new_totem_of_undying/265"},
		{"predicate": {"custom_model_data":266}, "model": "new_totem_of_undying/266"},
		{"predicate": {"custom_model_data":267}, "model": "new_totem_of_undying/267"},
		{"predicate": {"custom_model_data":268}, "model": "new_totem_of_undying/268"},
		{"predicate": {"custom_model_data":269}, "model": "new_totem_of_undying/269"},
		{"predicate": {"custom_model_data":270}, "model": "new_totem_of_undying/270"},
		{"predicate": {"custom_model_data":271}, "model": "new_totem_of_undying/271"},
		{"predicate": {"custom_model_data":272}, "model": "new_totem_of_undying/272"},
		{"predicate": {"custom_model_data":273}, "model": "new_totem_of_undying/273"},
		{"predicate": {"custom_model_data":274}, "model": "new_totem_of_undying/274"},
		{"predicate": {"custom_model_data":275}, "model": "new_totem_of_undying/275"},
		{"predicate": {"custom_model_data":276}, "model": "new_totem_of_undying/276"},
		{"predicate": {"custom_model_data":277}, "model": "new_totem_of_undying/277"},
		{"predicate": {"custom_model_data":278}, "model": "new_totem_of_undying/278"},
		{"predicate": {"custom_model_data":279}, "model": "new_totem_of_undying/279"},
		{"predicate": {"custom_model_data":280}, "model": "new_totem_of_undying/280"},
		{"predicate": {"custom_model_data":281}, "model": "new_totem_of_undying/281"},
		{"predicate": {"custom_model_data":282}, "model": "new_totem_of_undying/282"},
		{"predicate": {"custom_model_data":283}, "model": "new_totem_of_undying/283"},
		{"predicate": {"custom_model_data":284}, "model": "new_totem_of_undying/284"},
		{"predicate": {"custom_model_data":285}, "model": "new_totem_of_undying/285"},
		{"predicate": {"custom_model_data":286}, "model": "new_totem_of_undying/286"},
		{"predicate": {"custom_model_data":287}, "model": "new_totem_of_undying/287"},
		{"predicate": {"custom_model_data":288}, "model": "new_totem_of_undying/288"},
		{"predicate": {"custom_model_data":289}, "model": "new_totem_of_undying/289"},
		{"predicate": {"custom_model_data":290}, "model": "new_totem_of_undying/290"},
		{"predicate": {"custom_model_data":291}, "model": "new_totem_of_undying/291"},
		{"predicate": {"custom_model_data":292}, "model": "new_totem_of_undying/292"},
		{"predicate": {"custom_model_data":293}, "model": "new_totem_of_undying/293"},
		{"predicate": {"custom_model_data":294}, "model": "new_totem_of_undying/294"},
		{"predicate": {"custom_model_data":295}, "model": "new_totem_of_undying/295"},
		{"predicate": {"custom_model_data":296}, "model": "new_totem_of_undying/296"},
		{"predicate": {"custom_model_data":297}, "model": "new_totem_of_undying/297"},
		{"predicate": {"custom_model_data":298}, "model": "new_totem_of_undying/298"},
		{"predicate": {"custom_model_data":299}, "model": "new_totem_of_undying/299"},
		{"predicate": {"custom_model_data":300}, "model": "new_totem_of_undying/300"},
		{"predicate": {"custom_model_data":301}, "model": "new_totem_of_undying/301"},
		{"predicate": {"custom_model_data":302}, "model": "new_totem_of_undying/302"},
		{"predicate": {"custom_model_data":303}, "model": "new_totem_of_undying/303"},
		{"predicate": {"custom_model_data":304}, "model": "new_totem_of_undying/304"},
		{"predicate": {"custom_model_data":305}, "model": "new_totem_of_undying/305"},
		{"predicate": {"custom_model_data":306}, "model": "new_totem_of_undying/306"},
		{"predicate": {"custom_model_data":307}, "model": "new_totem_of_undying/307"},
		{"predicate": {"custom_model_data":308}, "model": "new_totem_of_undying/308"},
		{"predicate": {"custom_model_data":309}, "model": "new_totem_of_undying/309"},
		{"predicate": {"custom_model_data":310}, "model": "new_totem_of_undying/310"},
		{"predicate": {"custom_model_data":311}, "model": "new_totem_of_undying/311"},
		{"predicate": {"custom_model_data":312}, "model": "new_totem_of_undying/312"},
		{"predicate": {"custom_model_data":313}, "model": "new_totem_of_undying/313"},
		{"predicate": {"custom_model_data":314}, "model": "new_totem_of_undying/314"},
		{"predicate": {"custom_model_data":315}, "model": "new_totem_of_undying/315"},
		{"predicate": {"custom_model_data":316}, "model": "new_totem_of_undying/316"},
		{"predicate": {"custom_model_data":317}, "model": "new_totem_of_undying/317"},
		{"predicate": {"custom_model_data":318}, "model": "new_totem_of_undying/318"},
		{"predicate": {"custom_model_data":319}, "model": "new_totem_of_undying/319"},
		{"predicate": {"custom_model_data":320}, "model": "new_totem_of_undying/320"},
		{"predicate": {"custom_model_data":321}, "model": "new_totem_of_undying/321"},
		{"predicate": {"custom_model_data":322}, "model": "new_totem_of_undying/322"},
		{"predicate": {"custom_model_data":323}, "model": "new_totem_of_undying/323"},
		{"predicate": {"custom_model_data":324}, "model": "new_totem_of_undying/324"},
		{"predicate": {"custom_model_data":325}, "model": "new_totem_of_undying/325"},
		{"predicate": {"custom_model_data":326}, "model": "new_totem_of_undying/326"},
		{"predicate": {"custom_model_data":327}, "model": "new_totem_of_undying/327"},
		{"predicate": {"custom_model_data":328}, "model": "new_totem_of_undying/328"},
		{"predicate": {"custom_model_data":329}, "model": "new_totem_of_undying/329"},
		{"predicate": {"custom_model_data":330}, "model": "new_totem_of_undying/330"},
		{"predicate": {"custom_model_data":331}, "model": "new_totem_of_undying/331"},
		{"predicate": {"custom_model_data":332}, "model": "new_totem_of_undying/332"},
		{"predicate": {"custom_model_data":333}, "model": "new_totem_of_undying/333"},
		{"predicate": {"custom_model_data":334}, "model": "new_totem_of_undying/334"},
		{"predicate": {"custom_model_data":335}, "model": "new_totem_of_undying/335"},
		{"predicate": {"custom_model_data":336}, "model": "new_totem_of_undying/336"},
		{"predicate": {"custom_model_data":337}, "model": "new_totem_of_undying/337"},
		{"predicate": {"custom_model_data":338}, "model": "new_totem_of_undying/338"},
		{"predicate": {"custom_model_data":339}, "model": "new_totem_of_undying/339"},
		{"predicate": {"custom_model_data":340}, "model": "new_totem_of_undying/340"},
		{"predicate": {"custom_model_data":341}, "model": "new_totem_of_undying/341"},
		{"predicate": {"custom_model_data":342}, "model": "new_totem_of_undying/342"},
		{"predicate": {"custom_model_data":343}, "model": "new_totem_of_undying/343"},
		{"predicate": {"custom_model_data":344}, "model": "new_totem_of_undying/344"},
		{"predicate": {"custom_model_data":345}, "model": "new_totem_of_undying/345"},
		{"predicate": {"custom_model_data":346}, "model": "new_totem_of_undying/346"},
		{"predicate": {"custom_model_data":347}, "model": "new_totem_of_undying/347"},
		{"predicate": {"custom_model_data":348}, "model": "new_totem_of_undying/348"},
		{"predicate": {"custom_model_data":349}, "model": "new_totem_of_undying/349"},
		{"predicate": {"custom_model_data":350}, "model": "new_totem_of_undying/350"},
		{"predicate": {"custom_model_data":351}, "model": "new_totem_of_undying/351"},
		{"predicate": {"custom_model_data":352}, "model": "new_totem_of_undying/352"},
		{"predicate": {"custom_model_data":353}, "model": "new_totem_of_undying/353"},
		{"predicate": {"custom_model_data":354}, "model": "new_totem_of_undying/354"},
		{"predicate": {"custom_model_data":355}, "model": "new_totem_of_undying/355"},
		{"predicate": {"custom_model_data":356}, "model": "new_totem_of_undying/356"},
		{"predicate": {"custom_model_data":357}, "model": "new_totem_of_undying/357"},
		{"predicate": {"custom_model_data":358}, "model": "new_totem_of_undying/358"},
		{"predicate": {"custom_model_data":359}, "model": "new_totem_of_undying/359"},
		{"predicate": {"custom_model_data":360}, "model": "new_totem_of_undying/360"},
		{"predicate": {"custom_model_data":361}, "model": "new_totem_of_undying/361"},
		{"predicate": {"custom_model_data":362}, "model": "new_totem_of_undying/362"},
		{"predicate": {"custom_model_data":363}, "model": "new_totem_of_undying/363"},
		{"predicate": {"custom_model_data":364}, "model": "new_totem_of_undying/364"},
		{"predicate": {"custom_model_data":365}, "model": "new_totem_of_undying/365"},
		{"predicate": {"custom_model_data":366}, "model": "new_totem_of_undying/366"},
		{"predicate": {"custom_model_data":367}, "model": "new_totem_of_undying/367"},
		{"predicate": {"custom_model_data":368}, "model": "new_totem_of_undying/368"},
		{"predicate": {"custom_model_data":369}, "model": "new_totem_of_undying/369"},
		{"predicate": {"custom_model_data":370}, "model": "new_totem_of_undying/370"},
		{"predicate": {"custom_model_data":371}, "model": "new_totem_of_undying/371"},
		{"predicate": {"custom_model_data":372}, "model": "new_totem_of_undying/372"},
		{"predicate": {"custom_model_data":373}, "model": "new_totem_of_undying/373"},
		{"predicate": {"custom_model_data":374}, "model": "new_totem_of_undying/374"},
		{"predicate": {"custom_model_data":375}, "model": "new_totem_of_undying/375"},
		{"predicate": {"custom_model_data":376}, "model": "new_totem_of_undying/376"},
		{"predicate": {"custom_model_data":377}, "model": "new_totem_of_undying/377"},
		{"predicate": {"custom_model_data":378}, "model": "new_totem_of_undying/378"},
		{"predicate": {"custom_model_data":379}, "model": "new_totem_of_undying/379"},
		{"predicate": {"custom_model_data":380}, "model": "new_totem_of_undying/380"},
		{"predicate": {"custom_model_data":381}, "model": "new_totem_of_undying/381"},
		{"predicate": {"custom_model_data":382}, "model": "new_totem_of_undying/382"},
		{"predicate": {"custom_model_data":383}, "model": "new_totem_of_undying/383"},
		{"predicate": {"custom_model_data":384}, "model": "new_totem_of_undying/384"},
		{"predicate": {"custom_model_data":385}, "model": "new_totem_of_undying/385"},
		{"predicate": {"custom_model_data":386}, "model": "new_totem_of_undying/386"},
		{"predicate": {"custom_model_data":387}, "model": "new_totem_of_undying/387"},
		{"predicate": {"custom_model_data":388}, "model": "new_totem_of_undying/388"},
		{"predicate": {"custom_model_data":389}, "model": "new_totem_of_undying/389"},
		{"predicate": {"custom_model_data":390}, "model": "new_totem_of_undying/390"},
		{"predicate": {"custom_model_data":391}, "model": "new_totem_of_undying/391"},
		{"predicate": {"custom_model_data":392}, "model": "new_totem_of_undying/392"},
		{"predicate": {"custom_model_data":393}, "model": "new_totem_of_undying/393"},
		{"predicate": {"custom_model_data":394}, "model": "new_totem_of_undying/394"},
		{"predicate": {"custom_model_data":395}, "model": "new_totem_of_undying/395"},
		{"predicate": {"custom_model_data":396}, "model": "new_totem_of_undying/396"},
		{"predicate": {"custom_model_data":397}, "model": "new_totem_of_undying/397"},
		{"predicate": {"custom_model_data":398}, "model": "new_totem_of_undying/398"},
		{"predicate": {"custom_model_data":399}, "model": "new_totem_of_undying/399"},
		{"predicate": {"custom_model_data":400}, "model": "new_totem_of_undying/400"},
		{"predicate": {"custom_model_data":401}, "model": "new_totem_of_undying/401"},
		{"predicate": {"custom_model_data":402}, "model": "new_totem_of_undying/402"},
		{"predicate": {"custom_model_data":403}, "model": "new_totem_of_undying/403"},
		{"predicate": {"custom_model_data":404}, "model": "new_totem_of_undying/404"},
		{"predicate": {"custom_model_data":405}, "model": "new_totem_of_undying/405"},
		{"predicate": {"custom_model_data":406}, "model": "new_totem_of_undying/406"},
		{"predicate": {"custom_model_data":407}, "model": "new_totem_of_undying/407"},
		{"predicate": {"custom_model_data":408}, "model": "new_totem_of_undying/408"},
		{"predicate": {"custom_model_data":409}, "model": "new_totem_of_undying/409"},
		{"predicate": {"custom_model_data":410}, "model": "new_totem_of_undying/410"},
		{"predicate": {"custom_model_data":411}, "model": "new_totem_of_undying/411"},
		{"predicate": {"custom_model_data":412}, "model": "new_totem_of_undying/412"},
		{"predicate": {"custom_model_data":413}, "model": "new_totem_of_undying/413"},
		{"predicate": {"custom_model_data":414}, "model": "new_totem_of_undying/414"},
		{"predicate": {"custom_model_data":415}, "model": "new_totem_of_undying/415"},
		{"predicate": {"custom_model_data":416}, "model": "new_totem_of_undying/416"},
		{"predicate": {"custom_model_data":417}, "model": "new_totem_of_undying/417"},
		{"predicate": {"custom_model_data":418}, "model": "new_totem_of_undying/418"},
		{"predicate": {"custom_model_data":419}, "model": "new_totem_of_undying/419"},
		{"predicate": {"custom_model_data":420}, "model": "new_totem_of_undying/420"},
		{"predicate": {"custom_model_data":421}, "model": "new_totem_of_undying/421"},
		{"predicate": {"custom_model_data":422}, "model": "new_totem_of_undying/422"},
		{"predicate": {"custom_model_data":423}, "model": "new_totem_of_undying/423"},
		{"predicate": {"custom_model_data":424}, "model": "new_totem_of_undying/424"},
		{"predicate": {"custom_model_data":425}, "model": "new_totem_of_undying/425"},
		{"predicate": {"custom_model_data":426}, "model": "new_totem_of_undying/426"},
		{"predicate": {"custom_model_data":427}, "model": "new_totem_of_undying/427"},
		{"predicate": {"custom_model_data":428}, "model": "new_totem_of_undying/428"},
		{"predicate": {"custom_model_data":429}, "model": "new_totem_of_undying/429"},
		{"predicate": {"custom_model_data":430}, "model": "new_totem_of_undying/430"},
		{"predicate": {"custom_model_data":431}, "model": "new_totem_of_undying/431"},
		{"predicate": {"custom_model_data":432}, "model": "new_totem_of_undying/432"},
		{"predicate": {"custom_model_data":433}, "model": "new_totem_of_undying/433"},
		{"predicate": {"custom_model_data":434}, "model": "new_totem_of_undying/434"},
		{"predicate": {"custom_model_data":435}, "model": "new_totem_of_undying/435"},
		{"predicate": {"custom_model_data":436}, "model": "new_totem_of_undying/436"},
		{"predicate": {"custom_model_data":437}, "model": "new_totem_of_undying/437"},
		{"predicate": {"custom_model_data":438}, "model": "new_totem_of_undying/438"},
		{"predicate": {"custom_model_data":439}, "model": "new_totem_of_undying/439"},
		{"predicate": {"custom_model_data":440}, "model": "new_totem_of_undying/440"},
		{"predicate": {"custom_model_data":441}, "model": "new_totem_of_undying/441"},
		{"predicate": {"custom_model_data":442}, "model": "new_totem_of_undying/442"},
		{"predicate": {"custom_model_data":443}, "model": "new_totem_of_undying/443"},
		{"predicate": {"custom_model_data":444}, "model": "new_totem_of_undying/444"},
		{"predicate": {"custom_model_data":445}, "model": "new_totem_of_undying/445"},
		{"predicate": {"custom_model_data":446}, "model": "new_totem_of_undying/446"},
		{"predicate": {"custom_model_data":447}, "model": "new_totem_of_undying/447"},
		{"predicate": {"custom_model_data":448}, "model": "new_totem_of_undying/448"},
		{"predicate": {"custom_model_data":449}, "model": "new_totem_of_undying/449"},
		{"predicate": {"custom_model_data":450}, "model": "new_totem_of_undying/450"},
		{"predicate": {"custom_model_data":451}, "model": "new_totem_of_undying/451"},
		{"predicate": {"custom_model_data":452}, "model": "new_totem_of_undying/452"},
		{"predicate": {"custom_model_data":453}, "model": "new_totem_of_undying/453"},
		{"predicate": {"custom_model_data":454}, "model": "new_totem_of_undying/454"},
		{"predicate": {"custom_model_data":455}, "model": "new_totem_of_undying/455"},
		{"predicate": {"custom_model_data":456}, "model": "new_totem_of_undying/456"},
		{"predicate": {"custom_model_data":457}, "model": "new_totem_of_undying/457"},
		{"predicate": {"custom_model_data":458}, "model": "new_totem_of_undying/458"},
		{"predicate": {"custom_model_data":459}, "model": "new_totem_of_undying/459"},
		{"predicate": {"custom_model_data":460}, "model": "new_totem_of_undying/460"},
		{"predicate": {"custom_model_data":461}, "model": "new_totem_of_undying/461"},
		{"predicate": {"custom_model_data":462}, "model": "new_totem_of_undying/462"},
		{"predicate": {"custom_model_data":463}, "model": "new_totem_of_undying/463"},
		{"predicate": {"custom_model_data":464}, "model": "new_totem_of_undying/464"},
		{"predicate": {"custom_model_data":465}, "model": "new_totem_of_undying/465"},
		{"predicate": {"custom_model_data":466}, "model": "new_totem_of_undying/466"},
		{"predicate": {"custom_model_data":467}, "model": "new_totem_of_undying/467"},
		{"predicate": {"custom_model_data":468}, "model": "new_totem_of_undying/468"},
		{"predicate": {"custom_model_data":469}, "model": "new_totem_of_undying/469"},
		{"predicate": {"custom_model_data":470}, "model": "new_totem_of_undying/470"},
		{"predicate": {"custom_model_data":471}, "model": "new_totem_of_undying/471"},
		{"predicate": {"custom_model_data":472}, "model": "new_totem_of_undying/472"},
		{"predicate": {"custom_model_data":473}, "model": "new_totem_of_undying/473"},
		{"predicate": {"custom_model_data":474}, "model": "new_totem_of_undying/474"},
		{"predicate": {"custom_model_data":475}, "model": "new_totem_of_undying/475"},
		{"predicate": {"custom_model_data":476}, "model": "new_totem_of_undying/476"},
		{"predicate": {"custom_model_data":477}, "model": "new_totem_of_undying/477"},
		{"predicate": {"custom_model_data":478}, "model": "new_totem_of_undying/478"},
		{"predicate": {"custom_model_data":479}, "model": "new_totem_of_undying/479"},
		{"predicate": {"custom_model_data":480}, "model": "new_totem_of_undying/480"},
		{"predicate": {"custom_model_data":481}, "model": "new_totem_of_undying/481"},
		{"predicate": {"custom_model_data":482}, "model": "new_totem_of_undying/482"},
		{"predicate": {"custom_model_data":483}, "model": "new_totem_of_undying/483"},
		{"predicate": {"custom_model_data":484}, "model": "new_totem_of_undying/484"},
		{"predicate": {"custom_model_data":485}, "model": "new_totem_of_undying/485"},
		{"predicate": {"custom_model_data":486}, "model": "new_totem_of_undying/486"},
		{"predicate": {"custom_model_data":487}, "model": "new_totem_of_undying/487"},
		{"predicate": {"custom_model_data":488}, "model": "new_totem_of_undying/488"},
		{"predicate": {"custom_model_data":489}, "model": "new_totem_of_undying/489"},
		{"predicate": {"custom_model_data":490}, "model": "new_totem_of_undying/490"},
		{"predicate": {"custom_model_data":491}, "model": "new_totem_of_undying/491"},
		{"predicate": {"custom_model_data":492}, "model": "new_totem_of_undying/492"},
		{"predicate": {"custom_model_data":493}, "model": "new_totem_of_undying/493"},
		{"predicate": {"custom_model_data":494}, "model": "new_totem_of_undying/494"},
		{"predicate": {"custom_model_data":495}, "model": "new_totem_of_undying/495"},
		{"predicate": {"custom_model_data":496}, "model": "new_totem_of_undying/496"},
		{"predicate": {"custom_model_data":497}, "model": "new_totem_of_undying/497"},
		{"predicate": {"custom_model_data":498}, "model": "new_totem_of_undying/498"},
		{"predicate": {"custom_model_data":499}, "model": "new_totem_of_undying/499"}	
	]
}
