{
	"credit": "Made with Blockbench",
	"textures": {
		"0": "items/rgbsheet1",
		"1": "items/glasspanetexture",
		"2": "items/qavassets1",
		"3": "items/qavlicenseplates",
		"4": "items/freediamondstext",
		"5": "items/texturedmaterials2",
		"particle": "items/rgbsheet1"
	},
	"elements": [
		{
			"from": [0, 3.5, 32],
			"to": [0.75, 7.25, 32],
			"faces": {
				"north": {"uv": [4, 6, 5, 7], "texture": "#0"},
				"east": {"uv": [4, 6, 5, 7], "texture": "#0"},
				"south": {"uv": [4, 6, 5, 7], "texture": "#0"},
				"west": {"uv": [4, 6, 5, 7], "texture": "#0"},
				"up": {"uv": [4, 6, 5, 7], "texture": "#0"},
				"down": {"uv": [4, 6, 5, 7], "texture": "#0"}
			}
		},
		{
			"from": [15.25, 3.5, 32],
			"to": [16, 7.25, 32],
			"faces": {
				"north": {"uv": [4, 6, 5, 7], "texture": "#0"},
				"east": {"uv": [4, 6, 5, 7], "texture": "#0"},
				"south": {"uv": [4, 6, 5, 7], "texture": "#0"},
				"west": {"uv": [4, 6, 5, 7], "texture": "#0"},
				"up": {"uv": [4, 6, 5, 7], "texture": "#0"},
				"down": {"uv": [4, 6, 5, 7], "texture": "#0"}
			}
		},
		{
			"from": [-0.01, 2, 12],
			"to": [0.24, 18, 32],
			"faces": {
				"north": {"uv": [14, 14, 15, 15], "texture": "#0"},
				"east": {"uv": [14, 14, 15, 15], "texture": "#0"},
				"south": {"uv": [14, 14, 15, 15], "texture": "#0"},
				"west": {"uv": [0, 0, 16, 16], "texture": "#4"},
				"up": {"uv": [14, 14, 15, 15], "texture": "#0"},
				"down": {"uv": [14, 14, 15, 15], "texture": "#0"}
			}
		},
		{
			"from": [0.5, 10, 31.5],
			"to": [15.75, 18.25, 31.6],
			"faces": {
				"north": {"uv": [0, 0, 16, 16], "texture": "#1"},
				"east": {"uv": [0, 0, 16, 16], "texture": "#1"},
				"south": {"uv": [0, 0, 16, 16], "texture": "#1"},
				"west": {"uv": [0, 0, 16, 16], "texture": "#1"},
				"up": {"uv": [0, 0, 16, 16], "texture": "#1"},
				"down": {"uv": [0, 0, 16, 16], "texture": "#1"}
			}
		},
		{
			"from": [15.75, 2, 12],
			"to": [16, 18, 32],
			"faces": {
				"north": {"uv": [8, 12, 8.25, 28], "texture": "#5"},
				"east": {"uv": [8, 12, 24, 28], "texture": "#5"},
				"south": {"uv": [8, 12, 8.25, 28], "texture": "#5"},
				"west": {"uv": [8, 12, 24, 28], "texture": "#5"},
				"up": {"uv": [8, 12, 8.25, 28], "texture": "#5"},
				"down": {"uv": [8, 12, 8.25, 28], "texture": "#5"}
			}
		},
		{
			"from": [15.74, 10.75, 5.5],
			"to": [15.99, 18, 12],
			"faces": {
				"north": {"uv": [0, 0, 16, 16], "texture": "#1"},
				"east": {"uv": [0, 0, 16, 16], "texture": "#1"},
				"south": {"uv": [0, 0, 16, 16], "texture": "#1"},
				"west": {"uv": [0, 0, 16, 16], "texture": "#1"},
				"up": {"uv": [0, 0, 16, 16], "texture": "#1"},
				"down": {"uv": [0, 0, 16, 16], "texture": "#1"}
			}
		},
		{
			"from": [-0.01, 10.75, -3.5],
			"to": [0.24, 13.5, 4.75],
			"faces": {
				"north": {"uv": [0, 0, 16, 4], "texture": "#1"},
				"east": {"uv": [0, 0, 16, 4], "texture": "#1"},
				"south": {"uv": [0, 0, 16, 4], "texture": "#1"},
				"west": {"uv": [0, 0, 16, 4], "texture": "#1"},
				"up": {"uv": [0, 0, 16, 4], "texture": "#1"},
				"down": {"uv": [0, 0, 16, 4], "texture": "#1"}
			}
		},
		{
			"from": [15.74, 10.75, -3.5],
			"to": [15.99, 14.5, 4.75],
			"faces": {
				"north": {"uv": [0, 0, 16, 3], "texture": "#1"},
				"east": {"uv": [0, 0, 16, 3], "texture": "#1"},
				"south": {"uv": [0, 0, 16, 3], "texture": "#1"},
				"west": {"uv": [0, 0, 16, 3], "texture": "#1"},
				"up": {"uv": [0, 0, 16, 3], "texture": "#1"},
				"down": {"uv": [0, 0, 16, 3], "texture": "#1"}
			}
		},
		{
			"from": [-0.01, 10.75, 5.5],
			"to": [0.24, 18, 12],
			"faces": {
				"north": {"uv": [0, 0, 16, 16], "texture": "#1"},
				"east": {"uv": [0, 0, 16, 16], "texture": "#1"},
				"south": {"uv": [0, 0, 16, 16], "texture": "#1"},
				"west": {"uv": [0, 0, 16, 16], "texture": "#1"},
				"up": {"uv": [0, 0, 16, 16], "texture": "#1"},
				"down": {"uv": [0, 0, 16, 16], "texture": "#1"}
			}
		},
		{
			"from": [-0.01, 2, 5.5],
			"to": [0.24, 10.75, 12],
			"faces": {
				"north": {"uv": [8, 12, 8.25, 20.75], "texture": "#5"},
				"east": {"uv": [8, 12, 14.5, 20.75], "texture": "#5"},
				"south": {"uv": [8, 12, 8.25, 20.75], "texture": "#5"},
				"west": {"uv": [8, 12, 14.5, 20.75], "texture": "#5"},
				"up": {"uv": [8, 12, 8.25, 18.5], "texture": "#5"},
				"down": {"uv": [8, 12, 8.25, 18.5], "texture": "#5"}
			}
		},
		{
			"from": [15.75, 2, 5.5],
			"to": [16, 10.75, 12],
			"faces": {
				"north": {"uv": [8, 12, 8.25, 20.75], "texture": "#5"},
				"east": {"uv": [8, 12, 14.5, 20.75], "texture": "#5"},
				"south": {"uv": [8, 12, 8.25, 20.75], "texture": "#5"},
				"west": {"uv": [8, 12, 14.5, 20.75], "texture": "#5"},
				"up": {"uv": [8, 12, 8.25, 18.5], "texture": "#5"},
				"down": {"uv": [8, 12, 8.25, 18.5], "texture": "#5"}
			}
		},
		{
			"from": [-0.01, 2, -5.5],
			"to": [0.24, 10.75, 4.75],
			"faces": {
				"north": {"uv": [8, 12, 8.25, 20.75], "texture": "#5"},
				"east": {"uv": [8, 12, 18.25, 20.75], "texture": "#5"},
				"south": {"uv": [8, 12, 8.25, 20.75], "texture": "#5"},
				"west": {"uv": [8, 12, 18.25, 20.75], "texture": "#5"},
				"up": {"uv": [8, 12, 8.25, 22.25], "texture": "#5"},
				"down": {"uv": [8, 12, 8.25, 22.25], "texture": "#5"}
			}
		},
		{
			"from": [15.75, 2, -5.5],
			"to": [16, 10.75, 4.75],
			"faces": {
				"north": {"uv": [8, 12, 8.25, 20.75], "texture": "#5"},
				"east": {"uv": [8, 12, 18.25, 20.75], "texture": "#5"},
				"south": {"uv": [8, 12, 8.25, 20.75], "texture": "#5"},
				"west": {"uv": [8, 12, 18.25, 20.75], "texture": "#5"},
				"up": {"uv": [8, 12, 8.25, 22.25], "texture": "#5"},
				"down": {"uv": [8, 12, 8.25, 22.25], "texture": "#5"}
			}
		},
		{
			"from": [14, 5.5, -4.25],
			"to": [16, 19, -3.75],
			"rotation": {"angle": 22.5, "axis": "x", "origin": [22, 11.5, -4]},
			"faces": {
				"north": {"uv": [15, 14, 16, 15], "rotation": 180, "texture": "#0"},
				"east": {"uv": [15, 14, 16, 15], "rotation": 180, "texture": "#0"},
				"south": {"uv": [15, 14, 16, 15], "rotation": 180, "texture": "#0"},
				"west": {"uv": [15, 14, 16, 15], "rotation": 180, "texture": "#0"},
				"up": {"uv": [15, 14, 16, 15], "rotation": 180, "texture": "#0"},
				"down": {"uv": [15, 14, 16, 15], "rotation": 180, "texture": "#0"}
			}
		},
		{
			"name": "glass",
			"from": [2, 8.5, -4],
			"to": [14, 19, -3.8],
			"rotation": {"angle": 22.5, "axis": "x", "origin": [22, 11.5, -4]},
			"faces": {
				"north": {"uv": [0, 0, 16, 16], "rotation": 180, "texture": "#1"},
				"east": {"uv": [0, 0, 16, 16], "rotation": 180, "texture": "#1"},
				"south": {"uv": [0, 0, 16, 16], "rotation": 180, "texture": "#1"},
				"west": {"uv": [0, 0, 16, 16], "rotation": 180, "texture": "#1"},
				"up": {"uv": [0, 0, 16, 16], "rotation": 180, "texture": "#1"},
				"down": {"uv": [0, 0, 16, 16], "rotation": 180, "texture": "#1"}
			}
		},
		{
			"from": [0, 5.5, -4.25],
			"to": [2, 19, -3.75],
			"rotation": {"angle": 22.5, "axis": "x", "origin": [8, 11.5, -4]},
			"faces": {
				"north": {"uv": [15, 14, 16, 15], "rotation": 180, "texture": "#0"},
				"east": {"uv": [15, 14, 16, 15], "rotation": 180, "texture": "#0"},
				"south": {"uv": [15, 14, 16, 15], "rotation": 180, "texture": "#0"},
				"west": {"uv": [15, 14, 16, 15], "rotation": 180, "texture": "#0"},
				"up": {"uv": [15, 14, 16, 15], "rotation": 180, "texture": "#0"},
				"down": {"uv": [15, 14, 16, 15], "rotation": 180, "texture": "#0"}
			}
		},
		{
			"from": [0, 0.25, 31.5],
			"to": [15.75, 2, 32],
			"faces": {
				"north": {"uv": [7, 15, 8, 16], "texture": "#0"},
				"east": {"uv": [7, 15, 8, 16], "texture": "#0"},
				"south": {"uv": [7, 15, 8, 16], "texture": "#0"},
				"west": {"uv": [7, 15, 8, 16], "texture": "#0"},
				"up": {"uv": [7, 15, 8, 16], "texture": "#0"},
				"down": {"uv": [7, 15, 8, 16], "texture": "#0"}
			}
		},
		{
			"from": [0, 3, 7],
			"to": [15.75, 4.25, 30.5],
			"faces": {
				"north": {"uv": [6, 15, 7, 16], "texture": "#0"},
				"east": {"uv": [6, 15, 7, 16], "texture": "#0"},
				"south": {"uv": [6, 15, 7, 16], "texture": "#0"},
				"west": {"uv": [6, 15, 7, 16], "texture": "#0"},
				"up": {"uv": [8, 15, 9, 16], "texture": "#0"},
				"down": {"uv": [6, 15, 7, 16], "texture": "#0"}
			}
		},
		{
			"from": [0, 1.75, 31],
			"to": [15.75, 10, 31.75],
			"faces": {
				"north": {"uv": [8, 12, 23.75, 20.25], "texture": "#5"},
				"east": {"uv": [8, 12, 8.75, 20.25], "texture": "#5"},
				"south": {"uv": [8, 12, 23.75, 20.25], "texture": "#5"},
				"west": {"uv": [8, 12, 8.75, 20.25], "texture": "#5"},
				"up": {"uv": [8, 12, 23.75, 12.75], "texture": "#5"},
				"down": {"uv": [8, 12, 23.75, 12.75], "texture": "#5"}
			}
		},
		{
			"from": [1.75, 5.5, -6.25],
			"to": [14.25, 8, -4],
			"faces": {
				"north": {"uv": [6, 15, 7, 16], "texture": "#0"},
				"east": {"uv": [6, 15, 7, 16], "texture": "#0"},
				"south": {"uv": [6, 15, 7, 16], "texture": "#0"},
				"west": {"uv": [6, 15, 7, 16], "texture": "#0"},
				"up": {"uv": [6, 15, 7, 16], "texture": "#0"},
				"down": {"uv": [6, 15, 7, 16], "texture": "#0"}
			}
		},
		{
			"from": [5.25, 5.75, -4.75],
			"to": [9, 7.25, -3.25],
			"faces": {
				"north": {"uv": [6, 15, 7, 16], "texture": "#0"},
				"east": {"uv": [6, 15, 7, 16], "texture": "#0"},
				"south": {"uv": [6, 15, 7, 16], "texture": "#0"},
				"west": {"uv": [6, 15, 7, 16], "texture": "#0"},
				"up": {"uv": [6, 15, 7, 16], "texture": "#0"},
				"down": {"uv": [6, 15, 7, 16], "texture": "#0"}
			}
		},
		{
			"from": [12.75, 9, -15.25],
			"to": [15.25, 10.5, -3.75],
			"faces": {
				"north": {"uv": [8, 12, 10.5, 13.5], "texture": "#5"},
				"east": {"uv": [8, 12, 19.5, 13.5], "texture": "#5"},
				"south": {"uv": [8, 12, 10.5, 13.5], "texture": "#5"},
				"west": {"uv": [8, 12, 19.5, 13.5], "texture": "#5"},
				"up": {"uv": [8, 12, 10.5, 23.5], "texture": "#5"},
				"down": {"uv": [8, 12, 10.5, 23.5], "texture": "#5"}
			}
		},
		{
			"from": [0.75, 9, -15.25],
			"to": [3.25, 10.5, -3.75],
			"faces": {
				"north": {"uv": [8, 12, 10.5, 13.5], "texture": "#5"},
				"east": {"uv": [8, 12, 19.5, 13.5], "texture": "#5"},
				"south": {"uv": [8, 12, 10.5, 13.5], "texture": "#5"},
				"west": {"uv": [8, 12, 19.5, 13.5], "texture": "#5"},
				"up": {"uv": [8, 12, 10.5, 23.5], "texture": "#5"},
				"down": {"uv": [8, 12, 10.5, 23.5], "texture": "#5"}
			}
		},
		{
			"from": [13, 9, -15.5],
			"to": [15, 10.5, -15.25],
			"faces": {
				"north": {"uv": [4, 4.5, 7, 8], "texture": "#2"},
				"east": {"uv": [6, 15, 7, 16], "texture": "#0"},
				"south": {"uv": [6, 15, 7, 16], "texture": "#0"},
				"west": {"uv": [6, 15, 7, 16], "texture": "#0"},
				"up": {"uv": [6, 15, 7, 16], "texture": "#0"},
				"down": {"uv": [6, 15, 7, 16], "texture": "#0"}
			}
		},
		{
			"from": [1, 9, -15.5],
			"to": [3, 10.5, -15.25],
			"faces": {
				"north": {"uv": [4, 4.5, 7, 8], "texture": "#2"},
				"east": {"uv": [6, 15, 7, 16], "texture": "#0"},
				"south": {"uv": [6, 15, 7, 16], "texture": "#0"},
				"west": {"uv": [6, 15, 7, 16], "texture": "#0"},
				"up": {"uv": [6, 15, 7, 16], "texture": "#0"},
				"down": {"uv": [6, 15, 7, 16], "texture": "#0"}
			}
		},
		{
			"from": [4.75, 9, -15.25],
			"to": [11.25, 11.5, -3.75],
			"faces": {
				"north": {"uv": [8, 12, 14.5, 14.5], "texture": "#5"},
				"east": {"uv": [8, 12, 19.5, 14.5], "texture": "#5"},
				"south": {"uv": [8, 12, 14.5, 14.5], "texture": "#5"},
				"west": {"uv": [8, 12, 19.5, 14.5], "texture": "#5"},
				"up": {"uv": [8, 12, 14.5, 23.5], "texture": "#5"},
				"down": {"uv": [8, 12, 14.5, 23.5], "texture": "#5"}
			}
		},
		{
			"from": [1, 3.75, -15.5],
			"to": [15, 8.5, -4],
			"faces": {
				"north": {"uv": [7, 4, 13, 8], "texture": "#2"},
				"east": {"uv": [14, 14, 15, 15], "texture": "#0"},
				"south": {"uv": [6, 15, 7, 16], "texture": "#0"},
				"west": {"uv": [14, 14, 15, 15], "texture": "#0"},
				"up": {"uv": [6, 15, 7, 16], "texture": "#0"},
				"down": {"uv": [6, 15, 7, 16], "texture": "#0"}
			}
		},
		{
			"from": [5, 1, -16],
			"to": [10.5, 2, -15.9],
			"rotation": {"angle": 22.5, "axis": "z", "origin": [8.75, 2.75, -15.95]},
			"faces": {
				"north": {"uv": [0, 8, 8, 8.25], "texture": "#3"},
				"east": {"uv": [6, 15, 7, 16], "texture": "#0"},
				"south": {"uv": [6, 15, 7, 16], "texture": "#0"},
				"west": {"uv": [6, 15, 7, 16], "texture": "#0"},
				"up": {"uv": [6, 15, 7, 16], "texture": "#0"},
				"down": {"uv": [6, 15, 7, 16], "texture": "#0"}
			}
		},
		{
			"from": [0, 1.75, -6.75],
			"to": [16, 3.75, -4.5],
			"faces": {
				"north": {"uv": [6, 15, 7, 16], "texture": "#0"},
				"east": {"uv": [14, 14, 15, 15], "texture": "#0"},
				"south": {"uv": [6, 15, 7, 16], "texture": "#0"},
				"west": {"uv": [14, 14, 15, 15], "texture": "#0"},
				"up": {"uv": [6, 15, 7, 16], "texture": "#0"},
				"down": {"uv": [6, 15, 7, 16], "texture": "#0"}
			}
		},
		{
			"from": [0, 1.75, -15.5],
			"to": [16, 3.75, -2.75],
			"faces": {
				"north": {"uv": [9, 15, 10, 16], "texture": "#0"},
				"east": {"uv": [15, 14, 16, 15], "texture": "#0"},
				"south": {"uv": [15, 14, 16, 15], "texture": "#0"},
				"west": {"uv": [15, 14, 16, 15], "texture": "#0"},
				"up": {"uv": [15, 14, 16, 15], "texture": "#0"},
				"down": {"uv": [15, 14, 16, 15], "texture": "#0"}
			}
		},
		{
			"from": [0, 3.75, -15],
			"to": [16, 10.25, -4.5],
			"faces": {
				"north": {"uv": [8, 12, 24, 18.5], "texture": "#5"},
				"east": {"uv": [8, 12, 18.5, 18.5], "texture": "#5"},
				"south": {"uv": [8, 12, 24, 18.5], "texture": "#5"},
				"west": {"uv": [8, 12, 18.5, 18.5], "texture": "#5"},
				"up": {"uv": [8, 12, 24, 22.5], "texture": "#5"},
				"down": {"uv": [8, 12, 24, 22.5], "texture": "#5"}
			}
		},
		{
			"from": [0.25, 0.75, -15.75],
			"to": [15.5, 2.25, 31.5],
			"faces": {
				"north": {"uv": [9, 15, 10, 16], "texture": "#0"},
				"east": {"uv": [15, 14, 16, 15], "texture": "#0"},
				"south": {"uv": [15, 14, 16, 15], "texture": "#0"},
				"west": {"uv": [15, 14, 16, 15], "texture": "#0"},
				"up": {"uv": [15, 14, 16, 15], "texture": "#0"},
				"down": {"uv": [15, 14, 16, 15], "texture": "#0"}
			}
		},
		{
			"from": [8.5, 2.5, 0],
			"to": [15.5, 6.5, 6],
			"faces": {
				"north": {"uv": [0, 4, 4, 8], "texture": "#2"},
				"east": {"uv": [0, 4, 4, 8], "texture": "#2"},
				"south": {"uv": [0, 4, 4, 8], "texture": "#2"},
				"west": {"uv": [0, 4, 4, 8], "texture": "#2"},
				"up": {"uv": [0, 4, 4, 8], "texture": "#2"},
				"down": {"uv": [0, 4, 4, 8], "texture": "#2"}
			}
		},
		{
			"from": [8.5, 2.5, 6],
			"to": [15.5, 12.5, 7],
			"faces": {
				"north": {"uv": [0, 4, 4, 8], "texture": "#2"},
				"east": {"uv": [0, 4, 4, 8], "texture": "#2"},
				"south": {"uv": [0, 4, 4, 8], "texture": "#2"},
				"west": {"uv": [0, 4, 4, 8], "texture": "#2"},
				"up": {"uv": [0, 4, 4, 8], "texture": "#2"},
				"down": {"uv": [0, 4, 4, 8], "texture": "#2"}
			}
		},
		{
			"from": [0.75, 2.5, 0],
			"to": [7.75, 6.5, 6],
			"faces": {
				"north": {"uv": [0, 4, 4, 8], "texture": "#2"},
				"east": {"uv": [0, 4, 4, 8], "texture": "#2"},
				"south": {"uv": [0, 4, 4, 8], "texture": "#2"},
				"west": {"uv": [0, 4, 4, 8], "texture": "#2"},
				"up": {"uv": [0, 4, 4, 8], "texture": "#2"},
				"down": {"uv": [0, 4, 4, 8], "texture": "#2"}
			}
		},
		{
			"from": [0.75, 2.5, 6],
			"to": [7.75, 12.5, 7],
			"faces": {
				"north": {"uv": [0, 4, 4, 8], "texture": "#2"},
				"east": {"uv": [0, 4, 4, 8], "texture": "#2"},
				"south": {"uv": [0, 4, 4, 8], "texture": "#2"},
				"west": {"uv": [0, 4, 4, 8], "texture": "#2"},
				"up": {"uv": [0, 4, 4, 8], "texture": "#2"},
				"down": {"uv": [0, 4, 4, 8], "texture": "#2"}
			}
		},
		{
			"from": [2.5, 6.5, -4.5],
			"to": [3.5, 7.25, -2.5],
			"faces": {
				"north": {"uv": [10, 14, 11, 15], "texture": "#0"},
				"east": {"uv": [10, 14, 11, 15], "texture": "#0"},
				"south": {"uv": [10, 14, 11, 15], "texture": "#0"},
				"west": {"uv": [10, 14, 11, 15], "texture": "#0"},
				"up": {"uv": [10, 14, 11, 15], "texture": "#0"},
				"down": {"uv": [10, 14, 11, 15], "texture": "#0"}
			}
		},
		{
			"from": [1.75, 8.25, -2.5],
			"to": [2, 8.5, -2],
			"faces": {
				"north": {"uv": [10, 14, 11, 15], "texture": "#0"},
				"east": {"uv": [10, 14, 11, 15], "texture": "#0"},
				"south": {"uv": [10, 14, 11, 15], "texture": "#0"},
				"west": {"uv": [10, 14, 11, 15], "texture": "#0"},
				"up": {"uv": [10, 14, 11, 15], "texture": "#0"},
				"down": {"uv": [10, 14, 11, 15], "texture": "#0"}
			}
		},
		{
			"from": [1.5, 6.25, -2.5],
			"to": [1.75, 8.25, -2],
			"faces": {
				"north": {"uv": [10, 14, 11, 15], "texture": "#0"},
				"east": {"uv": [10, 14, 11, 15], "texture": "#0"},
				"south": {"uv": [10, 14, 11, 15], "texture": "#0"},
				"west": {"uv": [10, 14, 11, 15], "texture": "#0"},
				"up": {"uv": [10, 14, 11, 15], "texture": "#0"},
				"down": {"uv": [10, 14, 11, 15], "texture": "#0"}
			}
		},
		{
			"from": [2, 6.5, -2.5],
			"to": [4, 8, -2],
			"faces": {
				"north": {"uv": [10, 14, 11, 15], "texture": "#0"},
				"east": {"uv": [10, 14, 11, 15], "texture": "#0"},
				"south": {"uv": [10, 14, 11, 15], "texture": "#0"},
				"west": {"uv": [10, 14, 11, 15], "texture": "#0"},
				"up": {"uv": [10, 14, 11, 15], "texture": "#0"},
				"down": {"uv": [10, 14, 11, 15], "texture": "#0"}
			}
		},
		{
			"from": [2, 5.75, -2.5],
			"to": [4, 6, -2],
			"faces": {
				"north": {"uv": [10, 14, 11, 15], "texture": "#0"},
				"east": {"uv": [10, 14, 11, 15], "texture": "#0"},
				"south": {"uv": [10, 14, 11, 15], "texture": "#0"},
				"west": {"uv": [10, 14, 11, 15], "texture": "#0"},
				"up": {"uv": [10, 14, 11, 15], "texture": "#0"},
				"down": {"uv": [10, 14, 11, 15], "texture": "#0"}
			}
		},
		{
			"from": [1.75, 6, -2.5],
			"to": [2, 6.25, -2],
			"faces": {
				"north": {"uv": [10, 14, 11, 15], "texture": "#0"},
				"east": {"uv": [10, 14, 11, 15], "texture": "#0"},
				"south": {"uv": [10, 14, 11, 15], "texture": "#0"},
				"west": {"uv": [10, 14, 11, 15], "texture": "#0"},
				"up": {"uv": [10, 14, 11, 15], "texture": "#0"},
				"down": {"uv": [10, 14, 11, 15], "texture": "#0"}
			}
		},
		{
			"from": [4, 6, -2.5],
			"to": [4.25, 6.25, -2],
			"faces": {
				"north": {"uv": [10, 14, 11, 15], "texture": "#0"},
				"east": {"uv": [10, 14, 11, 15], "texture": "#0"},
				"south": {"uv": [10, 14, 11, 15], "texture": "#0"},
				"west": {"uv": [10, 14, 11, 15], "texture": "#0"},
				"up": {"uv": [10, 14, 11, 15], "texture": "#0"},
				"down": {"uv": [10, 14, 11, 15], "texture": "#0"}
			}
		},
		{
			"from": [4.25, 6.25, -2.5],
			"to": [4.5, 8.25, -2],
			"faces": {
				"north": {"uv": [10, 14, 11, 15], "texture": "#0"},
				"east": {"uv": [10, 14, 11, 15], "texture": "#0"},
				"south": {"uv": [10, 14, 11, 15], "texture": "#0"},
				"west": {"uv": [10, 14, 11, 15], "texture": "#0"},
				"up": {"uv": [10, 14, 11, 15], "texture": "#0"},
				"down": {"uv": [10, 14, 11, 15], "texture": "#0"}
			}
		},
		{
			"from": [4, 8.25, -2.5],
			"to": [4.25, 8.5, -2],
			"faces": {
				"north": {"uv": [10, 14, 11, 15], "texture": "#0"},
				"east": {"uv": [10, 14, 11, 15], "texture": "#0"},
				"south": {"uv": [10, 14, 11, 15], "texture": "#0"},
				"west": {"uv": [10, 14, 11, 15], "texture": "#0"},
				"up": {"uv": [10, 14, 11, 15], "texture": "#0"},
				"down": {"uv": [10, 14, 11, 15], "texture": "#0"}
			}
		},
		{
			"from": [2, 8.5, -2.5],
			"to": [4, 8.75, -2],
			"faces": {
				"north": {"uv": [10, 14, 11, 15], "texture": "#0"},
				"east": {"uv": [10, 14, 11, 15], "texture": "#0"},
				"south": {"uv": [10, 14, 11, 15], "texture": "#0"},
				"west": {"uv": [10, 14, 11, 15], "texture": "#0"},
				"up": {"uv": [10, 14, 11, 15], "texture": "#0"},
				"down": {"uv": [10, 14, 11, 15], "texture": "#0"}
			}
		},
		{
			"from": [15.75, 1.75, 4.75],
			"to": [16, 18.25, 5.5],
			"faces": {
				"north": {"uv": [8, 12, 8.25, 28], "texture": "#5"},
				"east": {"uv": [8, 12, 8.75, 28], "texture": "#5"},
				"south": {"uv": [8, 12, 8.25, 28], "texture": "#5"},
				"west": {"uv": [8, 12, 8.75, 28], "texture": "#5"},
				"up": {"uv": [8, 12, 8.25, 12.75], "texture": "#5"},
				"down": {"uv": [8, 12, 8.25, 12.75], "texture": "#5"}
			}
		},
		{
			"from": [-0.01, 1.5, 4.75],
			"to": [0.24, 18.25, 5.5],
			"faces": {
				"north": {"uv": [8, 12, 8.25, 28], "texture": "#5"},
				"east": {"uv": [8, 12, 8.75, 28], "texture": "#5"},
				"south": {"uv": [8, 12, 8.25, 28], "texture": "#5"},
				"west": {"uv": [8, 12, 8.75, 28], "texture": "#5"},
				"up": {"uv": [8, 12, 8.25, 12.75], "texture": "#5"},
				"down": {"uv": [8, 12, 8.25, 12.75], "texture": "#5"}
			}
		},
		{
			"from": [0, 18, -1.25],
			"to": [16, 18.75, 31.75],
			"faces": {
				"north": {"uv": [8, 12, 16, 16], "texture": "#5"},
				"east": {"uv": [8, 12, 16, 16], "texture": "#5"},
				"south": {"uv": [8, 12, 16, 16], "texture": "#5"},
				"west": {"uv": [8, 12, 16, 16], "texture": "#5"},
				"up": {"uv": [8, 12, 16, 16], "texture": "#5"},
				"down": {"uv": [8, 12, 16, 16], "texture": "#5"}
			}
		},
		{
			"from": [13.25, -2.25, 23.75],
			"to": [16.75, 3.75, 25.25],
			"faces": {
				"north": {"uv": [0, 12, 4, 16], "rotation": 180, "texture": "#2"},
				"east": {"uv": [0, 9, 4, 11], "rotation": 270, "texture": "#2"},
				"south": {"uv": [0, 12, 4, 16], "texture": "#2"},
				"west": {"uv": [0, 9, 4, 11], "rotation": 90, "texture": "#2"},
				"up": {"uv": [0, 12, 4, 16], "rotation": 180, "texture": "#2"},
				"down": {"uv": [0, 12, 4, 16], "texture": "#2"}
			}
		},
		{
			"from": [13.25, 0, 21.5],
			"to": [16.75, 1.5, 27.5],
			"rotation": {"angle": 22.5, "axis": "x", "origin": [15, 0.75, 24.5]},
			"faces": {
				"north": {"uv": [0, 12, 4, 16], "rotation": 180, "texture": "#2"},
				"east": {"uv": [0, 9, 4, 11], "rotation": 180, "texture": "#2"},
				"south": {"uv": [0, 12, 4, 16], "rotation": 180, "texture": "#2"},
				"west": {"uv": [0, 9, 4, 11], "rotation": 180, "texture": "#2"},
				"up": {"uv": [0, 12, 4, 16], "texture": "#2"},
				"down": {"uv": [0, 12, 4, 16], "texture": "#2"}
			}
		},
		{
			"from": [13.25, -2.25, 23.75],
			"to": [16.75, 3.75, 25.25],
			"rotation": {"angle": 22.5, "axis": "x", "origin": [15, 0.75, 24.5]},
			"faces": {
				"north": {"uv": [0, 12, 4, 16], "rotation": 180, "texture": "#2"},
				"east": {"uv": [0, 9, 4, 11], "rotation": 270, "texture": "#2"},
				"south": {"uv": [0, 12, 4, 16], "texture": "#2"},
				"west": {"uv": [0, 9, 4, 11], "rotation": 90, "texture": "#2"},
				"up": {"uv": [0, 12, 4, 16], "rotation": 180, "texture": "#2"},
				"down": {"uv": [0, 12, 4, 16], "texture": "#2"}
			}
		},
		{
			"from": [13.25, 0, 21.5],
			"to": [16.75, 1.5, 27.5],
			"rotation": {"angle": 45, "axis": "x", "origin": [15, 0.75, 24.5]},
			"faces": {
				"north": {"uv": [0, 12, 4, 16], "rotation": 180, "texture": "#2"},
				"east": {"uv": [0, 9, 4, 11], "rotation": 180, "texture": "#2"},
				"south": {"uv": [0, 12, 4, 16], "rotation": 180, "texture": "#2"},
				"west": {"uv": [0, 9, 4, 11], "rotation": 180, "texture": "#2"},
				"up": {"uv": [0, 12, 4, 16], "texture": "#2"},
				"down": {"uv": [0, 12, 4, 16], "texture": "#2"}
			}
		},
		{
			"from": [13.25, -2.25, 23.75],
			"to": [16.75, 3.75, 25.25],
			"rotation": {"angle": 45, "axis": "x", "origin": [15, 0.75, 24.5]},
			"faces": {
				"north": {"uv": [0, 12, 4, 16], "rotation": 180, "texture": "#2"},
				"east": {"uv": [0, 9, 4, 11], "rotation": 270, "texture": "#2"},
				"south": {"uv": [0, 12, 4, 16], "texture": "#2"},
				"west": {"uv": [0, 9, 4, 11], "rotation": 90, "texture": "#2"},
				"up": {"uv": [0, 12, 4, 16], "rotation": 180, "texture": "#2"},
				"down": {"uv": [0, 12, 4, 16], "texture": "#2"}
			}
		},
		{
			"from": [13.25, 0, 21.5],
			"to": [16.75, 1.5, 27.5],
			"rotation": {"angle": -22.5, "axis": "x", "origin": [15, 0.75, 24.5]},
			"faces": {
				"north": {"uv": [0, 12, 4, 16], "rotation": 180, "texture": "#2"},
				"east": {"uv": [0, 9, 4, 11], "rotation": 180, "texture": "#2"},
				"south": {"uv": [0, 12, 4, 16], "rotation": 180, "texture": "#2"},
				"west": {"uv": [0, 9, 4, 11], "rotation": 180, "texture": "#2"},
				"up": {"uv": [0, 12, 4, 16], "texture": "#2"},
				"down": {"uv": [0, 12, 4, 16], "texture": "#2"}
			}
		},
		{
			"from": [13.25, 0, 21.5],
			"to": [16.75, 1.5, 27.5],
			"faces": {
				"north": {"uv": [0, 12, 4, 16], "rotation": 180, "texture": "#2"},
				"east": {"uv": [0, 9, 4, 11], "rotation": 180, "texture": "#2"},
				"south": {"uv": [0, 12, 4, 16], "rotation": 180, "texture": "#2"},
				"west": {"uv": [0, 9, 4, 11], "rotation": 180, "texture": "#2"},
				"up": {"uv": [0, 12, 4, 16], "texture": "#2"},
				"down": {"uv": [0, 12, 4, 16], "texture": "#2"}
			}
		},
		{
			"from": [13.25, -2.25, 23.75],
			"to": [16.75, 3.75, 25.25],
			"rotation": {"angle": -22.5, "axis": "x", "origin": [15, 0.75, 24.5]},
			"faces": {
				"north": {"uv": [0, 12, 4, 16], "rotation": 180, "texture": "#2"},
				"east": {"uv": [0, 9, 4, 11], "rotation": 90, "texture": "#2"},
				"south": {"uv": [0, 12, 4, 16], "texture": "#2"},
				"west": {"uv": [0, 9, 4, 11], "rotation": 270, "texture": "#2"},
				"up": {"uv": [0, 12, 4, 16], "texture": "#2"},
				"down": {"uv": [0, 12, 4, 16], "rotation": 180, "texture": "#2"}
			}
		},
		{
			"from": [-0.75, -2.25, 23.75],
			"to": [2.75, 3.75, 25.25],
			"faces": {
				"north": {"uv": [0, 12, 4, 16], "rotation": 180, "texture": "#2"},
				"east": {"uv": [0, 9, 4, 11], "rotation": 270, "texture": "#2"},
				"south": {"uv": [0, 12, 4, 16], "texture": "#2"},
				"west": {"uv": [0, 9, 4, 11], "rotation": 90, "texture": "#2"},
				"up": {"uv": [0, 12, 4, 16], "rotation": 180, "texture": "#2"},
				"down": {"uv": [0, 12, 4, 16], "texture": "#2"}
			}
		},
		{
			"from": [-0.75, 0, 21.5],
			"to": [2.75, 1.5, 27.5],
			"rotation": {"angle": 22.5, "axis": "x", "origin": [1, 0.75, 24.5]},
			"faces": {
				"north": {"uv": [0, 12, 4, 16], "rotation": 180, "texture": "#2"},
				"east": {"uv": [0, 9, 4, 11], "rotation": 180, "texture": "#2"},
				"south": {"uv": [0, 12, 4, 16], "rotation": 180, "texture": "#2"},
				"west": {"uv": [0, 9, 4, 11], "rotation": 180, "texture": "#2"},
				"up": {"uv": [0, 12, 4, 16], "texture": "#2"},
				"down": {"uv": [0, 12, 4, 16], "texture": "#2"}
			}
		},
		{
			"from": [-0.75, -2.25, 23.75],
			"to": [2.75, 3.75, 25.25],
			"rotation": {"angle": 22.5, "axis": "x", "origin": [1, 0.75, 24.5]},
			"faces": {
				"north": {"uv": [0, 12, 4, 16], "rotation": 180, "texture": "#2"},
				"east": {"uv": [0, 9, 4, 11], "rotation": 270, "texture": "#2"},
				"south": {"uv": [0, 12, 4, 16], "texture": "#2"},
				"west": {"uv": [0, 9, 4, 11], "rotation": 90, "texture": "#2"},
				"up": {"uv": [0, 12, 4, 16], "rotation": 180, "texture": "#2"},
				"down": {"uv": [0, 12, 4, 16], "texture": "#2"}
			}
		},
		{
			"from": [-0.75, 0, 21.5],
			"to": [2.75, 1.5, 27.5],
			"rotation": {"angle": 45, "axis": "x", "origin": [1, 0.75, 24.5]},
			"faces": {
				"north": {"uv": [0, 12, 4, 16], "rotation": 180, "texture": "#2"},
				"east": {"uv": [0, 9, 4, 11], "rotation": 180, "texture": "#2"},
				"south": {"uv": [0, 12, 4, 16], "rotation": 180, "texture": "#2"},
				"west": {"uv": [0, 9, 4, 11], "rotation": 180, "texture": "#2"},
				"up": {"uv": [0, 12, 4, 16], "texture": "#2"},
				"down": {"uv": [0, 12, 4, 16], "texture": "#2"}
			}
		},
		{
			"from": [-0.75, -2.25, 23.75],
			"to": [2.75, 3.75, 25.25],
			"rotation": {"angle": 45, "axis": "x", "origin": [1, 0.75, 24.5]},
			"faces": {
				"north": {"uv": [0, 12, 4, 16], "rotation": 180, "texture": "#2"},
				"east": {"uv": [0, 9, 4, 11], "rotation": 270, "texture": "#2"},
				"south": {"uv": [0, 12, 4, 16], "texture": "#2"},
				"west": {"uv": [0, 9, 4, 11], "rotation": 90, "texture": "#2"},
				"up": {"uv": [0, 12, 4, 16], "rotation": 180, "texture": "#2"},
				"down": {"uv": [0, 12, 4, 16], "texture": "#2"}
			}
		},
		{
			"from": [-0.75, 0, 21.5],
			"to": [2.75, 1.5, 27.5],
			"rotation": {"angle": -22.5, "axis": "x", "origin": [1, 0.75, 24.5]},
			"faces": {
				"north": {"uv": [0, 12, 4, 16], "rotation": 180, "texture": "#2"},
				"east": {"uv": [0, 9, 4, 11], "rotation": 180, "texture": "#2"},
				"south": {"uv": [0, 12, 4, 16], "rotation": 180, "texture": "#2"},
				"west": {"uv": [0, 9, 4, 11], "rotation": 180, "texture": "#2"},
				"up": {"uv": [0, 12, 4, 16], "texture": "#2"},
				"down": {"uv": [0, 12, 4, 16], "texture": "#2"}
			}
		},
		{
			"from": [-0.75, 0, 21.5],
			"to": [2.75, 1.5, 27.5],
			"faces": {
				"north": {"uv": [0, 12, 4, 16], "rotation": 180, "texture": "#2"},
				"east": {"uv": [0, 9, 4, 11], "rotation": 180, "texture": "#2"},
				"south": {"uv": [0, 12, 4, 16], "rotation": 180, "texture": "#2"},
				"west": {"uv": [0, 9, 4, 11], "rotation": 180, "texture": "#2"},
				"up": {"uv": [0, 12, 4, 16], "texture": "#2"},
				"down": {"uv": [0, 12, 4, 16], "texture": "#2"}
			}
		},
		{
			"from": [-0.75, -2.25, 23.75],
			"to": [2.75, 3.75, 25.25],
			"rotation": {"angle": -22.5, "axis": "x", "origin": [1, 0.75, 24.5]},
			"faces": {
				"north": {"uv": [0, 12, 4, 16], "rotation": 180, "texture": "#2"},
				"east": {"uv": [0, 9, 4, 11], "rotation": 90, "texture": "#2"},
				"south": {"uv": [0, 12, 4, 16], "texture": "#2"},
				"west": {"uv": [0, 9, 4, 11], "rotation": 270, "texture": "#2"},
				"up": {"uv": [0, 12, 4, 16], "texture": "#2"},
				"down": {"uv": [0, 12, 4, 16], "rotation": 180, "texture": "#2"}
			}
		},
		{
			"from": [13.25, -2.25, -10.25],
			"to": [16.75, 3.75, -8.75],
			"faces": {
				"north": {"uv": [0, 12, 4, 16], "rotation": 180, "texture": "#2"},
				"east": {"uv": [0, 9, 4, 11], "rotation": 270, "texture": "#2"},
				"south": {"uv": [0, 12, 4, 16], "texture": "#2"},
				"west": {"uv": [0, 9, 4, 11], "rotation": 90, "texture": "#2"},
				"up": {"uv": [0, 12, 4, 16], "rotation": 180, "texture": "#2"},
				"down": {"uv": [0, 12, 4, 16], "texture": "#2"}
			}
		},
		{
			"from": [13.25, 0, -12.5],
			"to": [16.75, 1.5, -6.5],
			"rotation": {"angle": 22.5, "axis": "x", "origin": [15, 0.75, -9.5]},
			"faces": {
				"north": {"uv": [0, 12, 4, 16], "rotation": 180, "texture": "#2"},
				"east": {"uv": [0, 9, 4, 11], "rotation": 180, "texture": "#2"},
				"south": {"uv": [0, 12, 4, 16], "rotation": 180, "texture": "#2"},
				"west": {"uv": [0, 9, 4, 11], "rotation": 180, "texture": "#2"},
				"up": {"uv": [0, 12, 4, 16], "texture": "#2"},
				"down": {"uv": [0, 12, 4, 16], "texture": "#2"}
			}
		},
		{
			"from": [13.25, -2.25, -10.25],
			"to": [16.75, 3.75, -8.75],
			"rotation": {"angle": 22.5, "axis": "x", "origin": [15, 0.75, -9.5]},
			"faces": {
				"north": {"uv": [0, 12, 4, 16], "rotation": 180, "texture": "#2"},
				"east": {"uv": [0, 9, 4, 11], "rotation": 270, "texture": "#2"},
				"south": {"uv": [0, 12, 4, 16], "texture": "#2"},
				"west": {"uv": [0, 9, 4, 11], "rotation": 90, "texture": "#2"},
				"up": {"uv": [0, 12, 4, 16], "rotation": 180, "texture": "#2"},
				"down": {"uv": [0, 12, 4, 16], "texture": "#2"}
			}
		},
		{
			"from": [13.25, 0, -12.5],
			"to": [16.75, 1.5, -6.5],
			"rotation": {"angle": 45, "axis": "x", "origin": [15, 0.75, -9.5]},
			"faces": {
				"north": {"uv": [0, 12, 4, 16], "rotation": 180, "texture": "#2"},
				"east": {"uv": [0, 9, 4, 11], "rotation": 180, "texture": "#2"},
				"south": {"uv": [0, 12, 4, 16], "rotation": 180, "texture": "#2"},
				"west": {"uv": [0, 9, 4, 11], "rotation": 180, "texture": "#2"},
				"up": {"uv": [0, 12, 4, 16], "texture": "#2"},
				"down": {"uv": [0, 12, 4, 16], "texture": "#2"}
			}
		},
		{
			"from": [13.25, -2.25, -10.25],
			"to": [16.75, 3.75, -8.75],
			"rotation": {"angle": 45, "axis": "x", "origin": [15, 0.75, -9.5]},
			"faces": {
				"north": {"uv": [0, 12, 4, 16], "rotation": 180, "texture": "#2"},
				"east": {"uv": [0, 9, 4, 11], "rotation": 270, "texture": "#2"},
				"south": {"uv": [0, 12, 4, 16], "texture": "#2"},
				"west": {"uv": [0, 9, 4, 11], "rotation": 90, "texture": "#2"},
				"up": {"uv": [0, 12, 4, 16], "rotation": 180, "texture": "#2"},
				"down": {"uv": [0, 12, 4, 16], "texture": "#2"}
			}
		},
		{
			"from": [13.25, 0, -12.5],
			"to": [16.75, 1.5, -6.5],
			"rotation": {"angle": -22.5, "axis": "x", "origin": [15, 0.75, -9.5]},
			"faces": {
				"north": {"uv": [0, 12, 4, 16], "rotation": 180, "texture": "#2"},
				"east": {"uv": [0, 9, 4, 11], "rotation": 180, "texture": "#2"},
				"south": {"uv": [0, 12, 4, 16], "rotation": 180, "texture": "#2"},
				"west": {"uv": [0, 9, 4, 11], "rotation": 180, "texture": "#2"},
				"up": {"uv": [0, 12, 4, 16], "texture": "#2"},
				"down": {"uv": [0, 12, 4, 16], "texture": "#2"}
			}
		},
		{
			"from": [13.25, 0, -12.5],
			"to": [16.75, 1.5, -6.5],
			"faces": {
				"north": {"uv": [0, 12, 4, 16], "rotation": 180, "texture": "#2"},
				"east": {"uv": [0, 9, 4, 11], "rotation": 180, "texture": "#2"},
				"south": {"uv": [0, 12, 4, 16], "rotation": 180, "texture": "#2"},
				"west": {"uv": [0, 9, 4, 11], "rotation": 180, "texture": "#2"},
				"up": {"uv": [0, 12, 4, 16], "texture": "#2"},
				"down": {"uv": [0, 12, 4, 16], "texture": "#2"}
			}
		},
		{
			"from": [13.25, -2.25, -10.25],
			"to": [16.75, 3.75, -8.75],
			"rotation": {"angle": -22.5, "axis": "x", "origin": [15, 0.75, -9.5]},
			"faces": {
				"north": {"uv": [0, 12, 4, 16], "rotation": 180, "texture": "#2"},
				"east": {"uv": [0, 9, 4, 11], "rotation": 90, "texture": "#2"},
				"south": {"uv": [0, 12, 4, 16], "texture": "#2"},
				"west": {"uv": [0, 9, 4, 11], "rotation": 270, "texture": "#2"},
				"up": {"uv": [0, 12, 4, 16], "texture": "#2"},
				"down": {"uv": [0, 12, 4, 16], "rotation": 180, "texture": "#2"}
			}
		},
		{
			"from": [-0.75, -2.25, -10.25],
			"to": [2.75, 3.75, -8.75],
			"faces": {
				"north": {"uv": [0, 12, 4, 16], "rotation": 180, "texture": "#2"},
				"east": {"uv": [0, 9, 4, 11], "rotation": 270, "texture": "#2"},
				"south": {"uv": [0, 12, 4, 16], "texture": "#2"},
				"west": {"uv": [0, 9, 4, 11], "rotation": 90, "texture": "#2"},
				"up": {"uv": [0, 12, 4, 16], "rotation": 180, "texture": "#2"},
				"down": {"uv": [0, 12, 4, 16], "texture": "#2"}
			}
		},
		{
			"from": [-0.75, 0, -12.5],
			"to": [2.75, 1.5, -6.5],
			"rotation": {"angle": 22.5, "axis": "x", "origin": [1, 0.75, -9.5]},
			"faces": {
				"north": {"uv": [0, 12, 4, 16], "rotation": 180, "texture": "#2"},
				"east": {"uv": [0, 9, 4, 11], "rotation": 180, "texture": "#2"},
				"south": {"uv": [0, 12, 4, 16], "rotation": 180, "texture": "#2"},
				"west": {"uv": [0, 9, 4, 11], "rotation": 180, "texture": "#2"},
				"up": {"uv": [0, 12, 4, 16], "texture": "#2"},
				"down": {"uv": [0, 12, 4, 16], "texture": "#2"}
			}
		},
		{
			"from": [-0.75, -2.25, -10.25],
			"to": [2.75, 3.75, -8.75],
			"rotation": {"angle": 22.5, "axis": "x", "origin": [1, 0.75, -9.5]},
			"faces": {
				"north": {"uv": [0, 12, 4, 16], "rotation": 180, "texture": "#2"},
				"east": {"uv": [0, 9, 4, 11], "rotation": 270, "texture": "#2"},
				"south": {"uv": [0, 12, 4, 16], "texture": "#2"},
				"west": {"uv": [0, 9, 4, 11], "rotation": 90, "texture": "#2"},
				"up": {"uv": [0, 12, 4, 16], "rotation": 180, "texture": "#2"},
				"down": {"uv": [0, 12, 4, 16], "texture": "#2"}
			}
		},
		{
			"from": [-0.75, 0, -12.5],
			"to": [2.75, 1.5, -6.5],
			"rotation": {"angle": 45, "axis": "x", "origin": [1, 0.75, -9.5]},
			"faces": {
				"north": {"uv": [0, 12, 4, 16], "rotation": 180, "texture": "#2"},
				"east": {"uv": [0, 9, 4, 11], "rotation": 180, "texture": "#2"},
				"south": {"uv": [0, 12, 4, 16], "rotation": 180, "texture": "#2"},
				"west": {"uv": [0, 9, 4, 11], "rotation": 180, "texture": "#2"},
				"up": {"uv": [0, 12, 4, 16], "texture": "#2"},
				"down": {"uv": [0, 12, 4, 16], "texture": "#2"}
			}
		},
		{
			"from": [-0.75, -2.25, -10.25],
			"to": [2.75, 3.75, -8.75],
			"rotation": {"angle": 45, "axis": "x", "origin": [1, 0.75, -9.5]},
			"faces": {
				"north": {"uv": [0, 12, 4, 16], "rotation": 180, "texture": "#2"},
				"east": {"uv": [0, 9, 4, 11], "rotation": 270, "texture": "#2"},
				"south": {"uv": [0, 12, 4, 16], "texture": "#2"},
				"west": {"uv": [0, 9, 4, 11], "rotation": 90, "texture": "#2"},
				"up": {"uv": [0, 12, 4, 16], "rotation": 180, "texture": "#2"},
				"down": {"uv": [0, 12, 4, 16], "texture": "#2"}
			}
		},
		{
			"from": [-0.75, 0, -12.5],
			"to": [2.75, 1.5, -6.5],
			"rotation": {"angle": -22.5, "axis": "x", "origin": [1, 0.75, -9.5]},
			"faces": {
				"north": {"uv": [0, 12, 4, 16], "rotation": 180, "texture": "#2"},
				"east": {"uv": [0, 9, 4, 11], "rotation": 180, "texture": "#2"},
				"south": {"uv": [0, 12, 4, 16], "rotation": 180, "texture": "#2"},
				"west": {"uv": [0, 9, 4, 11], "rotation": 180, "texture": "#2"},
				"up": {"uv": [0, 12, 4, 16], "texture": "#2"},
				"down": {"uv": [0, 12, 4, 16], "texture": "#2"}
			}
		},
		{
			"from": [-0.75, 0, -12.5],
			"to": [2.75, 1.5, -6.5],
			"faces": {
				"north": {"uv": [0, 12, 4, 16], "rotation": 180, "texture": "#2"},
				"east": {"uv": [0, 9, 4, 11], "rotation": 180, "texture": "#2"},
				"south": {"uv": [0, 12, 4, 16], "rotation": 180, "texture": "#2"},
				"west": {"uv": [0, 9, 4, 11], "rotation": 180, "texture": "#2"},
				"up": {"uv": [0, 12, 4, 16], "texture": "#2"},
				"down": {"uv": [0, 12, 4, 16], "texture": "#2"}
			}
		},
		{
			"from": [-0.75, -2.25, -10.25],
			"to": [2.75, 3.75, -8.75],
			"rotation": {"angle": -22.5, "axis": "x", "origin": [1, 0.75, -9.5]},
			"faces": {
				"north": {"uv": [0, 12, 4, 16], "rotation": 180, "texture": "#2"},
				"east": {"uv": [0, 9, 4, 11], "rotation": 90, "texture": "#2"},
				"south": {"uv": [0, 12, 4, 16], "texture": "#2"},
				"west": {"uv": [0, 9, 4, 11], "rotation": 270, "texture": "#2"},
				"up": {"uv": [0, 12, 4, 16], "texture": "#2"},
				"down": {"uv": [0, 12, 4, 16], "rotation": 180, "texture": "#2"}
			}
		}
	],
	"display": {
		"gui": {
			"rotation": [22, 57, 0],
			"scale": [0.3, 0.3, 0.3]
		},
		"head": {
			"translation": [15.5, 11, 19],
			"scale": [4, 4, 4]
		}
	},
	"groups": [0, 1, 2, 3, 4, 5, 6, 7, 8, 9, 10, 11, 12, 13, 14, 15, 16, 17, 18, 19, 20, 21, 22, 23, 24, 25, 26, 27, 28, 29, 30, 31,
		{
			"name": "chair",
			"origin": [8, 8, 8],
			"children": [32, 33]
		},
		{
			"name": "chair",
			"origin": [8, 8, 8],
			"children": [34, 35]
		},
		{
			"name": "steeringwheel",
			"origin": [8, 8, 8],
			"children": [36, 37, 38, 39, 40, 41, 42, 43, 44, 45]
		}, 46, 47, 48,
		{
			"name": "group",
			"origin": [8, 8, 8],
			"children": [49, 50, 51, 52, 53, 54, 55, 56]
		},
		{
			"name": "group",
			"origin": [8, 8, 8],
			"children": [57, 58, 59, 60, 61, 62, 63, 64]
		},
		{
			"name": "group",
			"origin": [8, 8, 8],
			"children": [65, 66, 67, 68, 69, 70, 71, 72]
		},
		{
			"name": "group",
			"origin": [8, 8, 8],
			"children": [73, 74, 75, 76, 77, 78, 79, 80]
		}
	]
}